Waste type,Initial pH,Initial carbon to nitrogen,Initial moisture content (%),Compost time (day),pH,Temperature (℃),Moisture content (%),EC（ms/cm-1）,Ammonia氨mg/kg,Nitrate硝酸盐mg/kg,总氮(%),总有机碳变化(%),有机质含量变化(%),C/N,GI (%),NH4+-N (g/Kg),NO3--N (g/Kg),CO2 (g/Kg),CH4 (g/Kg),N2O (g/Kg),NH3 (g/Kg),segment,Temperature_corr,Moisture_corr,pH_corr,batch_id
sludge waste composting,8.01378,10.054,53.668,0.0,29.772,53.668,8.01378,3.9202,42.27,828.65,2.464,24.773056,44.848,10.054,48.778,,,,,,,Segment A: calibrated,29.772,53.668,8.01378,sludge waste composting|8.014|10.054|53.668
sludge waste composting,8.01378,10.054,53.668,2.0,43.537,50.151,7.35213,4.2153,207.22,291.85,2.226,18.139674,44.47,8.149,31.122,,,,,,,Segment A: calibrated,43.537,50.151,7.35213,sludge waste composting|8.014|10.054|53.668
sludge waste composting,8.01378,10.054,53.668,5.0,79.707,41.357,7.40226,4.0216,81.44,623.79,2.38,18.088,43.838,7.6,29.925,,,,,,,Segment A: calibrated,79.707,41.357,7.40226,sludge waste composting|8.014|10.054|53.668
sludge waste composting,8.01378,10.054,53.668,10.0,80.026,42.487,7.28697,2.966,171.13,756.51,2.338,19.496582,43.207,8.339,51.471,,,,,,,Segment A: calibrated,80.026,42.487,7.28697,sludge waste composting|8.014|10.054|53.668
sludge waste composting,8.01378,10.054,53.668,17.0,79.858,44.246,7.17168,2.7451,125.77,929.46,2.016,21.855456,44.217,10.841,53.267,,,,,,,Segment A: calibrated,79.858,44.246,7.17168,sludge waste composting|8.014|10.054|53.668
sludge waste composting,8.01378,10.054,53.668,24.0,75.114,35.327,7.04135,2.9229,339.18,503.94,2.226,23.197146,43.586,10.421,83.192,,,,,,,Segment A: calibrated,75.114,35.327,7.04135,sludge waste composting|8.014|10.054|53.668
sludge waste composting,8.01378,10.054,53.668,30.0,39.06,30.553,6.95614,3.0366,141.24,514.06,2.296,22.656928,40.808,9.868,97.257,,,,,,,Segment A: calibrated,39.06,30.553,6.95614,sludge waste composting|8.014|10.054|53.668
sludge waste composting,8.23935,9.171,58.693,0.0,26.209,58.693,8.23935,1.2854,68.04,398.96,2.387,21.891177,48.384,9.171,43.392,,,,,,,Segment A: calibrated,26.209,58.693,8.23935,sludge waste composting|8.239|9.171|58.693
sludge waste composting,8.23935,9.171,58.693,2.0,38.955,58.568,7.70802,1.2848,78.35,451.44,1.82,21.25942,46.111,11.681,17.955,,,,,,,Segment A: calibrated,38.955,58.568,7.70802,sludge waste composting|8.239|9.171|58.693
sludge waste composting,8.23935,9.171,58.693,5.0,38.995,56.181,7.67794,1.2838,296.91,415.08,2.051,20.464878,45.48,9.978,15.86,,,,,,,Segment A: calibrated,38.995,56.181,7.67794,sludge waste composting|8.239|9.171|58.693
sludge waste composting,8.23935,9.171,58.693,10.0,62.723,56.683,7.46742,1.6164,64.95,314.57,1.666,19.778752,42.449,11.872,18.554,,,,,,,Segment A: calibrated,62.723,56.683,7.46742,sludge waste composting|8.239|9.171|58.693
sludge waste composting,8.23935,9.171,58.693,17.0,61.284,45.754,7.2619,1.6783,67.01,395.45,1.295,18.35015,42.323,14.17,58.953,,,,,,,Segment A: calibrated,61.284,45.754,7.2619,sludge waste composting|8.239|9.171|58.693
sludge waste composting,8.23935,9.171,58.693,24.0,61.118,41.482,7.40226,1.7918,98.97,350.48,1.379,19.055022,43.207,13.818,65.536,,,,,,,Segment A: calibrated,61.118,41.482,7.40226,sludge waste composting|8.239|9.171|58.693
sludge waste composting,8.23935,9.171,58.693,30.0,52.288,37.337,7.39223,1.8542,56.7,320.7,0.973,19.913418,42.323,20.466,90.374,,,,,,,Segment A: calibrated,52.288,37.337,7.39223,sludge waste composting|8.239|9.171|58.693
sludge waste composting,8.23935,9.171,58.693,36.0,30.736,30.678,7.31203,1.7622,7.22,367.65,1.134,17.341128,43.081,15.292,93.067,,,,,,,Segment A: calibrated,30.736,30.678,7.31203,sludge waste composting|8.239|9.171|58.693
sludge waste composting,7.60917,19.8776,67.291,1.0,48.497,67.291,7.60917,0.17716,2033.8,328.7,2.04159,40.581909384,73.5878,19.8776,25.07,,,,,,,Segment A: calibrated,48.497,67.291,7.60917,sludge waste composting|7.609|19.878|67.291
sludge waste composting,7.60917,19.8776,67.291,3.0,65.129,66.023,7.77508,1.76472,5000.0,745.64,1.87693,38.085162016,72.7445,20.2912,27.811,,,,,,,Segment A: calibrated,65.129,66.023,7.77508,sludge waste composting|7.609|19.878|67.291
sludge waste composting,7.60917,19.8776,67.291,5.0,67.247,66.079,8.18173,1.03347,5000.0,572.01,1.84266,37.072845072,72.9219,20.1192,28.103,,,,,,,Segment A: calibrated,67.247,66.079,8.18173,sludge waste composting|7.609|19.878|67.291
sludge waste composting,7.60917,19.8776,67.291,7.0,57.086,64.389,8.32692,0.92256,5000.0,465.31,1.86055,36.47868752,71.8321,19.6064,16.93,,,,,,,Segment A: calibrated,57.086,64.389,8.32692,sludge waste composting|7.609|19.878|67.291
sludge waste composting,7.60917,19.8776,67.291,10.0,49.286,62.457,8.71041,1.32849,4512.1,526.03,1.89642,34.634887386,69.4406,18.2633,14.311,,,,,,,Segment A: calibrated,49.286,62.457,8.71041,sludge waste composting|7.609|19.878|67.291
sludge waste composting,7.60917,19.8776,67.291,13.0,44.215,60.224,8.58126,1.1769,4190.5,882.01,1.87613,33.666777624,69.2317,17.9448,16.13,,,,,,,Segment A: calibrated,44.215,60.224,8.58126,sludge waste composting|7.609|19.878|67.291
sludge waste composting,7.60917,19.8776,67.291,16.0,42.989,56.187,8.42107,1.64927,4573.7,796.6,1.90395,32.5842003,69.6912,17.114,21.92,,,,,,,Segment A: calibrated,42.989,56.187,8.42107,sludge waste composting|7.609|19.878|67.291
sludge waste composting,7.60917,19.8776,67.291,19.0,39.903,55.097,8.57671,1.43123,4232.0,851.2,1.96791,34.108406493,69.7991,17.3323,26.03,,,,,,,Segment A: calibrated,39.903,55.097,8.57671,sludge waste composting|7.609|19.878|67.291
sludge waste composting,7.60917,19.8776,67.291,24.0,35.711,51.897,8.46334,1.47515,4001.5,905.7,2.06582,34.842739866,68.6058,16.8663,45.112,,,,,,,Segment A: calibrated,35.711,51.897,8.46334,sludge waste composting|7.609|19.878|67.291
sludge waste composting,7.60917,19.8776,67.291,29.0,28.416,50.681,8.3137,1.61878,3549.5,941.91,2.12158,33.087313048,67.9405,15.5956,51.046,,,,,,,Segment A: calibrated,28.416,50.681,8.3137,sludge waste composting|7.609|19.878|67.291
sludge waste composting,7.60917,19.8776,67.291,34.0,28.938,49.947,8.23911,1.21595,2795.5,1017.71,2.13922,32.470364692,65.5507,15.1786,60.344,,,,,,,Segment A: calibrated,28.938,49.947,8.23911,sludge waste composting|7.609|19.878|67.291
sludge waste composting,7.60917,19.8776,67.291,41.0,30.461,47.946,7.89553,1.17852,2353.9,1123.84,2.18482,32.142634876,64.464,14.7118,75.591,,,,,,,Segment A: calibrated,30.461,47.946,7.89553,sludge waste composting|7.609|19.878|67.291
sludge waste composting,7.60917,19.8776,67.291,48.0,30.992,47.328,7.72279,1.01551,1751.3,1166.02,2.20031,31.182353258,63.7298,14.1718,82.887,,,,,,,Segment A: calibrated,30.992,47.328,7.72279,sludge waste composting|7.609|19.878|67.291
sludge waste composting,7.54704,21.0485,65.366,1.0,38.077,65.366,7.54704,0.40977,2104.2,362.2,1.9754,41.5792069,75.5239,21.0485,21.095,,,,,,,Segment A: calibrated,38.077,65.366,7.54704,sludge waste composting|7.547|21.048|65.366
sludge waste composting,7.54704,21.0485,65.366,3.0,56.57,64.398,7.63525,1.69825,4349.6,818.69,1.90702,37.765289166,76.5811,19.8033,24.14,,,,,,,Segment A: calibrated,56.57,64.398,7.63525,sludge waste composting|7.547|21.048|65.366
sludge waste composting,7.54704,21.0485,65.366,5.0,57.697,63.732,7.54747,2.2224,4148.7,565.93,1.92891,37.397514189,76.9348,19.3879,30.398,,,,,,,Segment A: calibrated,57.697,63.732,7.54747,sludge waste composting|7.547|21.048|65.366
sludge waste composting,7.54704,21.0485,65.366,7.0,68.871,62.705,7.98779,1.68318,5000.0,440.97,1.89065,36.469315045,75.8098,19.2893,20.6,,,,,,,Segment A: calibrated,68.871,62.705,7.98779,sludge waste composting|7.547|21.048|65.366
sludge waste composting,7.54704,21.0485,65.366,10.0,60.698,61.916,8.68972,1.06634,4411.5,775.65,1.83827,34.245867138,74.3686,18.6294,16.605,,,,,,,Segment A: calibrated,60.698,61.916,8.68972,sludge waste composting|7.547|21.048|65.366
sludge waste composting,7.54704,21.0485,65.366,13.0,49.053,56.796,8.47513,0.98489,3445.6,1015.95,1.96038,33.840275598,71.5197,17.2621,20.257,,,,,,,Segment A: calibrated,49.053,56.796,8.47513,sludge waste composting|7.547|21.048|65.366
sludge waste composting,7.54704,21.0485,65.366,16.0,44.85,52.338,8.5816,1.61237,4060.3,827.04,2.05243,34.875301046,71.6627,16.9922,21.003,,,,,,,Segment A: calibrated,44.85,52.338,8.5816,sludge waste composting|7.547|21.048|65.366
sludge waste composting,7.54704,21.0485,65.366,19.0,40.151,50.826,8.51199,1.2946,3758.9,887.73,2.06821,31.155308619,71.3126,15.0639,39.792,,,,,,,Segment A: calibrated,40.151,50.826,8.51199,sludge waste composting|7.547|21.048|65.366
sludge waste composting,7.54704,21.0485,65.366,24.0,44.766,48.889,8.4737,1.36806,3467.9,939.19,2.15008,31.491791744,69.8378,14.6468,58.11,,,,,,,Segment A: calibrated,44.766,48.889,8.4737,sludge waste composting|7.547|21.048|65.366
sludge waste composting,7.54704,21.0485,65.366,29.0,32.014,47.073,8.42762,1.45263,2864.9,1118.47,2.19984,31.732692,67.5533,14.425,75.205,,,,,,,Segment A: calibrated,32.014,47.073,8.42762,sludge waste composting|7.547|21.048|65.366
sludge waste composting,7.54704,21.0485,65.366,34.0,32.659,46.64,8.35306,1.01287,2322.3,1124.26,2.22351,30.170362488,66.4305,13.5688,82.82,,,,,,,Segment A: calibrated,32.659,46.64,8.35306,sludge waste composting|7.547|21.048|65.366
sludge waste composting,7.54704,21.0485,65.366,41.0,28.476,45.659,7.75829,1.27819,1830.4,1260.8,2.29716,28.864734264,65.0626,12.5654,85.987,,,,,,,Segment A: calibrated,28.476,45.659,7.75829,sludge waste composting|7.547|21.048|65.366
sludge waste composting,7.54704,21.0485,65.366,48.0,29.007,44.26,7.6477,1.05613,1560.0,1281.69,2.34274,28.34363989,64.5394,12.0985,86.098,,,,,,,Segment A: calibrated,29.007,44.26,7.6477,sludge waste composting|7.547|21.048|65.366
sludge waste composting,7.37099,22.219,63.441,1.0,36.093,63.441,7.37099,0.60547,1681.4,432.21,1.94529,43.22239851,77.5656,22.219,28.128,,,,,,,Segment A: calibrated,36.093,63.441,7.37099,sludge waste composting|7.371|22.219|63.441
sludge waste composting,7.37099,22.219,63.441,3.0,48.507,61.692,7.57313,1.59486,3846.3,739.54,1.78866,39.915021096,78.3413,22.3156,30.256,,,,,,,Segment A: calibrated,48.507,61.692,7.57313,sludge waste composting|7.371|22.219|63.441
sludge waste composting,7.37099,22.219,63.441,5.0,66.504,60.845,7.63031,1.76455,3786.2,468.5,1.76644,38.90054168,77.9907,22.022,33.608,,,,,,,Segment A: calibrated,66.504,60.845,7.63031,sludge waste composting|7.371|22.219|63.441
sludge waste composting,7.37099,22.219,63.441,7.0,65.149,61.021,7.50104,2.09302,4914.1,300.95,1.81441,37.653906407,77.0065,20.7527,21.822,,,,,,,Segment A: calibrated,65.149,61.021,7.50104,sludge waste composting|7.371|22.219|63.441
sludge waste composting,7.37099,22.219,63.441,10.0,62.187,57.885,8.48001,1.33587,3364.4,723.9,1.85229,36.539939601,76.1992,19.7269,19.357,,,,,,,Segment A: calibrated,62.187,57.885,8.48001,sludge waste composting|7.371|22.219|63.441
sludge waste composting,7.37099,22.219,63.441,13.0,52.03,55.653,8.28874,1.16581,3153.6,824.18,1.95638,36.58626238,72.8923,18.701,23.008,,,,,,,Segment A: calibrated,52.03,55.653,8.28874,sludge waste composting|7.371|22.219|63.441
sludge waste composting,7.37099,22.219,63.441,16.0,52.913,51.556,8.45732,1.70467,3677.7,750.93,2.01431,35.013542144,72.8594,17.3824,36.141,,,,,,,Segment A: calibrated,52.913,51.556,8.45732,sludge waste composting|7.371|22.219|63.441
sludge waste composting,7.37099,22.219,63.441,19.0,43.005,47.759,8.57154,1.36474,3295.8,808.59,2.09028,33.170235264,72.7558,15.8688,48.355,,,,,,,Segment A: calibrated,43.005,47.759,8.57154,sludge waste composting|7.371|22.219|63.441
sludge waste composting,7.37099,22.219,63.441,24.0,42.533,45.701,8.50218,1.23146,2561.9,945.27,2.24638,32.409198174,68.8171,14.4273,55.052,,,,,,,Segment A: calibrated,42.533,45.701,8.50218,sludge waste composting|7.371|22.219|63.441
sludge waste composting,7.37099,22.219,63.441,29.0,30.028,43.825,8.43795,1.3234,2331.4,1051.51,2.30415,32.338054005,69.1725,14.0347,63.278,,,,,,,Segment A: calibrated,30.028,43.825,8.43795,sludge waste composting|7.371|22.219|63.441
sludge waste composting,7.37099,22.219,63.441,34.0,32.411,40.685,8.3349,0.89473,2120.9,1179.05,2.36593,31.987610193,68.0849,13.5201,78.386,,,,,,,Segment A: calibrated,32.411,40.685,8.3349,sludge waste composting|7.371|22.219|63.441
sludge waste composting,7.37099,22.219,63.441,41.0,28.477,40.006,7.97319,1.17484,1649.2,1199.93,2.38741,29.067194232,66.1538,12.1752,84.304,,,,,,,Segment A: calibrated,28.477,40.006,7.97319,sludge waste composting|7.371|22.219|63.441
sludge waste composting,7.37099,22.219,63.441,48.0,28.139,38.726,7.66843,1.28876,1217.7,1376.07,2.43303,28.961572605,65.5955,11.9035,90.379,,,,,,,Segment A: calibrated,28.139,38.726,7.66843,sludge waste composting|7.371|22.219|63.441
sludge waste composting,7.55479,23.3166,61.456,1.0,32.868,61.456,7.55479,0.779,1812.3,474.84,1.96536,45.825512976,79.6776,23.3166,31.952,,,,,,,Segment A: calibrated,32.868,61.456,7.55479,sludge waste composting|7.555|23.317|61.456
sludge waste composting,7.55479,23.3166,61.456,3.0,37.591,59.887,7.63269,1.11853,2910.0,675.63,1.72447,41.174480402,79.3621,23.8766,33.163,,,,,,,Segment A: calibrated,37.591,59.887,7.63269,sludge waste composting|7.555|23.317|61.456
sludge waste composting,7.55479,23.3166,61.456,5.0,53.603,58.86,7.55781,1.13685,3272.9,705.93,1.70422,39.816373548,79.1523,23.3634,35.443,,,,,,,Segment A: calibrated,53.603,58.86,7.55781,sludge waste composting|7.555|23.317|61.456
sludge waste composting,7.55479,23.3166,61.456,7.0,57.334,56.93,7.99557,1.62041,3857.1,340.52,1.74017,38.956837756,79.6112,22.3868,22.739,,,,,,,Segment A: calibrated,57.334,56.93,7.99557,sludge waste composting|7.555|23.317|61.456
sludge waste composting,7.55479,23.3166,61.456,10.0,58.341,52.412,8.68454,1.5205,2941.6,696.5,1.77604,38.501172724,77.0086,21.6781,17.065,,,,,,,Segment A: calibrated,58.341,52.412,8.68454,sludge waste composting|7.555|23.317|61.456
sludge waste composting,7.55479,23.3166,61.456,13.0,50.913,47.112,8.46998,1.20644,2549.6,729.8,1.84803,37.038771669,76.3067,20.0423,25.303,,,,,,,Segment A: calibrated,50.913,47.112,8.46998,sludge waste composting|7.555|23.317|61.456
sludge waste composting,7.55479,23.3166,61.456,16.0,51.301,43.736,8.58939,1.77483,2983.1,699.18,1.93805,36.429719655,76.696,18.7971,33.847,,,,,,,Segment A: calibrated,51.301,43.736,8.58939,sludge waste composting|7.555|23.317|61.456
sludge waste composting,7.55479,23.3166,61.456,19.0,45.609,42.947,8.50424,1.45335,2732.1,738.58,2.01004,36.162026628,75.9237,17.9907,53.094,,,,,,,Segment A: calibrated,45.609,42.947,8.50424,sludge waste composting|7.555|23.317|61.456
sludge waste composting,7.55479,23.3166,61.456,24.0,43.401,42.453,8.46593,1.27576,2451.2,933.08,2.09792,34.565539712,73.5337,16.4761,66.674,,,,,,,Segment A: calibrated,43.401,42.453,8.46593,sludge waste composting|7.555|23.317|61.456
sludge waste composting,7.55479,23.3166,61.456,29.0,30.154,40.577,8.42243,1.30863,2130.0,1011.94,2.24796,33.303752196,71.2493,14.8151,72.3,,,,,,,Segment A: calibrated,30.154,40.577,8.42243,sludge waste composting|7.555|23.317|61.456
sludge waste composting,7.55479,23.3166,61.456,34.0,30.551,39.662,8.36081,1.05349,1557.2,1291.68,2.31175,32.834016425,68.9296,14.2031,75.633,,,,,,,Segment A: calibrated,30.551,39.662,8.36081,sludge waste composting|7.555|23.317|61.456
sludge waste composting,7.55479,23.3166,61.456,41.0,27.981,37.299,7.76347,0.96065,1478.0,1349.09,2.35334,31.809155444,68.3714,13.5166,88.741,,,,,,,Segment A: calibrated,27.981,37.299,7.76347,sludge waste composting|7.555|23.317|61.456
sludge waste composting,7.55479,23.3166,61.456,48.0,29.256,34.756,7.6503,1.0266,1308.3,1415.65,2.41296,30.370479744,66.7923,12.5864,92.366,,,,,,,Segment A: calibrated,29.256,34.756,7.6503,sludge waste composting|7.555|23.317|61.456
sludge waste composting,7.24082,8.2935,59.408,0.0,36.716,59.408,7.24082,2.2319,4835.6,1.9913,3.03061,25.1579,50.2395,8.2935,65.132,,,,,,,Segment A: calibrated,36.716,59.408,7.24082,sludge waste composting|7.241|8.294|59.408
sludge waste composting,7.24082,8.2935,59.408,3.0,86.44,55.464,7.57143,2.667,5000.0,5.4656,2.73852,22.0541,47.7525,8.1937,8.705,,,,,,,Segment A: calibrated,86.44,55.464,7.57143,sludge waste composting|7.241|8.294|59.408
sludge waste composting,7.24082,8.2935,59.408,6.0,86.44,50.666,8.05714,2.929,5000.0,4.2284,2.55867,19.6349,45.7126,7.8764,24.293,,,,,,,Segment A: calibrated,86.44,50.666,8.05714,sludge waste composting|7.241|8.294|59.408
sludge waste composting,7.24082,8.2935,59.408,12.0,73.111,44.358,8.11429,3.0229,5000.0,3.1725,2.60102,17.5329,44.7345,7.0028,51.727,,,,,,,Segment A: calibrated,73.111,44.358,8.11429,sludge waste composting|7.241|8.294|59.408
sludge waste composting,7.24082,8.2935,59.408,18.0,68.494,39.367,8.19592,3.3581,5000.0,1.3487,2.62297,16.9045,40.3752,6.7269,63.885,,,,,,,Segment A: calibrated,68.494,39.367,8.19592,sludge waste composting|7.241|8.294|59.408
sludge waste composting,7.24082,8.2935,59.408,24.0,29.926,40.625,8.13878,3.2622,5000.0,2.0499,2.69184,16.1974,40.1238,6.3315,96.93,,,,,,,Segment A: calibrated,29.926,40.625,8.13878,sludge waste composting|7.241|8.294|59.408
sludge waste composting,7.24082,8.2935,59.408,36.0,36.444,39.26,8.1551,3.4255,5000.0,2.372,2.71938,16.0197,39.7884,6.2472,101.607,,,,,,,Segment A: calibrated,36.444,39.26,8.1551,sludge waste composting|7.241|8.294|59.408
sludge waste composting,7.24082,8.2935,59.408,48.0,29.383,37.039,8.19184,3.4746,5000.0,3.2799,2.67553,15.8684,39.5928,6.2391,102.542,,,,,,,Segment A: calibrated,29.383,37.039,8.19184,sludge waste composting|7.241|8.294|59.408
sludge waste composting,7.3102,8.4565,58.289,0.0,34.543,58.289,7.3102,2.2826,4532.6,1.8742,2.98571,25.1578,50.519,8.4565,60.456,,,,,,,Segment A: calibrated,34.543,58.289,7.3102,sludge waste composting|7.31|8.456|58.289
sludge waste composting,7.3102,8.4565,58.289,3.0,47.037,56.452,7.61224,2.5612,5000.0,2.3289,2.8079,23.5805,49.1218,8.4872,27.41,,,,,,,Segment A: calibrated,47.037,56.452,7.61224,sludge waste composting|7.31|8.456|58.289
sludge waste composting,7.3102,8.4565,58.289,6.0,48.99,55.074,7.95102,2.9095,5000.0,4.1893,2.48114,22.3192,46.6627,9.1589,1.847,,,,,,,Segment A: calibrated,48.99,55.074,7.95102,sludge waste composting|7.31|8.456|58.289
sludge waste composting,7.3102,8.4565,58.289,12.0,43.235,52.648,8.20408,2.6932,5000.0,4.3438,2.4092,21.9275,46.5509,9.2853,0.911,,,,,,,Segment A: calibrated,43.235,52.648,8.20408,sludge waste composting|7.31|8.456|58.289
sludge waste composting,7.3102,8.4565,58.289,18.0,55.457,49.893,8.54694,2.9016,5000.0,3.7825,2.47399,19.8519,44.008,8.216,6.835,,,,,,,Segment A: calibrated,55.457,49.893,8.54694,sludge waste composting|7.31|8.456|58.289
sludge waste composting,7.3102,8.4565,58.289,24.0,51.383,48.125,8.62449,2.8311,5000.0,3.833,2.48163,18.6184,43.3373,7.7771,47.674,,,,,,,Segment A: calibrated,51.383,48.125,8.62449,sludge waste composting|7.31|8.456|58.289
sludge waste composting,7.3102,8.4565,58.289,36.0,47.58,47.484,8.54694,2.8232,5000.0,3.7256,2.44389,18.0459,43.0579,7.6385,47.362,,,,,,,Segment A: calibrated,47.58,47.484,8.54694,sludge waste composting|7.31|8.456|58.289
sludge waste composting,7.3102,8.4565,58.289,48.0,43.778,41.776,8.32653,3.1703,5000.0,4.3471,2.38979,17.5263,42.4711,7.5543,65.444,,,,,,,Segment A: calibrated,43.778,41.776,8.32653,sludge waste composting|7.31|8.456|58.289
sludge waste composting,7.7459,14.3536,69.885,1.0,36.681,69.885,7.7459,2.0513,3186.0,149.03,3.4,52.0,63.3287,14.3536,42.4018,,,,,,,Segment A: calibrated,36.681,69.885,7.7459,sludge waste composting|7.746|14.354|69.885
sludge waste composting,7.7459,14.3536,69.885,2.0,43.064,68.757,8.2418,1.9956,3785.2,221.63,3.261,43.2239028,61.5012,13.2548,34.2779,,,,,,,Segment A: calibrated,43.064,68.757,8.2418,sludge waste composting|7.746|14.354|69.885
sludge waste composting,7.7459,14.3536,69.885,3.0,60.809,70.931,8.2418,3.70159999999999,5000.0,488.8,2.9107,37.49883917,59.6364,12.8831,34.9305,,,,,,,Segment A: calibrated,60.809,70.931,8.2418,sludge waste composting|7.746|14.354|69.885
sludge waste composting,7.7459,14.3536,69.885,4.0,54.298,70.112,8.3169,3.34549999999999,5000.0,586.23,2.3431,29.27750312,58.2937,12.4952,27.8116,,,,,,,Segment A: calibrated,54.298,70.112,8.3169,sludge waste composting|7.746|14.354|69.885
sludge waste composting,7.7459,14.3536,69.885,5.0,53.277,63.514,8.5724,3.00029999999999,5000.0,236.53,2.4698,30.74110664,57.7343,12.4468,29.3601,,,,,,,Segment A: calibrated,53.277,63.514,8.5724,sludge waste composting|7.746|14.354|69.885
sludge waste composting,7.7459,14.3536,69.885,6.0,49.957,58.979,9.3989,2.4584,5000.0,261.5,2.2388,28.22768592,56.2797,12.6084,28.9334,,,,,,,Segment A: calibrated,49.957,58.979,9.3989,sludge waste composting|7.746|14.354|69.885
sludge waste composting,7.7459,14.3536,69.885,7.0,49.319,61.05,9.3538,2.3654,5000.0,218.18,2.1551,26.30170244,55.9441,12.2044,24.6108,,,,,,,Segment A: calibrated,49.319,61.05,9.3538,sludge waste composting|7.746|14.354|69.885
sludge waste composting,7.7459,14.3536,69.885,8.0,46.766,60.954,9.3689,2.428,5000.0,137.57,2.1977,26.04032753,55.9441,11.8489,31.4619,,,,,,,Segment A: calibrated,46.766,60.954,9.3689,sludge waste composting|7.746|14.354|69.885
sludge waste composting,7.7459,14.3536,69.885,9.0,43.83,57.555,9.4139,2.4414,5000.0,162.56,2.0579,23.08675694,54.4522,11.2186,29.172,,,,,,,Segment A: calibrated,43.83,57.555,9.4139,sludge waste composting|7.746|14.354|69.885
sludge waste composting,7.7459,14.3536,69.885,10.0,40.0,56.943,9.3839,2.2605,5000.0,160.63,2.2267,25.34029134,54.2657,11.3802,33.6932,,,,,,,Segment A: calibrated,40.0,56.943,9.3839,sludge waste composting|7.746|14.354|69.885
sludge waste composting,7.7459,14.3536,69.885,11.0,37.191,53.75,9.2486,2.3618,5000.0,90.38,2.1991,24.59979233,54.0793,11.1863,38.5208,,,,,,,Segment A: calibrated,37.191,53.75,9.2486,sludge waste composting|7.746|14.354|69.885
sludge waste composting,7.7459,14.3536,69.885,12.0,34.766,52.312,9.2637,2.3954,5000.0,125.71,2.1925,24.38432725,54.3776,11.1217,42.032,,,,,,,Segment A: calibrated,34.766,52.312,9.2637,sludge waste composting|7.746|14.354|69.885
sludge waste composting,7.7459,14.3536,69.885,13.0,33.489,51.493,9.2186,2.4508,5000.0,150.69,2.2,22.72556,54.1538,10.3298,40.689,,,,,,,Segment A: calibrated,33.489,51.493,9.2186,sludge waste composting|7.746|14.354|69.885
sludge waste composting,7.7459,14.3536,69.885,14.0,31.702,50.984,9.2486,2.4027,5000.0,154.97,2.2425,22.36736775,53.7063,9.9743,42.6062,,,,,,,Segment A: calibrated,31.702,50.984,9.2486,sludge waste composting|7.746|14.354|69.885
sludge waste composting,7.7459,14.3536,69.885,15.0,20.979,50.062,9.0833,2.6595,5000.0,101.3,2.1378,19.59571614,53.296,9.1663,41.8315,,,,,,,Segment A: calibrated,20.979,50.062,9.0833,sludge waste composting|7.746|14.354|69.885
sludge waste composting,7.7459,14.3536,69.885,16.0,17.787,48.933,8.918,2.5723,4594.7,80.73,2.2855,20.7651388,53.3333,9.0856,56.4763,,,,,,,Segment A: calibrated,17.787,48.933,8.918,sludge waste composting|7.746|14.354|69.885
sludge waste composting,5.65,12.9962,69.782,1.0,37.191,69.782,5.65,4.1737,3219.4,153.48,3.4,50.85153136,63.3287,12.9962,37.045,,,,,,,Segment A: calibrated,37.191,69.782,5.65,sludge waste composting|5.65|12.996|69.782
sludge waste composting,5.65,12.9962,69.782,2.0,36.936,64.628,6.8443,2.6798,3221.5,178.49,3.4,39.50522628,61.2401,11.3802,37.5158,,,,,,,Segment A: calibrated,36.936,64.628,6.8443,sludge waste composting|5.65|12.996|69.782
sludge waste composting,5.65,12.9962,69.782,3.0,54.426,66.183,8.1516,3.59759999999999,4062.4,421.85,3.037,33.1385292,59.3753,10.9116,31.6562,,,,,,,Segment A: calibrated,54.426,66.183,8.1516,sludge waste composting|5.65|12.996|69.782
sludge waste composting,5.65,12.9962,69.782,4.0,52.638,65.364,5.9727,4.0038,5000.0,438.92,3.0445,33.31870355,59.3007,10.9439,32.6258,,,,,,,Segment A: calibrated,52.638,65.364,5.9727,sludge waste composting|5.65|12.996|69.782
sludge waste composting,5.65,12.9962,69.782,5.0,52.894,58.25,7.3702,3.2347,5000.0,187.02,2.4978,27.21453012,58.9277,10.8954,40.3464,,,,,,,Segment A: calibrated,52.894,58.25,7.3702,sludge waste composting|5.65|12.996|69.782
sludge waste composting,5.65,12.9962,69.782,6.0,52.128,60.115,6.8893,3.731,5000.0,219.96,2.4001,24.48246006,58.4056,10.2006,41.1162,,,,,,,Segment A: calibrated,52.128,60.115,6.8893,sludge waste composting|5.65|12.996|69.782
sludge waste composting,5.65,12.9962,69.782,7.0,47.021,55.374,6.8292,3.2467,5000.0,134.18,2.4778,25.99559092,57.3613,10.4914,43.141,,,,,,,Segment A: calibrated,47.021,55.374,6.8292,sludge waste composting|5.65|12.996|69.782
sludge waste composting,5.65,12.9962,69.782,8.0,45.617,54.245,7.2049,2.8631,5000.0,95.9,2.5834,25.14139046,56.6527,9.7319,43.0734,,,,,,,Segment A: calibrated,45.617,54.245,7.2049,sludge waste composting|5.65|12.996|69.782
sludge waste composting,5.65,12.9962,69.782,9.0,43.702,55.181,7.25,3.0109,5000.0,144.63,2.7172,25.74112248,56.3543,9.4734,41.5071,,,,,,,Segment A: calibrated,43.702,55.181,7.25,sludge waste composting|5.65|12.996|69.782
sludge waste composting,5.65,12.9962,69.782,10.0,41.021,50.233,6.9495,3.29059999999999,5000.0,174.38,2.5423,23.87880698,56.6154,9.3926,41.3325,,,,,,,Segment A: calibrated,41.021,50.233,6.9495,sludge waste composting|5.65|12.996|69.782
sludge waste composting,5.65,12.9962,69.782,11.0,38.085,49.105,7.4454,3.0536,5000.0,101.28,2.2622,20.0781561,56.8392,8.8755,59.436,,,,,,,Segment A: calibrated,38.085,49.105,7.4454,sludge waste composting|5.65|12.996|69.782
sludge waste composting,5.65,12.9962,69.782,12.0,34.894,48.699,7.3552,3.01449999999999,5000.0,134.17,2.9711,27.47405881,56.3543,9.2471,66.6673,,,,,,,Segment A: calibrated,34.894,48.699,7.3552,sludge waste composting|5.65|12.996|69.782
sludge waste composting,5.65,12.9962,69.782,13.0,33.362,44.475,7.0246,3.0814,5000.0,146.52,2.4876,23.12373456,56.3543,9.2956,86.1618,,,,,,,Segment A: calibrated,33.362,44.475,7.0246,sludge waste composting|5.65|12.996|69.782
sludge waste composting,5.65,12.9962,69.782,14.0,32.213,44.481,6.6639,3.2871,5000.0,150.96,2.6353,22.70811657,54.9371,8.6169,85.3745,,,,,,,Segment A: calibrated,32.213,44.481,6.6639,sludge waste composting|5.65|12.996|69.782
sludge waste composting,5.65,12.9962,69.782,15.0,20.979,41.908,6.5287,3.05579999999999,5000.0,112.67,2.7551,23.29519703,55.049,8.4553,90.9244,,,,,,,Segment A: calibrated,20.979,41.908,6.5287,sludge waste composting|5.65|12.996|69.782
sludge waste composting,5.65,12.9962,69.782,16.0,19.574,41.709,6.0929,3.1363,5000.0,82.29,2.7275,21.695626,54.5641,7.9544,90.5802,,,,,,,Segment A: calibrated,19.574,41.709,6.0929,sludge waste composting|5.65|12.996|69.782
sludge waste composting,7.25,13.6264,69.782,1.0,25.319,69.782,7.25,2.2977,3272.90909090909,148.09,3.4,51.97926544,63.3287,13.6264,38.551,,,,,,,Segment A: calibrated,25.319,69.782,7.25,sludge waste composting|7.25|13.626|69.782
sludge waste composting,7.25,13.6264,69.782,2.0,39.745,66.589,6.5738,3.1135,4236.36363636364,205.5,2.6718,34.29148428,62.993,12.8346,30.4552,,,,,,,Segment A: calibrated,39.745,66.589,6.5738,sludge waste composting|7.25|13.626|69.782
sludge waste composting,7.25,13.6264,69.782,3.0,62.851,70.208,6.8142,4.72879999999999,5000.0,396.61,2.6091,32.51695239,61.8741,12.4629,29.685,,,,,,,Segment A: calibrated,62.851,70.208,6.8142,sludge waste composting|7.25|13.626|69.782
sludge waste composting,7.25,13.6264,69.782,4.0,57.106,65.158,7.3251,3.67129999999999,5000.0,413.77,2.6166,28.84723002,59.8601,11.0247,28.7731,,,,,,,Segment A: calibrated,57.106,65.158,7.3251,sludge waste composting|7.25|13.626|69.782
sludge waste composting,7.25,13.6264,69.782,5.0,53.915,59.901,7.8511,3.78209999999999,5000.0,219.58,2.7644,32.04022532,59.1142,11.5903,34.777,,,,,,,Segment A: calibrated,53.915,59.901,7.8511,sludge waste composting|7.25|13.626|69.782
sludge waste composting,7.25,13.6264,69.782,6.0,52.383,55.676,8.5874,2.8225,5000.0,226.68,2.7368,29.24380272,57.1375,10.6854,30.5923,,,,,,,Segment A: calibrated,52.383,55.676,8.5874,sludge waste composting|7.25|13.626|69.782
sludge waste composting,7.25,13.6264,69.782,7.0,52.894,55.064,9.1434,2.5402,5000.0,78.5,2.3936,24.57078272,56.6527,10.2652,34.8299,,,,,,,Segment A: calibrated,52.894,55.064,9.1434,sludge waste composting|7.25|13.626|69.782
sludge waste composting,7.25,13.6264,69.782,8.0,50.723,53.006,8.362,2.55859999999999,4381.90909090909,102.85,2.387,24.0401931,56.2424,10.0713,40.2876,,,,,,,Segment A: calibrated,50.723,53.006,8.362,sludge waste composting|7.25|13.626|69.782
sludge waste composting,7.25,13.6264,69.782,9.0,52.766,53.53,8.4221,3.1614,5000.0,135.82,2.9136,29.95588704,55.683,10.2814,37.5259,,,,,,,Segment A: calibrated,52.766,53.53,8.4221,sludge waste composting|7.25|13.626|69.782
sludge waste composting,7.25,13.6264,69.782,10.0,49.574,48.273,7.9262,3.10879999999999,5000.0,95.47,2.423,23.0715637,55.4965,9.5219,53.8194,,,,,,,Segment A: calibrated,49.574,48.273,7.9262,sludge waste composting|7.25|13.626|69.782
sludge waste composting,7.25,13.6264,69.782,11.0,43.191,43.945,7.776,3.23709999999999,5000.0,109.75,2.7882,25.8731019,55.2354,9.2795,69.5647,,,,,,,Segment A: calibrated,43.191,43.945,7.776,sludge waste composting|7.25|13.626|69.782
sludge waste composting,7.25,13.6264,69.782,12.0,40.511,41.681,7.9112,3.15459999999999,5000.0,129.78,2.5923,23.63633217,54.1166,9.1179,79.6909,,,,,,,Segment A: calibrated,40.511,41.681,7.9112,sludge waste composting|7.25|13.626|69.782
sludge waste composting,7.25,13.6264,69.782,13.0,39.489,39.727,7.8962,3.08699999999999,5000.0,149.81,2.3824,21.49139216,53.1096,9.0209,78.8458,,,,,,,Segment A: calibrated,39.489,39.727,7.8962,sludge waste composting|7.25|13.626|69.782
sludge waste composting,7.25,13.6264,69.782,14.0,36.17,43.862,7.9112,2.9837,5000.0,120.96,2.2285,19.38282445,52.289,8.6977,74.8192,,,,,,,Segment A: calibrated,36.17,43.862,7.9112,sludge waste composting|7.25|13.626|69.782
sludge waste composting,7.25,13.6264,69.782,15.0,22.511,41.186,7.5505,2.68859999999999,5000.0,99.3,2.5446,20.03516256,50.5361,7.8736,89.5178,,,,,,,Segment A: calibrated,22.511,41.186,7.5505,sludge waste composting|7.25|13.626|69.782
sludge waste composting,7.25,13.6264,69.782,16.0,20.723,37.477,7.6407,2.8469,5000.0,81.95,2.5872,18.7817784,50.3497,7.2595,90.0156,,,,,,,Segment A: calibrated,20.723,37.477,7.6407,sludge waste composting|7.25|13.626|69.782
sludge waste composting,7.6397,16.5726,73.373,1.0,31.481,73.373,7.6397,2.531,4118.2,199.39,3.4,52.0,79.9286,16.5726,38.5185,,,,,,,Segment A: calibrated,31.481,73.373,7.6397,sludge waste composting|7.64|16.573|73.373
sludge waste composting,7.6397,16.5726,73.373,2.0,61.363,69.928,8.791,3.11329999999999,5000.0,183.48,3.4,52.0,76.8159,15.0061,38.9337,,,,,,,Segment A: calibrated,61.363,69.928,8.791,sludge waste composting|7.64|16.573|73.373
sludge waste composting,7.6397,16.5726,73.373,3.0,64.959,65.952,8.8396,3.13409999999999,5000.0,273.64,3.4,52.0,76.6443,14.4552,44.164,,,,,,,Segment A: calibrated,64.959,65.952,8.8396,sludge waste composting|7.64|16.573|73.373
sludge waste composting,7.6397,16.5726,73.373,4.0,55.635,61.048,9.1471,3.55049999999999,5000.0,302.27,3.3113,45.40520786,76.4318,13.7122,50.2322,,,,,,,Segment A: calibrated,55.635,61.048,9.1471,sludge waste composting|7.64|16.573|73.373
sludge waste composting,7.6397,16.5726,73.373,5.0,60.132,60.518,9.2436,3.27209999999999,5000.0,241.82,2.6115,35.589522,74.8935,13.628,38.2062,,,,,,,Segment A: calibrated,60.132,60.518,9.2436,sludge waste composting|7.64|16.573|73.373
sludge waste composting,7.6397,16.5726,73.373,6.0,56.066,58.928,9.3114,3.18629999999999,5000.0,159.09,2.8896,38.9778144,74.8049,13.489,56.4891,,,,,,,Segment A: calibrated,56.066,58.928,9.3114,sludge waste composting|7.64|16.573|73.373
sludge waste composting,7.6397,16.5726,73.373,7.0,46.593,58.133,9.2161,2.5299,5000.0,167.58,2.537,33.2418036,74.2607,13.1028,39.5572,,,,,,,Segment A: calibrated,46.593,58.133,9.2161,sludge waste composting|7.64|16.573|73.373
sludge waste composting,7.6397,16.5726,73.373,8.0,50.187,57.337,9.1017,3.0241,5000.0,198.33,3.4,41.24835372,73.9238,11.6186,35.0907,,,,,,,Segment A: calibrated,50.187,57.337,9.1017,sludge waste composting|7.64|16.573|73.373
sludge waste composting,7.6397,16.5726,73.373,9.0,47.173,57.072,9.2366,2.6653,5000.0,113.48,2.7751,30.86632726,73.6281,11.1226,39.3884,,,,,,,Segment A: calibrated,47.173,57.072,9.2366,sludge waste composting|7.64|16.573|73.373
sludge waste composting,7.6397,16.5726,73.373,10.0,45.812,54.554,8.6811,2.596,5000.0,149.55,2.7118,27.84964364,72.8769,10.2698,36.6741,,,,,,,Segment A: calibrated,45.812,54.554,8.6811,sludge waste composting|7.64|16.573|73.373
sludge waste composting,7.6397,16.5726,73.373,11.0,47.153,49.12,8.6434,2.6668,5000.0,180.3,2.4865,25.05372535,72.3742,10.0759,48.0397,,,,,,,Segment A: calibrated,47.153,49.12,8.6434,sludge waste composting|7.64|16.573|73.373
sludge waste composting,7.6397,16.5726,73.373,12.0,43.238,48.458,8.5577,2.4153,5000.0,79.55,2.348,23.3313716,70.8771,9.9367,52.8565,,,,,,,Segment A: calibrated,43.238,48.458,8.5577,sludge waste composting|7.64|16.573|73.373
sludge waste composting,7.6397,16.5726,73.373,13.0,39.923,47.53,8.731,2.6163,5000.0,147.42,2.331,19.1908899,70.3331,8.2329,57.4493,,,,,,,Segment A: calibrated,39.923,47.53,8.731,sludge waste composting|7.64|16.573|73.373
sludge waste composting,7.6397,16.5726,73.373,14.0,34.656,47.53,9.0001,2.8298,5000.0,219.55,2.7597,22.18495233,69.2088,8.0389,63.538,,,,,,,Segment A: calibrated,34.656,47.53,9.0001,sludge waste composting|7.64|16.573|73.373
sludge waste composting,7.6397,16.5726,73.373,15.0,31.34,46.47,8.6843,2.8141,5000.0,210.0,2.9973,23.59594452,68.4576,7.8724,66.8213,,,,,,,Segment A: calibrated,31.34,46.47,8.6843,sludge waste composting|7.64|16.573|73.373
sludge waste composting,7.6397,16.5726,73.373,16.0,26.974,44.217,8.7425,2.96609999999999,5000.0,315.0,3.0093,22.1153457,66.5461,7.349,69.3952,,,,,,,Segment A: calibrated,26.974,44.217,8.7425,sludge waste composting|7.64|16.573|73.373
sludge waste composting,7.2178,16.1883,72.313,1.0,30.279,72.313,7.2178,2.3096,3828.0,97.57,3.4,52.0,79.9286,16.1883,36.8433,,,,,,,Segment A: calibrated,30.279,72.313,7.2178,sludge waste composting|7.218|16.188|72.313
sludge waste composting,7.2178,16.1883,72.313,2.0,66.471,69.53,8.8677,3.0488,5000.0,173.37,3.4,51.50268754,78.5972,13.5238,44.8993,,,,,,,Segment A: calibrated,66.471,69.53,8.8677,sludge waste composting|7.218|16.188|72.313
sludge waste composting,7.2178,16.1883,72.313,3.0,72.319,62.373,8.6479,2.7036,5000.0,199.94,2.3966,28.45914568,74.6969,11.8748,52.276,,,,,,,Segment A: calibrated,72.319,62.373,8.6479,sludge waste composting|7.218|16.188|72.313
sludge waste composting,7.2178,16.1883,72.313,4.0,64.948,61.711,8.9937,3.12989999999999,5000.0,169.05,3.3403,39.20075871,74.4017,11.7357,53.8628,,,,,,,Segment A: calibrated,64.948,61.711,8.9937,sludge waste composting|7.218|16.188|72.313
sludge waste composting,7.2178,16.1883,72.313,5.0,62.085,64.229,8.9464,2.9147,5000.0,222.07,2.762,30.0585698,73.6089,10.8829,51.5913,,,,,,,Segment A: calibrated,62.085,64.229,8.9464,sludge waste composting|7.218|16.188|72.313
sludge waste composting,7.2178,16.1883,72.313,6.0,57.718,60.12,8.9758,3.06169999999999,5000.0,173.86,2.907,31.2325173,73.3962,10.7439,41.5494,,,,,,,Segment A: calibrated,57.718,60.12,8.9758,sludge waste composting|7.218|16.188|72.313
sludge waste composting,7.2178,16.1883,72.313,7.0,50.048,55.747,8.7271,2.8114,5000.0,150.27,2.9595,31.3032234,73.3905,10.5772,50.919,,,,,,,Segment A: calibrated,50.048,55.747,8.7271,sludge waste composting|7.218|16.188|72.313
sludge waste composting,7.2178,16.1883,72.313,8.0,50.939,49.253,8.6415,3.2119,5000.0,158.6,3.3708,34.35215988,73.0121,10.1911,43.1192,,,,,,,Segment A: calibrated,50.939,49.253,8.6415,sludge waste composting|7.218|16.188|72.313
sludge waste composting,7.2178,16.1883,72.313,9.0,48.825,48.325,8.7476,3.024,5000.0,161.46,3.3422,33.04566828,72.8407,9.8874,47.5136,,,,,,,Segment A: calibrated,48.825,48.325,8.7476,sludge waste composting|7.218|16.188|72.313
sludge waste composting,7.2178,16.1883,72.313,10.0,47.313,46.072,8.4701,2.9887,5000.0,126.01,3.25,31.94945,72.1309,9.8306,61.015,,,,,,,Segment A: calibrated,47.313,46.072,8.4701,sludge waste composting|7.218|16.188|72.313
sludge waste composting,7.2178,16.1883,72.313,11.0,45.05,42.096,8.5859,3.22,5000.0,141.64,3.4,33.1158222,71.9181,9.417,60.4288,,,,,,,Segment A: calibrated,45.05,42.096,8.5859,sludge waste composting|7.218|16.188|72.313
sludge waste composting,7.2178,16.1883,72.313,12.0,40.834,46.205,8.4235,2.72669999999999,5000.0,100.72,2.9614,27.3944307,71.8298,9.2505,69.8804,,,,,,,Segment A: calibrated,40.834,46.205,8.4235,sludge waste composting|7.218|16.188|72.313
sludge waste composting,7.2178,16.1883,72.313,13.0,36.918,46.072,8.4241,2.762,5000.0,166.5,2.7419,25.43413859,71.2442,9.2761,74.0622,,,,,,,Segment A: calibrated,36.918,46.072,8.4241,sludge waste composting|7.218|16.188|72.313
sludge waste composting,7.2178,16.1883,72.313,14.0,36.008,43.289,8.4056,3.0734,5000.0,213.13,3.211,26.7826299,70.8658,8.3409,81.7451,,,,,,,Segment A: calibrated,36.008,43.289,8.4056,sludge waste composting|7.218|16.188|72.313
sludge waste composting,7.2178,16.1883,72.313,15.0,32.842,40.241,8.4062,3.0633,5000.0,126.62,3.4,27.33887951,65.5572,7.9273,88.2953,,,,,,,Segment A: calibrated,32.842,40.241,8.4062,sludge waste composting|7.218|16.188|72.313
sludge waste composting,7.2178,16.1883,72.313,16.0,28.777,41.964,8.2918,3.239,5000.0,266.27,3.4,22.60183064,65.4689,6.3608,90.8601,,,,,,,Segment A: calibrated,28.777,41.964,8.2918,sludge waste composting|7.218|16.188|72.313
sludge waste composting,7.5246,16.6,71.651,1.0,34.034,71.651,7.5246,2.0866,4275.3,135.35,3.4,52.0,79.5557,16.6,41.7497,,,,,,,Segment A: calibrated,34.034,71.651,7.5246,sludge waste composting|7.525|16.6|71.651
sludge waste composting,7.5246,16.6,71.651,2.0,70.827,64.361,8.8294,2.9844,5000.0,207.85,3.4,49.79335023,74.3711,13.7433,41.2276,,,,,,,Segment A: calibrated,70.827,64.361,8.8294,sludge waste composting|7.525|16.6|71.651
sludge waste composting,7.5246,16.6,71.651,3.0,74.422,56.807,8.5808,3.15209999999999,5000.0,219.94,3.4,43.77169589,74.1999,11.5453,35.713,,,,,,,Segment A: calibrated,74.422,56.807,8.5808,sludge waste composting|7.525|16.6|71.651
sludge waste composting,7.5246,16.6,71.651,4.0,67.953,52.699,8.6389,3.46069999999999,5000.0,321.45,3.2419,35.28678474,73.9046,10.8846,54.8593,,,,,,,Segment A: calibrated,67.953,52.699,8.6389,sludge waste composting|7.525|16.6|71.651
sludge waste composting,7.5246,16.6,71.651,5.0,66.14,48.59,8.8217,3.1691,5000.0,334.74,2.6346,26.86396236,73.4847,10.1966,52.224,,,,,,,Segment A: calibrated,66.14,48.59,8.8217,sludge waste composting|7.525|16.6|71.651
sludge waste composting,7.5246,16.6,71.651,6.0,62.525,48.458,8.8416,3.6878,5000.0,234.44,3.4,34.53377536,72.8573,10.0576,45.6527,,,,,,,Segment A: calibrated,62.525,48.458,8.8416,sludge waste composting|7.525|16.6|71.651
sludge waste composting,7.5246,16.6,71.651,7.0,54.403,47.265,9.0052,3.0934,5000.0,217.52,2.8901,28.98250082,72.2303,10.0282,49.1262,,,,,,,Segment A: calibrated,54.403,47.265,9.0052,sludge waste composting|7.525|16.6|71.651
sludge waste composting,7.5246,16.6,71.651,8.0,53.943,44.88,9.0154,3.28839999999999,5000.0,303.32,2.8904,28.66294064,71.1892,9.9166,51.9093,,,,,,,Segment A: calibrated,53.943,44.88,9.0154,sludge waste composting|7.525|16.6|71.651
sludge waste composting,7.5246,16.6,71.651,9.0,51.079,38.518,8.4503,3.5561,5000.0,222.36,3.0876,30.01949976,70.7694,9.7226,75.34,,,,,,,Segment A: calibrated,51.079,38.518,8.4503,sludge waste composting|7.525|16.6|71.651
sludge waste composting,7.5246,16.6,71.651,10.0,46.111,32.422,8.6619,4.7845,5000.0,222.36,3.4,35.62566912,70.6808,9.4188,66.2182,,,,,,,Segment A: calibrated,46.111,32.422,8.6619,sludge waste composting|7.525|16.6|71.651
sludge waste composting,7.5246,16.6,71.651,11.0,44.9,33.614,8.2982,4.463,5000.0,300.91,3.152,26.048128,70.6756,8.264,79.1925,,,,,,,Segment A: calibrated,44.9,33.614,8.2982,sludge waste composting|7.525|16.6|71.651
sludge waste composting,7.5246,16.6,71.651,12.0,41.735,31.361,8.2125,4.0057,5000.0,180.06,2.8167,23.34959799,69.3855,8.2897,80.8383,,,,,,,Segment A: calibrated,41.735,31.361,8.2125,sludge waste composting|7.525|16.6|71.651
sludge waste composting,7.5246,16.6,71.651,13.0,37.97,32.289,8.3474,3.456,5000.0,141.39,2.6551,21.34912808,69.2972,8.0408,82.995,,,,,,,Segment A: calibrated,37.97,32.289,8.3474,sludge waste composting|7.525|16.6|71.651
sludge waste composting,7.5246,16.6,71.651,14.0,35.857,30.169,8.5398,3.7364,5000.0,163.14,3.3094,24.87808356,69.2086,7.5174,85.813,,,,,,,Segment A: calibrated,35.857,30.169,8.5398,sludge waste composting|7.525|16.6|71.651
sludge waste composting,7.5246,16.6,71.651,15.0,33.894,30.301,8.0035,3.9753,5000.0,158.31,3.3793,24.00587134,67.2975,7.1038,89.2289,,,,,,,Segment A: calibrated,33.894,30.301,8.0035,sludge waste composting|7.525|16.6|71.651
sludge waste composting,7.5246,16.6,71.651,16.0,29.077,30.301,8.4644,3.5381,5000.0,325.08,3.2581,18.93509977,63.9358,5.8117,89.2758,,,,,,,Segment A: calibrated,29.077,30.301,8.4644,sludge waste composting|7.525|16.6|71.651
sludge waste composting,7.06107,13.934404946796,72.3289,0.0,45.962,72.3289,7.06107,0.3932,472.16,322.12,2.07973,28.9798,49.9611752000001,13.934404946796,52.7784,,,,,,,Segment A: calibrated,45.962,72.3289,7.06107,sludge waste composting|7.061|13.934|72.329
sludge waste composting,7.06107,13.934404946796,72.3289,3.0,59.696,73.9681,8.52672,1.3202,1420.64,115.08,1.87703,28.6614,49.4122536000001,15.2695481691822,38.9323,,,,,,,Segment A: calibrated,59.696,73.9681,8.52672,sludge waste composting|7.061|13.934|72.329
sludge waste composting,7.06107,13.934404946796,72.3289,7.0,34.432,73.0717,8.45038,1.0998,1041.62,152.96,2.40405,28.0946,48.4350903999999,11.6863625964518,53.6613,,,,,,,Segment A: calibrated,34.432,73.0717,8.45038,sludge waste composting|7.061|13.934|72.329
sludge waste composting,7.06107,13.934404946796,72.3289,14.0,33.242,68.335,8.75573,0.9981,818.21,162.36,2.31486,28.0645,48.383198,12.1236273467942,46.8923,,,,,,,Segment A: calibrated,33.242,68.335,8.75573,sludge waste composting|7.061|13.934|72.329
sludge waste composting,7.06107,13.934404946796,72.3289,21.0,37.029,64.6941,7.45802,1.1803,519.08,269.82,2.69189,26.7872,46.1811328,9.95107526681997,54.5005,,,,,,,Segment A: calibrated,37.029,64.6941,7.45802,sludge waste composting|7.061|13.934|72.329
sludge waste composting,7.06107,13.934404946796,72.3289,28.0,29.076,61.1216,7.50382,1.3735,389.2,681.85,2.71622,25.4387,43.8563188,9.36547849585085,59.4022,,,,,,,Segment A: calibrated,29.076,61.1216,7.50382,sludge waste composting|7.061|13.934|72.329
sludge waste composting,7.06107,13.934404946796,72.3289,35.0,28.062,59.9466,7.1374,1.6541,290.54,953.84,2.38378,25.3728,43.7427072000001,10.6439352624823,64.561,,,,,,,Segment A: calibrated,28.062,59.9466,7.1374,sludge waste composting|7.061|13.934|72.329
sludge waste composting,7.06107,13.934404946796,72.3289,42.0,29.009,57.1964,6.96947,2.2405,174.02,1026.3,2.29054,25.9486,44.7353863999999,11.3285950037982,65.7407,,,,,,,Segment A: calibrated,29.009,57.1964,6.96947,sludge waste composting|7.061|13.934|72.329
sludge waste composting,6.18321,13.8840763399712,70.1372,0.0,44.893,70.1372,6.18321,0.6554,521.17,353.62,2.05135,28.4811,49.1014163999999,13.8840763399712,56.5645,,,,,,,Segment A: calibrated,44.893,70.1372,6.18321,sludge waste composting|6.183|13.884|70.137
sludge waste composting,6.18321,13.8840763399712,70.1372,3.0,64.147,73.2147,8.31298,1.768,1714.63,115.04,1.82838,27.8421,47.9997804000001,15.2277425918026,40.6372,,,,,,,Segment A: calibrated,64.147,73.2147,8.31298,sludge waste composting|6.183|13.884|70.137
sludge waste composting,6.18321,13.8840763399712,70.1372,7.0,34.261,72.4553,8.08397,1.9299,1536.06,219.48,2.61892,26.5269,45.7323756,10.1289462832007,52.9026,,,,,,,Segment A: calibrated,34.261,72.4553,8.08397,sludge waste composting|6.183|13.884|70.137
sludge waste composting,6.18321,13.8840763399712,70.1372,14.0,38.941,65.1842,8.18321,1.9483,889.49,249.87,2.54189,24.9286,42.9769064,9.80711203081172,51.5946,,,,,,,Segment A: calibrated,38.941,65.1842,8.18321,sludge waste composting|6.183|13.884|70.137
sludge waste composting,6.18321,13.8840763399712,70.1372,21.0,37.572,65.8583,7.65649,2.7532,634.9,294.32,2.84595,24.0076,41.3891024,8.43570688170909,46.3654,,,,,,,Segment A: calibrated,37.572,65.8583,7.65649,sludge waste composting|6.183|13.884|70.137
sludge waste composting,6.18321,13.8840763399712,70.1372,28.0,28.907,64.4779,6.98473,3.3942,687.66,604.82,2.63919,22.3028,38.4500272,8.45062310784748,52.611,,,,,,,Segment A: calibrated,28.907,64.4779,6.98473,sludge waste composting|6.183|13.884|70.137
sludge waste composting,6.18321,13.8840763399712,70.1372,35.0,30.201,58.0289,6.72519,3.2051,597.86,1083.38,2.22162,21.4532,36.9853168,9.6565569269272,48.9343,,,,,,,Segment A: calibrated,30.201,58.0289,6.72519,sludge waste composting|6.183|13.884|70.137
sludge waste composting,6.18321,13.8840763399712,70.1372,42.0,30.79,57.6073,6.58779,3.9334,334.37,1110.3,2.22568,22.207,38.284868,9.97762481578664,52.2169,,,,,,,Segment A: calibrated,30.79,57.6073,6.58779,sludge waste composting|6.183|13.884|70.137
sludge waste composting,6.65649,18.5082201748868,70.685,0.0,54.69,70.685,6.65649,0.7428,521.16,406.14,1.62162,30.0133,51.7429291999999,18.5082201748868,59.6031,,,,,,,Segment A: calibrated,54.69,70.685,6.65649,sludge waste composting|6.656|18.508|70.685
sludge waste composting,6.65649,18.5082201748868,70.685,3.0,58.638,71.8448,8.52672,1.9536,1367.19,153.59,1.5,29.4456,50.7642144,19.6304,34.1207,,,,,,,Segment A: calibrated,58.638,71.8448,8.52672,sludge waste composting|6.656|18.508|70.685
sludge waste composting,6.65649,18.5082201748868,70.685,7.0,33.019,71.6336,8.10687,2.2576,1046.09,275.5,2.0027,27.7739,47.8822035999999,13.8682278923453,37.154,,,,,,,Segment A: calibrated,33.019,71.6336,8.10687,sludge waste composting|6.656|18.508|70.685
sludge waste composting,6.65649,18.5082201748868,70.685,14.0,47.84,69.9788,7.93893,2.0903,991.94,263.89,2.29459,27.3162,47.0931287999999,11.9046104097028,45.6398,,,,,,,Segment A: calibrated,47.84,69.9788,7.93893,sludge waste composting|6.656|18.508|70.685
sludge waste composting,6.65649,18.5082201748868,70.685,21.0,38.808,66.8858,7.39695,2.5893,772.98,378.34,2.15676,25.5757,44.0925068000001,11.8583894360059,35.8225,,,,,,,Segment A: calibrated,38.808,66.8858,7.39695,sludge waste composting|6.656|18.508|70.685
sludge waste composting,6.65649,18.5082201748868,70.685,28.0,28.194,67.9025,6.70229,2.7716,741.11,1235.01,2.09189,24.3339,41.9516436000001,11.6324950164684,50.2213,,,,,,,Segment A: calibrated,28.194,67.9025,6.70229,sludge waste composting|6.656|18.508|70.685
sludge waste composting,6.65649,18.5082201748868,70.685,35.0,30.743,58.577,6.58779,2.9539,593.43,1142.89,2.11216,23.5913,40.6714012,11.169276948716,48.5651,,,,,,,Segment A: calibrated,30.743,58.577,6.58779,sludge waste composting|6.656|18.508|70.685
sludge waste composting,6.65649,18.5082201748868,70.685,42.0,30.793,58.2237,6.51908,2.8303,419.02,1323.87,2.07162,23.2048,40.0050752,11.2012820884139,50.3858,,,,,,,Segment A: calibrated,30.793,58.2237,6.51908,sludge waste composting|6.656|18.508|70.685
sludge waste composting,6.25191,16.6224678301283,69.9314,0.0,53.442,69.9314,6.25191,1.0268,512.26,367.61,1.88919,31.403,54.1387720000001,16.6224678301283,60.0709,,,,,,,Segment A: calibrated,53.442,69.9314,6.25191,sludge waste composting|6.252|16.622|69.931
sludge waste composting,6.25191,16.6224678301283,69.9314,3.0,69.837,73.5571,8.22137,1.9864,1710.17,129.07,1.2973,31.2628,53.8970672000001,24.0983581284206,33.0136,,,,,,,Segment A: calibrated,69.837,73.5571,8.22137,sludge waste composting|6.252|16.622|69.931
sludge waste composting,6.25191,16.6224678301283,69.9314,7.0,46.183,70.058,8.17557,2.3886,1068.35,229.98,1.82838,31.1949,53.7800076000001,17.0614970629738,26.1819,,,,,,,Segment A: calibrated,46.183,70.058,8.17557,sludge waste composting|6.252|16.622|69.931
sludge waste composting,6.25191,16.6224678301283,69.9314,14.0,45.885,68.2665,7.96183,2.1668,1179.03,277.92,2.35135,29.1336,50.2263264000001,12.3901588449189,37.2996,,,,,,,Segment A: calibrated,45.885,68.2665,7.96183,sludge waste composting|6.252|16.622|69.931
sludge waste composting,6.25191,16.6224678301283,69.9314,21.0,43.442,64.2148,7.43511,2.6875,830.9,329.34,2.3473,27.3575,47.1643300000001,11.6548800749798,45.8508,,,,,,,Segment A: calibrated,43.442,64.2148,7.43511,sludge waste composting|6.252|16.622|69.931
sludge waste composting,6.25191,16.6224678301283,69.9314,28.0,32.105,63.382,6.87023,3.274,861.37,940.91,2.27838,27.0779,46.6822995999999,11.8847163335352,53.4456,,,,,,,Segment A: calibrated,32.105,63.382,6.87023,sludge waste composting|6.252|16.622|69.931
sludge waste composting,6.25191,16.6224678301283,69.9314,35.0,32.338,60.4261,6.70229,3.3252,713.68,1223.4,2.11622,26.0857,44.9717468,12.3265539499674,49.2836,,,,,,,Segment A: calibrated,32.338,60.4261,6.70229,sludge waste composting|6.252|16.622|69.931
sludge waste composting,6.25191,16.6224678301283,69.9314,42.0,32.215,60.4841,6.58015,3.9008,401.18,1197.85,2.20946,26.1623,45.1038051999999,11.8410380817032,54.7204,,,,,,,Segment A: calibrated,32.215,60.4841,6.58015,sludge waste composting|6.252|16.622|69.931
sludge waste composting,6.34351,17.3399040797786,71.0961,0.0,53.087,71.0961,6.34351,1.3762,547.89,346.61,1.89324,32.8286,56.5965064000001,17.3399040797786,60.8081,,,,,,,Segment A: calibrated,53.087,71.0961,6.34351,sludge waste composting|6.344|17.34|71.096
sludge waste composting,6.34351,17.3399040797786,71.0961,3.0,66.459,73.4888,8.33588,1.6807,1509.73,143.06,1.52432,32.5814,56.1703335999999,21.3743833315839,36.2134,,,,,,,Segment A: calibrated,66.459,73.4888,8.33588,sludge waste composting|6.344|17.34|71.096
sludge waste composting,6.34351,17.3399040797786,71.0961,7.0,33.907,71.1538,8.25191,2.8255,1233.16,254.54,1.90946,32.05,55.2541999999999,16.7848501670629,30.3564,,,,,,,Segment A: calibrated,33.907,71.1538,8.25191,sludge waste composting|6.344|17.34|71.096
sludge waste composting,6.34351,17.3399040797786,71.0961,14.0,48.922,70.1843,8.25191,2.5272,1027.57,270.89,2.20541,31.0934,53.6050216,14.0986936669372,36.5691,,,,,,,Segment A: calibrated,48.922,70.1843,8.25191,sludge waste composting|6.344|17.34|71.096
sludge waste composting,6.34351,17.3399040797786,71.0961,21.0,40.955,68.735,7.56489,3.616,902.16,322.3,2.43243,30.1726,52.0175623999999,12.4043035154146,42.6034,,,,,,,Segment A: calibrated,40.955,68.735,7.56489,sludge waste composting|6.344|17.34|71.096
sludge waste composting,6.34351,17.3399040797786,71.0961,28.0,31.926,66.3274,7.19084,3.6891,812.39,825.38,2.43649,30.1068,51.9041232,12.3566277719178,48.5788,,,,,,,Segment A: calibrated,31.926,66.3274,7.19084,sludge waste composting|6.344|17.34|71.096
sludge waste composting,6.34351,17.3399040797786,71.0961,35.0,32.692,61.9331,6.70992,3.5874,789.4,1310.95,2.16892,29.8629,51.4836395999998,13.7685576231488,46.2081,,,,,,,Segment A: calibrated,32.692,61.9331,6.70992,sludge waste composting|6.344|17.34|71.096
sludge waste composting,6.34351,17.3399040797786,71.0961,42.0,32.215,60.7583,6.64122,3.9663,450.18,1435.89,2.11216,27.7303,47.8070371999999,13.1288822816453,47.9479,,,,,,,Segment A: calibrated,32.215,60.7583,6.64122,sludge waste composting|6.344|17.34|71.096
sludge waste composting,6.0916,19.5199528617973,70.9592,0.0,44.891,70.9592,6.0916,0.6444,534.54,371.12,1.73108,33.7906,58.2549944000001,19.5199528617973,58.6889,,,,,,,Segment A: calibrated,44.891,70.9592,6.0916,sludge waste composting|6.092|19.52|70.959
sludge waste composting,6.0916,19.5199528617973,70.9592,3.0,63.611,71.2284,8.29771,1.2,1269.2,157.08,1.37027,34.0424,58.6890976,24.8435709750633,36.3316,,,,,,,Segment A: calibrated,63.611,71.2284,8.29771,sludge waste composting|6.092|19.52|70.959
sludge waste composting,6.0916,19.5199528617973,70.9592,7.0,36.037,67.2497,8.08397,1.3401,1201.98,173.95,1.98649,33.5468,57.8346832000002,16.8874748929016,24.0814,,,,,,,Segment A: calibrated,36.037,67.2497,8.08397,sludge waste composting|6.092|19.52|70.959
sludge waste composting,6.0916,19.5199528617973,70.9592,14.0,36.269,61.5539,7.91603,1.1509,938.48,197.38,2.35541,32.305,55.6938200000001,13.7152342904208,44.7699,,,,,,,Segment A: calibrated,36.269,61.5539,7.91603,sludge waste composting|6.092|19.52|70.959
sludge waste composting,6.0916,19.5199528617973,70.9592,21.0,34.179,60.7214,7.37405,1.7155,768.53,304.87,2.46892,30.992,53.4302080000002,12.5528571197123,53.0567,,,,,,,Segment A: calibrated,34.179,60.7214,7.37405,sludge waste composting|6.092|19.52|70.959
sludge waste composting,6.0916,19.5199528617973,70.9592,28.0,27.653,59.9572,6.70992,1.8651,442.68,755.35,2.22568,29.9286,51.5969064000001,13.4469465511664,53.1981,,,,,,,Segment A: calibrated,27.653,59.9572,6.70992,sludge waste composting|6.092|19.52|70.959
sludge waste composting,6.0916,19.5199528617973,70.9592,35.0,29.659,56.1111,6.56489,1.8726,375.15,1146.4,2.19324,29.5423,50.9309252,13.4697069176196,55.9466,,,,,,,Segment A: calibrated,29.659,56.1111,6.56489,sludge waste composting|6.092|19.52|70.959
sludge waste composting,6.0916,19.5199528617973,70.9592,42.0,28.823,56.032,6.49618,2.2734,307.64,1162.81,2.13649,29.8329,51.4319196000001,13.9635102434367,56.5141,,,,,,,Segment A: calibrated,28.823,56.032,6.49618,sludge waste composting|6.092|19.52|70.959
sludge waste composting,7.5017,19.0854,69.225,0.0,19.047,69.225,7.5017,0.8938,362.26,140.88,1.801696584824,34.3861,59.2816363999999,19.0854,41.5499,,,,,,,Segment A: calibrated,19.047,69.225,7.5017,sludge waste composting|7.502|19.085|69.225
sludge waste composting,7.5017,19.0854,69.225,7.0,49.224,66.386,7.6663,1.5352,959.64,99.36,1.68915810612886,33.5607,57.8586468000001,19.8683,28.9184,,,,,,,Segment A: calibrated,49.224,66.386,7.6663,sludge waste composting|7.502|19.085|69.225
sludge waste composting,7.5017,19.0854,69.225,14.0,18.452,66.106,8.2919,1.8513,1102.88,71.61,1.99487639705695,31.3427,54.0348148,15.7116,31.3962,,,,,,,Segment A: calibrated,18.452,66.106,8.2919,sludge waste composting|7.502|19.085|69.225
sludge waste composting,7.5017,19.0854,69.225,21.0,16.723,65.961,8.1374,2.0218,725.76,229.4,2.08086507747948,31.5301,54.3578924000001,15.1524,30.743,,,,,,,Segment A: calibrated,16.723,65.961,8.1374,sludge waste composting|7.502|19.085|69.225
sludge waste composting,7.5017,19.0854,69.225,28.0,19.278,64.737,7.4623,1.9527,634.33,514.34,2.01858944599195,31.3059,53.9713715999999,15.5088,29.654,,,,,,,Segment A: calibrated,19.278,64.737,7.4623,sludge waste composting|7.502|19.085|69.225
sludge waste composting,7.5017,19.0854,69.225,35.0,16.601,63.783,7.2486,2.0633,374.57,627.44,1.99856435926592,31.4616,54.2397984000001,15.7421,54.0074,,,,,,,Segment A: calibrated,16.601,63.783,7.2486,sludge waste composting|7.502|19.085|69.225
sludge waste composting,7.5017,19.0854,69.225,42.0,14.08,63.906,7.1885,1.9513,247.44,520.64,2.09094835439963,30.9843,53.4169332000001,14.8183,55.2674,,,,,,,Segment A: calibrated,14.08,63.906,7.1885,sludge waste composting|7.502|19.085|69.225
sludge waste composting,7.5017,19.0854,69.225,49.0,14.096,62.01,7.2347,2.0105,196.8,510.06,2.27355875831486,31.1714,53.7394936000001,13.7104,64.7739,,,,,,,Segment A: calibrated,14.096,62.01,7.2347,sludge waste composting|7.502|19.085|69.225
sludge waste composting,7.5017,19.0854,69.225,77.0,14.747,57.925,7.3491,2.119,229.1,553.58,2.32795466442113,30.6864,52.9033536,13.1817,57.6495,,,,,,,Segment A: calibrated,14.747,57.925,7.3491,sludge waste composting|7.502|19.085|69.225
sludge waste composting,7.5844,22.6213,63.838,0.0,17.619,63.838,7.5844,0.6798,362.27,89.36,1.54804542621335,35.0188,60.3724112000001,22.6213,45.9473,,,,,,,Segment A: calibrated,17.619,63.838,7.5844,sludge waste composting|7.584|22.621|63.838
sludge waste composting,7.5844,22.6213,63.838,7.0,48.431,63.288,7.749,1.5781,974.91,71.87,1.42682657984212,33.6557,58.0224267999999,23.5878,23.3057,,,,,,,Segment A: calibrated,48.431,63.288,7.749,sludge waste composting|7.584|22.621|63.838
sludge waste composting,7.5844,22.6213,63.838,14.0,19.56,58.428,8.2446,1.6972,1230.43,88.78,1.9319907115242,31.5326,54.3622023999999,16.3213,38.1922,,,,,,,Segment A: calibrated,19.56,58.428,8.2446,sludge waste composting|7.584|22.621|63.838
sludge waste composting,7.5844,22.6213,63.838,21.0,16.087,59.36,8.1964,1.8078,787.0,232.84,2.05585097642257,31.2771,53.9217204000001,15.2137,34.3962,,,,,,,Segment A: calibrated,16.087,59.36,8.1964,sludge waste composting|7.584|22.621|63.838
sludge waste composting,7.5844,22.6213,63.838,28.0,15.473,58.002,7.5806,1.9783,573.1,538.39,1.9813488738224,31.211,53.807764,15.7524,34.2908,,,,,,,Segment A: calibrated,15.473,58.002,7.5806,sludge waste composting|7.584|22.621|63.838
sludge waste composting,7.5844,22.6213,63.838,35.0,15.331,57.586,7.5323,1.678,262.29,603.39,1.96099502116934,31.5881,54.4578843999999,16.1082,45.4774,,,,,,,Segment A: calibrated,15.331,57.586,7.5323,sludge waste composting|7.584|22.621|63.838
sludge waste composting,7.5844,22.6213,63.838,42.0,14.395,56.633,7.4485,1.8657,237.21,541.26,2.01091339382753,31.2691,53.9079283999999,15.5497,43.5497,,,,,,,Segment A: calibrated,14.395,56.633,7.4485,sludge waste composting|7.584|22.621|63.838
sludge waste composting,7.5844,22.6213,63.838,49.0,12.193,55.68,7.3885,1.9677,232.54,558.16,2.03826196375524,31.4247,54.1761828000001,15.4174,49.9015,,,,,,,Segment A: calibrated,12.193,55.68,7.3885,sludge waste composting|7.584|22.621|63.838
sludge waste composting,7.5844,22.6213,63.838,77.0,13.318,49.844,7.5265,1.9991,157.68,653.24,2.13058179253502,30.8129,53.1214395999999,14.4622,59.3754,,,,,,,Segment A: calibrated,13.318,49.844,7.5265,sludge waste composting|7.584|22.621|63.838
sludge waste composting,7.7145,23.7198,58.45,0.0,17.619,58.45,7.7145,0.6712,362.26,96.22,1.48969637180752,35.3353,60.9180572,23.7198,38.6952,,,,,,,Segment A: calibrated,17.619,58.45,7.7145,sludge waste composting|7.714|23.72|58.45
sludge waste composting,7.7145,23.7198,58.45,7.0,49.384,57.363,7.8318,1.4496,1158.57,47.85,1.34054430159559,33.9088,58.4587712000002,25.2948,25.7209,,,,,,,Segment A: calibrated,49.384,57.363,7.8318,sludge waste composting|7.714|23.72|58.45
sludge waste composting,7.7145,23.7198,58.45,14.0,18.77,55.196,8.3156,1.6458,1281.48,51.0,1.75872445107148,32.672,56.326528,18.5771,47.8341,,,,,,,Segment A: calibrated,18.77,55.196,8.3156,sludge waste composting|7.714|23.72|58.45
sludge waste composting,7.7145,23.7198,58.45,21.0,16.723,56.532,8.2438,1.5767,618.59,277.5,1.8548378548673,31.4983,54.3030692,16.9817,53.8151,,,,,,,Segment A: calibrated,16.723,56.532,8.2438,sludge waste composting|7.714|23.72|58.45
sludge waste composting,7.7145,23.7198,58.45,28.0,19.126,56.117,7.8052,1.6616,440.47,651.81,1.79565034973073,31.2427,53.8624147999999,17.3991,37.9366,,,,,,,Segment A: calibrated,19.126,56.117,7.8052,sludge waste composting|7.714|23.72|58.45
sludge waste composting,7.7145,23.7198,58.45,35.0,16.125,55.298,7.5678,1.6609,185.76,654.94,1.83884063719457,31.5249,54.3489276,17.1439,45.3231,,,,,,,Segment A: calibrated,16.125,55.298,7.5678,sludge waste composting|7.714|23.72|58.45
sludge waste composting,7.7145,23.7198,58.45,42.0,17.888,53.94,7.5668,1.7201,150.49,699.34,1.86093303675256,31.2058,53.7987992,16.7689,50.214,,,,,,,Segment A: calibrated,17.888,53.94,7.5668,sludge waste composting|7.714|23.72|58.45
sludge waste composting,7.7145,23.7198,58.45,49.0,14.256,52.582,7.5185,1.8735,155.99,688.74,1.89269442073501,31.488,54.2853120000001,16.6366,50.956,,,,,,,Segment A: calibrated,14.256,52.582,7.5185,sludge waste composting|7.714|23.72|58.45
sludge waste composting,7.7145,23.7198,58.45,77.0,12.525,47.554,7.562,1.9049,127.07,742.59,2.0443329816949,30.8128,53.1212672000001,15.0723,84.2051,,,,,,,Segment A: calibrated,12.525,47.554,7.562,sludge waste composting|7.714|23.72|58.45
sludge waste composting,6.7815,25.12,55.657,1.0,31.875,55.657,6.7815,1.2,41.0,159.49,1.90234872611465,47.787,82.384788,25.12,0.982,,,,,,,Segment A: calibrated,31.875,55.657,6.7815,sludge waste composting|6.782|25.12|55.657
sludge waste composting,6.7815,25.12,55.657,3.0,57.792,53.224,7.6765,2.65,78.4,139.7,2.11129995406523,45.963,79.2402120000001,21.77,6.332,,,,,,,Segment A: calibrated,57.792,53.224,7.6765,sludge waste composting|6.782|25.12|55.657
sludge waste composting,6.7815,25.12,55.657,7.0,43.022,62.285,7.6546,1.75,115.7,70.26,1.55204186464621,48.343,83.3433320000002,31.148,9.869,,,,,,,Segment A: calibrated,43.022,62.285,7.6546,sludge waste composting|6.782|25.12|55.657
sludge waste composting,6.7815,25.12,55.657,14.0,52.769,56.544,8.2099,2.3333,787.3,55.6,1.29529621287518,49.457,85.2638680000002,38.182,20.773,,,,,,,Segment A: calibrated,52.769,56.544,8.2099,sludge waste composting|6.782|25.12|55.657
sludge waste composting,6.7815,25.12,55.657,21.0,49.561,54.504,7.6033,1.3167,320.9,75.76,1.61393094242861,45.947,79.2126280000002,28.469,45.429,,,,,,,Segment A: calibrated,49.561,54.504,7.6033,sludge waste composting|6.782|25.12|55.657
sludge waste composting,6.7815,25.12,55.657,35.0,44.744,58.118,8.3026,1.15,134.3,175.76,2.37445777702665,42.149,72.6648760000001,17.751,73.707,,,,,,,Segment A: calibrated,44.744,58.118,8.3026,sludge waste composting|6.782|25.12|55.657
sludge waste composting,6.7815,25.12,55.657,49.0,23.156,53.453,7.212,1.8167,320.9,400.05,2.66547239915074,40.174,69.2599759999999,15.072,76.503,,,,,,,Segment A: calibrated,23.156,53.453,7.212,sludge waste composting|6.782|25.12|55.657
sludge waste composting,6.7815,25.12,55.657,63.0,25.304,44.99,6.7492,1.9667,97.0,738.71,2.72047505307856,41.003,70.6891720000001,15.072,85.77,,,,,,,Segment A: calibrated,25.304,44.99,6.7492,sludge waste composting|6.782|25.12|55.657
sludge waste composting,6.7815,25.12,55.657,84.0,28.826,40.33,6.1201,2.9167,134.3,1087.58,2.29666786098173,38.46,66.3050400000001,16.746,87.74,,,,,,,Segment A: calibrated,28.826,40.33,6.1201,sludge waste composting|6.782|25.12|55.657
sludge waste composting,6.7815,25.12,55.657,120.0,31.308,39.286,6.0604,2.5,283.6,1456.93,1.82723365754354,40.391,69.6340839999999,22.105,92.501,,,,,,,Segment A: calibrated,31.308,39.286,6.0604,sludge waste composting|6.782|25.12|55.657
sludge waste composting,6.8176,27.464,54.294,1.0,34.801,54.294,6.8176,3.8333,2578.4,189.36,3.4,32.507,56.042068,27.464,0.934,,,,,,,Segment A: calibrated,34.801,54.294,6.8176,sludge waste composting|6.818|27.464|54.294
sludge waste composting,6.8176,27.464,54.294,3.0,50.561,49.328,7.2795,5.3,3455.2,1500.0,2.59801995757052,33.065,57.00406,17.081,28.809,,,,,,,Segment A: calibrated,50.561,49.328,7.2795,sludge waste composting|6.818|27.464|54.294
sludge waste composting,6.8176,27.464,54.294,7.0,55.06,57.708,7.9288,5.3,5000.0,686.85,1.95482572856494,30.118,51.9234320000001,16.746,20.279,,,,,,,Segment A: calibrated,55.06,57.708,7.9288,sludge waste composting|6.818|27.464|54.294
sludge waste composting,6.8176,27.464,54.294,14.0,69.946,50.213,7.9934,3.4,4518.7,378.8,1.68087901588439,28.148,48.527152,15.407,20.773,,,,,,,Segment A: calibrated,69.946,50.213,7.9934,sludge waste composting|6.818|27.464|54.294
sludge waste composting,6.8176,27.464,54.294,21.0,34.773,42.913,8.1302,3.1167,1104.5,572.99,1.54089339031673,26.32,45.3756800000001,15.407,45.429,,,,,,,Segment A: calibrated,34.773,42.913,8.1302,sludge waste composting|6.818|27.464|54.294
sludge waste composting,6.8176,27.464,54.294,35.0,30.776,35.52,7.2416,3.6833,3343.3,732.65,0.952810952519662,26.168,45.113632,15.072,73.707,,,,,,,Segment A: calibrated,30.776,35.52,7.2416,sludge waste composting|6.818|27.464|54.294
sludge waste composting,6.8176,27.464,54.294,49.0,42.186,29.784,7.4863,4.7333,5000.0,390.11,1.75391454352442,26.435,45.5739400000001,14.737,76.503,,,,,,,Segment A: calibrated,42.186,29.784,7.4863,sludge waste composting|6.818|27.464|54.294
sludge waste composting,6.8176,27.464,54.294,63.0,31.6,30.477,7.4854,4.5833,3007.5,206.64,1.66933568568908,24.601,42.4121239999999,14.402,81.725,,,,,,,Segment A: calibrated,31.6,30.477,7.4854,sludge waste composting|6.818|27.464|54.294
sludge waste composting,6.8176,27.464,54.294,84.0,27.069,37.018,6.8347,3.6167,1179.1,570.45,1.65817247604499,23.881,41.1708439999999,12.727,80.458,,,,,,,Segment A: calibrated,27.069,37.018,6.8347,sludge waste composting|6.818|27.464|54.294
sludge waste composting,6.8176,27.464,54.294,120.0,18.187,33.344,6.3419,3.05,1123.1,1500.0,1.32043876160187,20.344,35.073056,6.699,94.927,,,,,,,Segment A: calibrated,18.187,33.344,6.3419,sludge waste composting|6.818|27.464|54.294
livestock manure compost,7.54785,15.719,60.98,0.0,22.031,60.98,7.54785,2.0282,673.2,454.77,1.74634,27.833,47.32503862504,15.719,19.412,,,,,,,Segment A: calibrated,22.031,60.98,7.54785,livestock manure compost|7.548|15.719|60.98
livestock manure compost,7.54785,15.719,60.98,1.0,35.947,61.451,8.10766,2.7509,5000.0,630.81,1.71839,25.0,42.24827467796,14.261,21.898,,,,,,,Segment A: calibrated,35.947,61.451,8.10766,livestock manure compost|7.548|15.719|60.98
livestock manure compost,7.54785,15.719,60.98,5.0,43.009,59.176,7.99282,3.0904,5000.0,645.48,1.59486,22.044,36.96204793752,13.443,36.426,,,,,,,Segment A: calibrated,43.009,59.176,7.99282,livestock manure compost|7.548|15.719|60.98
livestock manure compost,7.54785,15.719,60.98,16.0,58.049,49.452,7.41866,3.1322,2610.5,729.83,1.43823,19.089,32.25592633668,13.009,57.554,,,,,,,Segment A: calibrated,58.049,49.452,7.41866,livestock manure compost|7.548|15.719|60.98
livestock manure compost,7.54785,15.719,60.98,25.0,59.011,48.352,7.18421,3.0345,2903.8,748.17,1.34042,17.365,29.05474553784,12.573,75.571,,,,,,,Segment A: calibrated,59.011,48.352,7.18421,livestock manure compost|7.548|15.719|60.98
livestock manure compost,7.54785,15.719,60.98,39.0,45.507,39.804,7.07895,3.0918,937.5,916.87,1.31248,17.365,28.91524163008,12.779,77.669,,,,,,,Segment A: calibrated,45.507,39.804,7.07895,livestock manure compost|7.548|15.719|60.98
livestock manure compost,7.44258,24.026,56.47,0.0,25.462,56.47,7.44258,2.1791,697.2,388.75,1.38237,33.867,57.25890447288,24.026,23.305,,,,,,,Segment A: calibrated,25.462,56.47,7.44258,livestock manure compost|7.443|24.026|56.47
livestock manure compost,7.44258,24.026,56.47,1.0,46.421,56.94,7.60048,2.3763,1735.6,476.77,1.31029,30.788,53.2883936564,23.59,21.121,,,,,,,Segment A: calibrated,46.421,56.94,7.60048,livestock manure compost|7.443|24.026|56.47
livestock manure compost,7.44258,24.026,56.47,5.0,65.944,55.057,7.7488,2.8799,5000.0,579.46,1.27867,27.34,47.3841600846,21.495,34.876,,,,,,,Segment A: calibrated,65.944,55.057,7.7488,livestock manure compost|7.443|24.026|56.47
livestock manure compost,7.44258,24.026,56.47,16.0,63.105,48.666,7.40431,3.192,3403.9,605.13,1.32059,24.384,41.25602923636,18.121,69.21,,,,,,,Segment A: calibrated,63.105,48.666,7.40431,livestock manure compost|7.443|24.026|56.47
livestock manure compost,7.44258,24.026,56.47,25.0,62.623,40.705,7.21292,3.1383,1870.2,689.49,1.34411,22.414,37.7247590192,16.28,88.781,,,,,,,Segment A: calibrated,62.623,40.705,7.21292,livestock manure compost|7.443|24.026|56.47
livestock manure compost,7.44258,24.026,56.47,39.0,49.66,28.626,7.20813,4.5921,1346.1,858.19,1.34924,21.921,38.34326360384,16.484,92.818,,,,,,,Segment A: calibrated,49.66,28.626,7.20813,livestock manure compost|7.443|24.026|56.47
livestock manure compost,7.48086,33.865,57.45,0.0,24.379,57.45,7.48086,2.2751,408.7,363.08,1.04783,36.33,61.1757313258,33.865,22.528,,,,,,,Segment A: calibrated,24.379,57.45,7.48086,livestock manure compost|7.481|33.865|57.45
livestock manure compost,7.48086,33.865,57.45,1.0,50.394,57.136,7.51435,2.4529,2913.4,403.42,1.00517,34.729,57.70947139016,33.302,25.008,,,,,,,Segment A: calibrated,50.394,57.136,7.51435,livestock manure compost|7.481|33.865|57.45
livestock manure compost,7.48086,33.865,57.45,5.0,66.486,52.313,7.53828,3.0292,2846.1,498.78,1.05441,29.187,48.82800208524,26.861,37.989,,,,,,,Segment A: calibrated,66.486,52.313,7.53828,livestock manure compost|7.481|33.865|57.45
livestock manure compost,7.48086,33.865,57.45,16.0,64.549,48.078,7.39474,3.3518,2370.2,546.45,1.17718,26.724,46.11132248872,22.721,71.538,,,,,,,Segment A: calibrated,64.549,48.078,7.39474,livestock manure compost|7.481|33.865|57.45
livestock manure compost,7.48086,33.865,57.45,25.0,63.887,39.726,7.06459,3.4943,1052.9,572.13,1.21176,24.877,42.28495169184,20.241,83.736,,,,,,,Segment A: calibrated,63.887,39.726,7.06459,livestock manure compost|7.481|33.865|57.45
livestock manure compost,7.48086,33.865,57.45,39.0,46.771,26.078,7.19856,4.6979,769.2,718.83,1.21321,24.877,41.42571543624,19.806,91.261,,,,,,,Segment A: calibrated,46.771,26.078,7.19856,livestock manure compost|7.481|33.865|57.45
livestock manure compost,7.73,19.9947916666667,71.14,0.0,33.0,71.14,7.73,1.9928,2085.91,68.65,1.92,38.39,66.1843600000001,19.9947916666667,46.3379,,,,,,,Segment A: calibrated,33.0,71.14,7.73,livestock manure compost|7.73|19.995|71.14
livestock manure compost,7.73,19.9947916666667,71.14,2.0,67.87,63.02,7.87,2.7076,1932.27,39.47,1.72,36.46,62.8570400000001,21.1976744186047,34.6927,,,,,,,Segment A: calibrated,67.87,63.02,7.87,livestock manure compost|7.73|19.995|71.14
livestock manure compost,7.73,19.9947916666667,71.14,3.0,74.53,60.77,8.1,2.7211,2297.74,18.82,1.58,36.91,63.63284,23.3607594936709,31.1964,,,,,,,Segment A: calibrated,74.53,60.77,8.1,livestock manure compost|7.73|19.995|71.14
livestock manure compost,7.73,19.9947916666667,71.14,4.0,74.73,61.4,8.0,2.627,2360.85,23.18,1.48,36.32,62.6156799999999,24.5405405405405,27.6487,,,,,,,Segment A: calibrated,74.73,61.4,8.0,livestock manure compost|7.73|19.995|71.14
livestock manure compost,7.73,19.9947916666667,71.14,18.0,49.3,47.54,8.02,2.48819999999999,241.39,48.22,2.06,31.85,54.9094,15.4611650485437,75.2367,,,,,,,Segment A: calibrated,49.3,47.54,8.02,livestock manure compost|7.73|19.995|71.14
livestock manure compost,7.73,19.9947916666667,71.14,26.0,53.67,34.95,8.01,4.2559,667.53,94.56,1.99,32.01,55.18524,16.0854271356784,84.7314,,,,,,,Segment A: calibrated,53.67,34.95,8.01,livestock manure compost|7.73|19.995|71.14
livestock manure compost,7.73,19.9947916666667,71.14,28.0,42.02,31.85,8.12,4.0344,736.85,128.62,1.81,30.72,52.9612799999999,16.9723756906077,85.3629,,,,,,,Segment A: calibrated,42.02,31.85,8.12,livestock manure compost|7.73|19.995|71.14
livestock manure compost,7.73,19.9947916666667,71.14,43.0,20.57,29.98,8.16,3.0016,369.59,116.2,1.9,29.81,51.3924399999999,15.6894736842105,96.6302,,,,,,,Segment A: calibrated,20.57,29.98,8.16,livestock manure compost|7.73|19.995|71.14
livestock manure compost,7.65,18.7971698113208,62.03,0.0,35.5,62.03,7.65,2.1729,2014.77,66.19,2.12,39.85,68.7014000000002,18.7971698113208,38.3452,,,,,,,Segment A: calibrated,35.5,62.03,7.65,livestock manure compost|7.65|18.797|62.03
livestock manure compost,7.65,18.7971698113208,62.03,2.0,64.2,60.54,8.06,2.8255,2161.05,38.97,1.92,39.8,68.6152000000001,20.7291666666667,36.1058,,,,,,,Segment A: calibrated,64.2,60.54,8.06,livestock manure compost|7.65|18.797|62.03
livestock manure compost,7.65,18.7971698113208,62.03,3.0,72.52,60.63,8.32,2.65969999999999,2349.9,23.55,1.89,39.69,68.42556,21.0,37.2995,,,,,,,Segment A: calibrated,72.52,60.63,8.32,livestock manure compost|7.65|18.797|62.03
livestock manure compost,7.65,18.7971698113208,62.03,4.0,74.87,59.43,8.0,2.6897,2323.92,17.39,1.68,38.64,66.61536,23.0,35.2723,,,,,,,Segment A: calibrated,74.87,59.43,8.0,livestock manure compost|7.65|18.797|62.03
livestock manure compost,7.65,18.7971698113208,62.03,18.0,54.2,43.32,8.08,2.7119,213.14,48.77,2.33,36.67,63.21908,15.7381974248927,73.2352,,,,,,,Segment A: calibrated,54.2,43.32,8.08,livestock manure compost|7.65|18.797|62.03
livestock manure compost,7.65,18.7971698113208,62.03,26.0,57.95,32.91,8.13,4.5775,773.22,66.27,2.32,37.05,63.8742,15.9698275862069,80.4145,,,,,,,Segment A: calibrated,57.95,32.91,8.13,livestock manure compost|7.65|18.797|62.03
livestock manure compost,7.65,18.7971698113208,62.03,28.0,42.1,31.8,8.23,3.5723,905.42,83.74,2.3,34.34,59.20216,14.9304347826087,85.2513,,,,,,,Segment A: calibrated,42.1,31.8,8.23,livestock manure compost|7.65|18.797|62.03
livestock manure compost,7.65,18.7971698113208,62.03,43.0,21.07,29.45,8.17,2.8623,284.82,70.25,2.23,34.1,58.7884,15.2914798206278,92.4869,,,,,,,Segment A: calibrated,21.07,29.45,8.17,livestock manure compost|7.65|18.797|62.03
livestock manure compost,7.1082,25.9163,56.916,0.0,28.914,56.916,7.1082,1.98172,3273.5,225.98,1.75396,45.456153548,78.4375,25.9163,35.3508,,,,,,,Segment A: calibrated,28.914,56.916,7.1082,livestock manure compost|7.108|25.916|56.916
livestock manure compost,7.1082,25.9163,56.916,3.0,46.077,54.7507,8.061,2.52611,4806.9,340.16,1.70233,40.47630041,69.375,23.777,28.2426,,,,,,,Segment A: calibrated,46.077,54.7507,8.061,livestock manure compost|7.108|25.916|56.916
livestock manure compost,7.1082,25.9163,56.916,7.0,52.644,50.8793,9.2683,2.49086,4582.0,379.53,1.58814,37.27841022,63.8281,23.473,24.1911,,,,,,,Segment A: calibrated,52.644,50.8793,9.2683,livestock manure compost|7.108|25.916|56.916
livestock manure compost,7.1082,25.9163,56.916,10.0,55.018,43.9895,9.6724,2.36554,2974.9,493.7,1.91349,36.513981576,62.6562,19.0824,45.8612,,,,,,,Segment A: calibrated,55.018,43.9895,9.6724,livestock manure compost|7.108|25.916|56.916
livestock manure compost,7.1082,25.9163,56.916,14.0,41.95,42.1522,9.6447,2.31462,2351.6,556.69,2.07154,35.212244074,60.4687,16.9981,54.3525,,,,,,,Segment A: calibrated,41.95,42.1522,9.6447,livestock manure compost|7.108|25.916|56.916
livestock manure compost,7.1082,25.9163,56.916,17.0,36.208,42.6115,9.4367,2.22846,2291.3,911.02,2.14037,35.054123712,60.1563,16.3776,62.9555,,,,,,,Segment A: calibrated,36.208,42.6115,9.4367,livestock manure compost|7.108|25.916|56.916
livestock manure compost,7.1082,25.9163,56.916,21.0,32.565,42.3491,9.7045,2.25979,2148.4,1060.63,2.20942,35.049796996,59.4531,15.8638,65.4394,,,,,,,Segment A: calibrated,32.565,42.3491,9.7045,livestock manure compost|7.108|25.916|56.916
livestock manure compost,7.0554,26.0735,56.5879,0.0,28.914,56.5879,7.0554,2.06789,3648.4,241.73,1.81154,47.23318819,80.625,26.0735,35.659,,,,,,,Segment A: calibrated,28.914,56.5879,7.0554,livestock manure compost|7.055|26.074|56.588
livestock manure compost,7.0554,26.0735,56.5879,3.0,46.47,55.9318,7.6917,2.4752,5000.0,411.02,1.63951,42.502329338,73.2031,25.9238,32.7727,,,,,,,Segment A: calibrated,46.47,55.9318,7.6917,livestock manure compost|7.055|26.074|56.588
livestock manure compost,7.0554,26.0735,56.5879,7.0,50.289,52.9134,9.3316,2.54178,4980.5,438.58,1.68759,38.110676211,65.8594,22.5829,20.2739,,,,,,,Segment A: calibrated,50.289,52.9134,9.3316,livestock manure compost|7.055|26.074|56.588
livestock manure compost,7.0554,26.0735,56.5879,10.0,60.646,46.5486,9.5774,2.4282,3701.4,481.89,1.91348,36.915047508,63.5937,19.2921,39.8911,,,,,,,Segment A: calibrated,60.646,46.5486,9.5774,livestock manure compost|7.055|26.074|56.588
livestock manure compost,7.0554,26.0735,56.5879,14.0,44.568,42.2835,9.6764,2.38512,2925.8,537.01,2.09775,35.4385494,61.25,16.8936,51.9918,,,,,,,Segment A: calibrated,44.568,42.2835,9.6764,livestock manure compost|7.055|26.074|56.588
livestock manure compost,7.0554,26.0735,56.5879,17.0,39.219,43.8583,9.3839,2.29112,2783.5,989.76,2.21889,35.410821732,60.625,15.9588,63.4632,,,,,,,Segment A: calibrated,39.219,43.8583,9.3839,livestock manure compost|7.055|26.074|56.588
livestock manure compost,7.0554,26.0735,56.5879,21.0,32.434,43.5302,9.7678,2.22846,2500.0,1088.19,2.27224,35.333104776,60.4687,15.5499,66.2525,,,,,,,Segment A: calibrated,32.434,43.5302,9.7678,livestock manure compost|7.055|26.074|56.588
livestock manure compost,7.1821,26.178,55.6037,0.0,28.914,55.6037,7.1821,2.04439,3531.2,206.3,1.68062,43.99527036,74.8438,26.178,34.6059,,,,,,,Segment A: calibrated,28.914,55.6037,7.1821,livestock manure compost|7.182|26.178|55.604
livestock manure compost,7.1821,26.178,55.6037,3.0,47.255,55.0131,7.9873,2.54961,4619.4,328.35,1.59762,40.328881422,69.7656,25.2431,28.2556,,,,,,,Segment A: calibrated,47.255,55.0131,7.9873,livestock manure compost|7.182|26.178|55.604
livestock manure compost,7.1821,26.178,55.6037,7.0,54.608,50.5512,9.205,2.56136,4757.8,351.97,1.50436,36.886756764,62.8906,24.5199,22.2625,,,,,,,Segment A: calibrated,54.608,50.5512,9.205,livestock manure compost|7.182|26.178|55.604
livestock manure compost,7.1821,26.178,55.6037,10.0,57.504,44.4488,9.5984,2.46345,3549.1,375.59,1.74596,34.962674404,59.8437,20.0249,43.6735,,,,,,,Segment A: calibrated,57.504,44.4488,9.5984,livestock manure compost|7.182|26.178|55.604
livestock manure compost,7.1821,26.178,55.6037,14.0,49.281,40.7087,9.6447,2.31462,3113.3,481.89,1.98777,34.3089102,58.75,17.26,57.4659,,,,,,,Segment A: calibrated,49.281,40.7087,9.6447,livestock manure compost|7.182|26.178|55.604
livestock manure compost,7.1821,26.178,55.6037,17.0,40.396,42.2835,9.4261,2.25587,2818.6,899.21,1.98855,33.712882425,58.0469,16.9535,64.2421,,,,,,,Segment A: calibrated,40.396,42.2835,9.4261,livestock manure compost|7.182|26.178|55.604
livestock manure compost,7.1821,26.178,55.6037,21.0,30.995,42.7428,9.7045,2.29896,2324.2,1044.88,2.09424,33.88061472,57.7344,16.178,65.255,,,,,,,Segment A: calibrated,30.995,42.7428,9.7045,livestock manure compost|7.182|26.178|55.604
livestock manure compost,7.0871,24.503,57.1785,0.0,28.521,57.1785,7.0871,1.89164,3472.6,229.92,1.78535,43.74643105,75.3125,24.503,37.0707,,,,,,,Segment A: calibrated,28.521,57.1785,7.0871,livestock manure compost|7.087|24.503|57.178
livestock manure compost,7.0871,24.503,57.1785,3.0,43.067,55.9974,7.9133,2.4047,4701.5,316.54,1.75469,42.272587728,72.1094,24.0912,27.8051,,,,,,,Segment A: calibrated,43.067,55.9974,7.9133,livestock manure compost|7.087|24.503|57.178
livestock manure compost,7.0871,24.503,57.1785,7.0,48.194,56.1942,8.4556,2.45561,5000.0,344.09,1.56196,38.544643116,65.625,24.6771,29.6374,,,,,,,Segment A: calibrated,48.194,56.1942,8.4556,livestock manure compost|7.087|24.503|57.178
livestock manure compost,7.0871,24.503,57.1785,10.0,57.112,53.7664,9.4297,2.27154,4275.6,407.09,1.85066,35.993856472,60.7813,19.4492,23.6463,,,,,,,Segment A: calibrated,57.112,53.7664,9.4297,livestock manure compost|7.087|24.503|57.178
livestock manure compost,7.0871,24.503,57.1785,14.0,51.899,45.6299,9.4337,2.25196,3253.9,501.57,2.00349,34.055723718,59.2187,16.9982,51.9529,,,,,,,Segment A: calibrated,51.899,45.6299,9.4337,livestock manure compost|7.087|24.503|57.178
livestock manure compost,7.0871,24.503,57.1785,17.0,37.255,44.9081,9.1622,2.18538,2924.1,875.59,2.0566,33.8979095,58.3594,16.4825,63.4178,,,,,,,Segment A: calibrated,37.255,44.9081,9.1622,livestock manure compost|7.087|24.503|57.178
livestock manure compost,7.0871,24.503,57.1785,21.0,32.173,45.8268,9.4302,2.15013,2582.1,985.83,2.14136,33.970749176,58.2812,15.8641,63.1021,,,,,,,Segment A: calibrated,32.173,45.8268,9.4302,livestock manure compost|7.087|24.503|57.178
livestock manure compost,7.5556,16.2085561497326,52.3431053604436,0.0,25.192,52.3431053604436,7.5556,2.234,563.08,1067.3,1.87,30.31,82.0055,16.2085561497326,49.717,,,,,,,Segment A: calibrated,25.192,52.3431053604436,7.5556,livestock manure compost|7.556|16.209|52.343
livestock manure compost,7.5556,16.2085561497326,52.3431053604436,3.0,65.366,52.3431053604436,7.6363,4.14799999999999,696.7,1499.3,2.35,30.31,78.6685,12.8978723404255,22.939,,,,,,,Segment A: calibrated,65.366,52.3431053604436,7.6363,livestock manure compost|7.556|16.209|52.343
livestock manure compost,7.5556,16.2085561497326,52.3431053604436,7.0,39.763,52.3431053604436,6.8724,3.85269999999999,781.76,1500.0,2.24,28.48,76.674,12.7142857142857,68.211,,,,,,,Segment A: calibrated,39.763,52.3431053604436,6.8724,livestock manure compost|7.556|16.209|52.343
livestock manure compost,7.5556,16.2085561497326,52.3431053604436,18.0,28.346,52.3431053604436,8.0919,2.26879999999999,291.71,1149.5,2.39,26.07,71.9562,10.907949790795,84.24,,,,,,,Segment A: calibrated,28.346,52.3431053604436,8.0919,livestock manure compost|7.556|16.209|52.343
livestock manure compost,7.3037,15.8190045248869,52.3431053604436,0.0,25.193,52.3431053604436,7.3037,2.18939999999999,540.01,923.1,2.21,34.96,82.6959,15.8190045248869,47.458,,,,,,,Segment A: calibrated,25.193,52.3431053604436,7.3037,livestock manure compost|7.304|15.819|52.343
livestock manure compost,7.3037,15.8190045248869,52.3431053604436,3.0,63.635,52.3431053604436,7.5993,3.52879999999999,597.47,1500.0,1.93,29.9,79.3973,15.4922279792746,24.067,,,,,,,Segment A: calibrated,63.635,52.3431053604436,7.5993,livestock manure compost|7.304|15.819|52.343
livestock manure compost,7.3037,15.8190045248869,52.3431053604436,7.0,35.917,52.3431053604436,6.7316,4.48999999999999,765.62,1500.0,2.54,28.94,76.4055,11.3937007874016,64.258,,,,,,,Segment A: calibrated,35.917,52.3431053604436,6.7316,livestock manure compost|7.304|15.819|52.343
livestock manure compost,7.3037,15.8190045248869,52.3431053604436,18.0,26.039,52.3431053604436,8.277,2.4316,358.62,1070.2,2.95,27.67,72.6849,9.37966101694915,76.61,,,,,,,Segment A: calibrated,26.039,52.3431053604436,8.277,livestock manure compost|7.304|15.819|52.343
livestock manure compost,7.7408,20.5562659846547,52.3431053604436,0.0,23.27,52.3431053604436,7.7408,2.2406,454.62,894.3,1.564,32.15,78.7068,20.5562659846547,39.829,,,,,,,Segment A: calibrated,23.27,52.3431053604436,7.7408,livestock manure compost|7.741|20.556|52.343
livestock manure compost,7.7408,20.5562659846547,52.3431053604436,3.0,42.289,52.3431053604436,7.5548,3.0413,426.7,1311.8,1.72,28.33,77.6712,16.4709302325581,18.419,,,,,,,Segment A: calibrated,42.289,52.3431053604436,7.5548,livestock manure compost|7.741|20.556|52.343
livestock manure compost,7.7408,20.5562659846547,52.3431053604436,7.0,27.071,52.3431053604436,6.8427,2.6223,484.07,1500.0,1.74,26.87,74.411,15.4425287356322,41.659,,,,,,,Segment A: calibrated,27.071,52.3431053604436,6.8427,livestock manure compost|7.741|20.556|52.343
livestock manure compost,7.7408,20.5562659846547,52.3431053604436,18.0,26.039,52.3431053604436,8.2177,2.2176,178.62,882.7,1.85,25.22,71.9562,13.6324324324324,54.859,,,,,,,Segment A: calibrated,26.039,52.3431053604436,8.2177,livestock manure compost|7.741|20.556|52.343
livestock manure compost,8.76173,35.101,71.97,0.0,27.049,71.97,8.76173,2.3028,865.9,23.784,1.20841856357369,42.4167,73.1263908000002,35.101,36.891,,,,,,,Segment A: calibrated,27.049,71.97,8.76173,livestock manure compost|8.762|35.101|71.97
livestock manure compost,8.76173,35.101,71.97,2.0,66.562,70.908,8.83086,2.4052,1076.78,32.157,1.26386947803366,41.599,71.7166759999998,32.914,41.563,,,,,,,Segment A: calibrated,66.562,70.908,8.83086,livestock manure compost|8.762|35.101|71.97
livestock manure compost,8.76173,35.101,71.97,4.0,65.553,68.694,8.7963,2.3129,894.7,39.66,1.38841728637575,39.581,68.2376439999998,28.508,52.398,,,,,,,Segment A: calibrated,65.553,68.694,8.7963,livestock manure compost|8.762|35.101|71.97
livestock manure compost,8.76173,35.101,71.97,6.0,64.022,66.095,8.72469,2.43459999999999,736.16,41.261,1.61247242421766,39.4701,68.0464523999998,24.478,56.345,,,,,,,Segment A: calibrated,64.022,66.095,8.72469,livestock manure compost|8.762|35.101|71.97
livestock manure compost,8.76173,35.101,71.97,8.0,61.548,59.912,8.66296,2.51609999999999,704.69,41.474,1.68256468432305,38.5627,66.4820948,22.919,83.737,,,,,,,Segment A: calibrated,61.548,59.912,8.66296,livestock manure compost|8.762|35.101|71.97
livestock manure compost,8.76173,35.101,71.97,10.0,60.122,56.119,8.58395,2.437,682.61,56.443,1.70546753650202,38.4293,66.2521132,22.533,94.452,,,,,,,Segment A: calibrated,60.122,56.119,8.58395,livestock manure compost|8.762|35.101|71.97
livestock manure compost,8.76173,35.101,71.97,12.0,58.59,53.435,8.40123,2.3868,493.54,62.728,1.74411067554016,38.2623,65.9642052000001,21.938,94.17,,,,,,,Segment A: calibrated,58.59,53.435,8.40123,livestock manure compost|8.762|35.101|71.97
livestock manure compost,8.76173,35.101,71.97,14.0,54.239,51.69,8.37654,2.5026,412.62,77.181,1.87929403564672,37.7475,65.07669,20.086,99.204,,,,,,,Segment A: calibrated,54.239,51.69,8.37654,livestock manure compost|8.762|35.101|71.97
livestock manure compost,8.76173,35.101,71.97,17.0,51.679,48.71,8.32716,2.34209999999999,322.32,78.279,1.8990966529163,36.3696,62.7011904000001,19.151,100.351,,,,,,,Segment A: calibrated,51.679,48.71,8.32716,livestock manure compost|8.762|35.101|71.97
livestock manure compost,8.75432,35.101,71.97,0.0,26.84,71.97,8.75432,2.3237,868.26,23.784,1.20841856357369,42.4167,73.1263908000002,35.101,36.891,,,,,,,Segment A: calibrated,26.84,71.97,8.75432,livestock manure compost|8.754|35.101|71.97
livestock manure compost,8.75432,35.101,71.97,2.0,66.353,71.036,8.70494,2.3698,1281.45,33.893,1.25725195466392,41.4868,71.5232432000001,32.998,38.661,,,,,,,Segment A: calibrated,66.353,71.036,8.70494,livestock manure compost|8.754|35.101|71.97
livestock manure compost,8.75432,35.101,71.97,4.0,70.252,69.505,8.67284,2.4758,878.23,40.355,1.33304793960982,40.7926,70.3264424000002,30.601,46.354,,,,,,,Segment A: calibrated,70.252,69.505,8.67284,livestock manure compost|8.754|35.101|71.97
livestock manure compost,8.75432,35.101,71.97,6.0,66.841,67.162,8.63827,2.4495,865.56,58.276,1.419357571479,40.2104,69.3227296000001,28.33,50.06,,,,,,,Segment A: calibrated,66.841,67.162,8.63827,livestock manure compost|8.754|35.101|71.97
livestock manure compost,8.75432,35.101,71.97,8.0,66.039,61.662,8.59136,2.4601,829.4,60.224,1.47601672649225,39.8864,68.7641536000001,27.023,72.013,,,,,,,Segment A: calibrated,66.039,61.662,8.59136,livestock manure compost|8.754|35.101|71.97
livestock manure compost,8.75432,35.101,71.97,10.0,64.822,56.332,8.5642,2.4224,769.67,67.207,1.54916120474407,39.7081,68.4567644,25.632,80.191,,,,,,,Segment A: calibrated,64.822,56.332,8.5642,livestock manure compost|8.754|35.101|71.97
livestock manure compost,8.75432,35.101,71.97,12.0,65.694,51.302,8.53704,2.4631,648.79,79.224,1.55276890938473,39.3953,67.9174972,25.371,81.964,,,,,,,Segment A: calibrated,65.694,51.302,8.53704,livestock manure compost|8.754|35.101|71.97
livestock manure compost,8.75432,35.101,71.97,14.0,62.802,51.306,8.51481,2.5271,499.67,84.124,1.61103022825416,39.1722,67.5328727999998,24.315,83.736,,,,,,,Segment A: calibrated,62.802,51.306,8.51481,livestock manure compost|8.754|35.101|71.97
livestock manure compost,8.75432,35.101,71.97,17.0,57.007,48.924,8.17407,2.3982,374.07,98.243,1.75566991774911,39.0619,67.3427155999999,22.249,90.684,,,,,,,Segment A: calibrated,57.007,48.924,8.17407,livestock manure compost|8.754|35.101|71.97
livestock manure compost,8.75679,35.101,72.055,0.0,26.527,72.055,8.75679,2.3801,858.86,23.784,1.20841856357369,42.4167,73.1263908000002,35.101,36.891,,,,,,,Segment A: calibrated,26.527,72.055,8.75679,livestock manure compost|8.757|35.101|72.055
livestock manure compost,8.75679,35.101,72.055,2.0,60.192,71.079,8.66296,2.23299999999999,987.37,42.575,1.30493203641352,41.857,72.1614680000001,32.076,40.474,,,,,,,Segment A: calibrated,60.192,71.079,8.66296,livestock manure compost|8.757|35.101|72.055
livestock manure compost,8.75679,35.101,72.055,4.0,58.557,69.376,8.60864,2.385,770.01,44.175,1.42093653250774,40.3887,69.6301188,28.424,52.76,,,,,,,Segment A: calibrated,58.557,69.376,8.60864,livestock manure compost|8.757|35.101|72.055
livestock manure compost,8.75679,35.101,72.055,6.0,59.216,66.949,8.57284,2.36509999999999,663.22,47.512,1.56907354270665,39.9188,68.8200111999998,25.441,56.104,,,,,,,Segment A: calibrated,59.216,66.949,8.57284,livestock manure compost|8.757|35.101|72.055
livestock manure compost,8.75679,35.101,72.055,8.0,58.103,64.564,8.52963,2.33959999999999,638.8,56.057,1.64898483467308,39.7966,68.6093384000002,24.134,80.473,,,,,,,Segment A: calibrated,58.103,64.564,8.52963,livestock manure compost|8.757|35.101|72.055
livestock manure compost,8.75679,35.101,72.055,10.0,56.78,61.368,8.51728,2.4029,621.46,58.004,1.68943562534765,39.4838,68.0700711999999,23.371,92.155,,,,,,,Segment A: calibrated,56.78,61.368,8.51728,livestock manure compost|8.757|35.101|72.055
livestock manure compost,8.75679,35.101,72.055,12.0,54.725,55.654,8.40988,2.5205,477.03,60.301,1.74132639444889,39.1485,67.4920139999999,22.482,95.739,,,,,,,Segment A: calibrated,54.725,55.654,8.40988,livestock manure compost|8.757|35.101|72.055
livestock manure compost,8.75679,35.101,72.055,14.0,51.001,53.013,8.36914,2.5572,386.72,63.117,1.84331027903649,38.645,66.62398,20.965,98.117,,,,,,,Segment A: calibrated,51.001,53.013,8.36914,livestock manure compost|8.757|35.101|72.055
livestock manure compost,8.75679,35.101,72.055,17.0,49.903,51.612,8.2358,2.4654,336.41,77.932,1.92193528938907,38.2542,65.9502408000001,19.904,102.045,,,,,,,Segment A: calibrated,49.903,51.612,8.2358,livestock manure compost|8.757|35.101|72.055
livestock manure compost,8.76667,35.101,72.055,0.0,22.349,72.055,8.76667,2.3801,865.88,23.784,1.20841856357369,42.4167,73.1263908000002,35.101,36.891,,,,,,,Segment A: calibrated,22.349,72.055,8.76667,livestock manure compost|8.767|35.101|72.055
livestock manure compost,8.76667,35.101,72.055,2.0,42.228,71.505,8.6321,2.1331,1029.71,27.47,1.2550475504755,41.8345,72.1226779999997,33.333,44.098,,,,,,,Segment A: calibrated,42.228,71.505,8.6321,livestock manure compost|8.767|35.101|72.055
livestock manure compost,8.76667,35.101,72.055,4.0,41.637,71.382,8.62593,2.19889999999999,817.05,28.377,1.52633567394291,39.9961,68.9532764,26.204,51.914,,,,,,,Segment A: calibrated,41.637,71.382,8.62593,livestock manure compost|8.767|35.101|72.055
livestock manure compost,8.76667,35.101,72.055,6.0,45.431,68.869,8.56049,2.37799999999999,745.58,32.756,1.55511851126347,39.6944,68.4331456000001,25.525,56.586,,,,,,,Segment A: calibrated,45.431,68.869,8.56049,livestock manure compost|8.767|35.101|72.055
livestock manure compost,8.76667,35.101,72.055,8.0,46.719,66.74,8.50864,2.24159999999999,431.76,45.642,1.62235206978849,39.4264,67.9711135999998,24.302,74.431,,,,,,,Segment A: calibrated,46.719,66.74,8.50864,livestock manure compost|8.767|35.101|72.055
livestock manure compost,8.76667,35.101,72.055,10.0,47.172,62.947,8.50494,2.34469999999999,355.56,45.854,1.72784088378101,38.7883,66.8710291999998,22.449,85.388,,,,,,,Segment A: calibrated,47.172,62.947,8.50494,livestock manure compost|8.767|35.101|72.055
livestock manure compost,8.76667,35.101,72.055,12.0,45.119,58.812,8.46049,2.4051,345.29,57.523,1.78007179675994,38.6774,66.6798376,21.728,86.557,,,,,,,Segment A: calibrated,45.119,58.812,8.46049,livestock manure compost|8.767|35.101|72.055
livestock manure compost,8.76667,35.101,72.055,14.0,44.527,55.531,8.4358,2.4333,339.68,62.596,1.92139786021398,38.4318,66.2564232,20.002,91.713,,,,,,,Segment A: calibrated,44.527,55.531,8.4358,livestock manure compost|8.767|35.101|72.055
livestock manure compost,8.76667,35.101,72.055,17.0,41.862,54.301,8.41358,2.4586,244.68,69.425,1.93620821248664,38.0523,65.6021651999999,19.653,95.156,,,,,,,Segment A: calibrated,41.862,54.301,8.41358,livestock manure compost|8.767|35.101|72.055
livestock manure compost,8.75926,35.101,72.055,0.0,26.318,72.055,8.75926,2.3796,847.09,23.784,1.20841856357369,42.4167,73.1263908000002,35.101,36.891,,,,,,,Segment A: calibrated,26.318,72.055,8.75926,livestock manure compost|8.759|35.101|72.055
livestock manure compost,8.75926,35.101,72.055,2.0,48.599,70.182,8.6642,2.1164,1196.73,38.406,1.27666757584023,42.1262,72.6255688000001,32.997,37.453,,,,,,,Segment A: calibrated,48.599,70.182,8.6642,livestock manure compost|8.759|35.101|72.055
livestock manure compost,8.75926,35.101,72.055,4.0,45.606,69.206,8.58889,2.10059999999999,619.43,37.751,1.37365566037736,40.7701,70.2876524000001,29.68,48.289,,,,,,,Segment A: calibrated,45.606,69.206,8.58889,livestock manure compost|8.759|35.101|72.055
livestock manure compost,8.75926,35.101,72.055,6.0,50.235,66.181,8.57037,2.2491,602.04,39.005,1.52246629298591,40.1992,69.3034207999999,26.404,51.389,,,,,,,Segment A: calibrated,50.235,66.181,8.57037,livestock manure compost|8.759|35.101|72.055
livestock manure compost,8.75926,35.101,72.055,8.0,50.479,61.577,8.57037,2.31949999999999,537.57,52.411,1.54023015227246,39.7518,68.5321031999999,25.809,74.431,,,,,,,Segment A: calibrated,50.479,61.577,8.57037,livestock manure compost|8.759|35.101|72.055
livestock manure compost,8.75926,35.101,72.055,10.0,49.783,57.058,8.54815,2.31859999999999,435.55,61.651,1.61106077302967,39.4726,68.0507623999999,24.501,73.546,,,,,,,Segment A: calibrated,49.783,57.058,8.54815,livestock manure compost|8.759|35.101|72.055
livestock manure compost,8.75926,35.101,72.055,12.0,49.085,54.118,8.41728,2.38749999999999,429.96,63.772,1.63795514127585,39.3617,67.8595707999999,24.031,80.151,,,,,,,Segment A: calibrated,49.085,54.118,8.41728,livestock manure compost|8.759|35.101|72.055
livestock manure compost,8.75926,35.101,72.055,14.0,46.406,49.855,8.34568,2.3857,370.24,77.18,1.70206311207835,39.1049,67.4168476000002,22.975,85.911,,,,,,,Segment A: calibrated,46.406,49.855,8.34568,livestock manure compost|8.759|35.101|72.055
livestock manure compost,8.75926,35.101,72.055,17.0,43.012,49.564,8.28519,2.3714,291.75,85.744,1.75314845611039,39.0058,67.2459992000001,22.249,92.134,,,,,,,Segment A: calibrated,43.012,49.564,8.28519,livestock manure compost|8.759|35.101|72.055
livestock manure compost,8.75926,35.101,72.055,0.0,26.421,72.055,8.75926,2.3913,832.95,23.784,1.20841856357369,42.4167,73.1263908000002,35.101,36.891,,,,,,,Segment A: calibrated,26.421,72.055,8.75926,livestock manure compost|8.759|35.101|72.055
livestock manure compost,8.75926,35.101,72.055,2.0,45.257,70.78,8.72222,2.1205,973.25,23.477,1.31228047436978,40.4996,69.8213104000003,30.862,38.9,,,,,,,Segment A: calibrated,45.257,70.78,8.72222,livestock manure compost|8.759|35.101|72.055
livestock manure compost,8.75926,35.101,72.055,4.0,46.439,69.376,8.74444,2.2348,687.63,24.557,1.41258743704533,40.3887,69.6301188000001,28.592,51.067,,,,,,,Segment A: calibrated,46.439,69.376,8.74444,livestock manure compost|8.759|35.101|72.055
livestock manure compost,8.75926,35.101,72.055,6.0,52.845,67.845,8.95556,2.2252,646.76,32.582,1.55223040277176,39.4251,67.9688723999999,25.399,56.223,,,,,,,Segment A: calibrated,52.845,67.845,8.95556,livestock manure compost|8.759|35.101|72.055
livestock manure compost,8.75926,35.101,72.055,8.0,53.404,65.972,8.80123,2.20389999999999,579.98,39.217,1.59303926360378,39.1123,67.4296052,24.552,76.848,,,,,,,Segment A: calibrated,53.404,65.972,8.80123,livestock manure compost|8.759|35.101|72.055
livestock manure compost,8.75926,35.101,72.055,10.0,54.691,61.155,8.79259,2.41779999999999,409.67,46.548,1.71940709182088,38.7434,66.7936215999998,22.533,85.267,,,,,,,Segment A: calibrated,54.691,61.155,8.79259,livestock manure compost|8.759|35.101|72.055
livestock manure compost,8.75926,35.101,72.055,12.0,52.847,55.185,8.65556,2.4756,387.59,53.356,1.73231603477637,38.6549,66.6410475999999,22.314,89.819,,,,,,,Segment A: calibrated,52.847,55.185,8.65556,livestock manure compost|8.759|35.101|72.055
livestock manure compost,8.75926,35.101,72.055,14.0,50.061,52.16,8.4358,2.4499,306.72,63.638,1.81740078706557,38.3308,66.0822991999999,21.091,94.007,,,,,,,Segment A: calibrated,50.061,52.16,8.4358,livestock manure compost|8.759|35.101|72.055
livestock manure compost,8.75926,35.101,72.055,17.0,46.145,51.527,8.41728,2.3402,239.96,71.162,1.86408461121247,37.8055,65.1766820000002,20.281,99.144,,,,,,,Segment A: calibrated,46.145,51.527,8.41728,livestock manure compost|8.759|35.101|72.055
livestock manure compost,8.08083,29.2857,69.036,0.0,21.347,69.036,8.08083,1.50472,981.15,70.068,1.23097,36.049818129,62.149886454396,29.2857,33.9866,,,,,,,Segment A: calibrated,21.347,69.036,8.08083,livestock manure compost|8.081|29.286|69.036
livestock manure compost,8.08083,29.2857,69.036,2.0,31.602,68.084,8.51102,1.77216,1247.23,132.653,1.25455,28.29135705,48.7742995542,22.551,26.4886,,,,,,,Segment A: calibrated,31.602,68.084,8.51102,livestock manure compost|8.081|29.286|69.036
livestock manure compost,8.08083,29.2857,69.036,4.0,44.475,50.239,9.33701,1.68018,1585.37,264.626,1.02804,29.005428972,50.005359547728,28.2143,17.7098,,,,,,,Segment A: calibrated,44.475,50.239,9.33701,livestock manure compost|8.081|29.286|69.036
livestock manure compost,8.08083,29.2857,69.036,7.0,50.906,47.802,8.93054,1.57082,243.9,63.265,1.4085,30.03837525,51.786158931,21.3265,38.371,,,,,,,Segment A: calibrated,50.906,47.802,8.93054,livestock manure compost|8.081|29.286|69.036
livestock manure compost,8.08083,29.2857,69.036,14.0,51.216,42.952,8.95492,1.71361,177.38,66.667,1.50528,30.489596928,52.564065103872,20.2551,46.9156,,,,,,,Segment A: calibrated,51.216,42.952,8.95492,livestock manure compost|8.081|29.286|69.036
livestock manure compost,8.08083,29.2857,69.036,26.0,28.052,41.628,9.10955,1.86801,188.47,68.707,1.63258,29.653040314,51.121841501336,18.1633,59.5601,,,,,,,Segment A: calibrated,28.052,41.628,9.10955,livestock manure compost|8.081|29.286|69.036
livestock manure compost,8.08083,29.2857,69.036,30.0,25.751,37.334,9.17403,2.12386,205.1,78.231,1.76597,27.660917901,47.687422461324,15.6633,73.6065,,,,,,,Segment A: calibrated,25.751,37.334,9.17403,livestock manure compost|8.081|29.286|69.036
livestock manure compost,8.08083,29.2857,69.036,45.0,23.423,28.214,9.03308,1.82899,182.93,99.02,1.88411,28.16556039,48.55742611236,14.949,77.3256,,,,,,,Segment A: calibrated,23.423,28.214,9.03308,livestock manure compost|8.081|29.286|69.036
livestock manure compost,7.77523,26.1735,68.851,0.0,21.347,68.851,7.77523,1.49312,1097.56,36.735,1.06322,27.82818867,47.97579726708,26.1735,35.9067,,,,,,,Segment A: calibrated,21.347,68.851,7.77523,livestock manure compost|7.775|26.174|68.851
livestock manure compost,7.77523,26.1735,68.851,2.0,33.785,69.198,8.49098,1.46782,881.37,83.673,1.21185,34.809785325,60.0120699003,28.7245,33.5162,,,,,,,Segment A: calibrated,33.785,69.198,8.49098,livestock manure compost|7.775|26.174|68.851
livestock manure compost,7.77523,26.1735,68.851,4.0,38.254,55.437,9.50234,1.49757,1097.56,198.639,1.39404,34.851,60.083124,25.0,15.9344,,,,,,,Segment A: calibrated,38.254,55.437,9.50234,livestock manure compost|7.775|26.174|68.851
livestock manure compost,7.77523,26.1735,68.851,7.0,46.323,45.946,8.8654,1.44038,188.47,242.857,1.42374,36.610477482,63.116463178968,25.7143,38.6283,,,,,,,Segment A: calibrated,46.323,45.946,8.8654,livestock manure compost|7.775|26.174|68.851
livestock manure compost,7.77523,26.1735,68.851,14.0,47.724,43.137,9.0952,1.37449,177.38,74.83,1.52052,31.186169304,53.764955880096,20.5102,48.481,,,,,,,Segment A: calibrated,47.724,43.137,9.0952,livestock manure compost|7.775|26.174|68.851
livestock manure compost,7.77523,26.1735,68.851,26.0,27.072,35.503,8.99432,1.61004,177.38,89.796,1.42823,27.617255041,47.612147690684,19.3367,47.6529,,,,,,,Segment A: calibrated,27.072,35.503,8.99432,livestock manure compost|7.775|26.174|68.851
livestock manure compost,7.77523,26.1735,68.851,30.0,26.515,35.107,9.18404,1.96445,188.47,98.639,1.5738,26.33707086,45.40511016264,16.7347,60.3253,,,,,,,Segment A: calibrated,26.515,35.107,9.18404,livestock manure compost|7.775|26.174|68.851
livestock manure compost,7.77523,26.1735,68.851,45.0,23.093,30.441,9.03808,1.82318,188.47,103.401,1.5425,25.81327475,44.502085669,16.7347,61.5441,,,,,,,Segment A: calibrated,23.093,30.441,9.03808,livestock manure compost|7.775|26.174|68.851
livestock manure compost,7.82533,28.2143,66.252,0.0,21.347,66.252,7.82533,1.64966,1319.29,66.667,1.16996,33.009602428,56.908554585872,28.2143,27.6055,,,,,,,Segment A: calibrated,21.347,66.252,7.82533,livestock manure compost|7.825|28.214|66.252
livestock manure compost,7.82533,28.2143,66.252,2.0,31.712,63.072,8.50101,1.4968,1984.48,91.837,1.50468,45.524243868,78.483796428432,30.2551,25.7625,,,,,,,Segment A: calibrated,31.712,63.072,8.50101,livestock manure compost|7.825|28.214|66.252
livestock manure compost,7.82533,28.2143,66.252,4.0,46.439,58.964,9.34203,1.53816,1031.04,185.714,1.2812,33.20665408,57.24827163392,25.9184,17.8124,,,,,,,Segment A: calibrated,46.439,58.964,9.34203,livestock manure compost|7.825|28.214|66.252
livestock manure compost,7.82533,28.2143,66.252,7.0,51.233,41.677,8.95057,1.40558,210.64,264.626,1.28038,32.07479938,55.29695413112,25.051,39.5779,,,,,,,Segment A: calibrated,51.233,41.677,8.95057,livestock manure compost|7.825|28.214|66.252
livestock manure compost,7.82533,28.2143,66.252,14.0,51.542,43.509,9.03008,1.40638,138.58,63.265,1.42598,29.319859976,50.547438598624,20.5612,45.2918,,,,,,,Segment A: calibrated,51.542,43.509,9.03008,livestock manure compost|7.825|28.214|66.252
livestock manure compost,7.82533,28.2143,66.252,26.0,27.29,34.945,8.93921,1.45642,144.12,73.469,1.55326,29.480253496,50.823957027104,18.9796,52.0062,,,,,,,Segment A: calibrated,27.29,34.945,8.93921,livestock manure compost|7.825|28.214|66.252
livestock manure compost,7.82533,28.2143,66.252,30.0,24.66,32.323,9.14395,1.56733,155.21,74.15,1.57379,25.935429684,44.712680775216,16.4796,62.949,,,,,,,Segment A: calibrated,24.66,32.323,9.14395,livestock manure compost|7.825|28.214|66.252
livestock manure compost,7.82533,28.2143,66.252,45.0,22.547,26.358,9.07315,1.43477,138.58,83.673,1.51809,24.010566867,41.394217278708,15.8163,62.0659,,,,,,,Segment A: calibrated,22.547,26.358,9.07315,livestock manure compost|7.825|28.214|66.252
livestock manure compost,7.8153,23.1122,68.851,0.0,22.329,68.851,7.8153,1.53082,1003.33,101.361,1.61834,37.403397748,64.483457717552,23.1122,35.7724,,,,,,,Segment A: calibrated,22.329,68.851,7.8153,livestock manure compost|7.815|23.112|68.851
livestock manure compost,7.8153,23.1122,68.851,2.0,34.44,70.868,8.56113,1.59535,964.52,105.442,1.44976,35.356456928,60.954531743872,24.3878,30.6086,,,,,,,Segment A: calibrated,34.44,70.868,8.56113,livestock manure compost|7.815|23.112|68.851
livestock manure compost,7.8153,23.1122,68.851,4.0,40.764,57.479,9.33703,1.41641,1202.88,186.395,1.41539,35.52911978,61.25220250072,25.102,12.7383,,,,,,,Segment A: calibrated,40.764,57.479,9.33703,livestock manure compost|7.815|23.112|68.851
livestock manure compost,7.8153,23.1122,68.851,7.0,47.632,44.833,8.75018,1.32445,232.82,97.279,1.44203,31.342089441,54.033762196284,21.7347,44.4709,,,,,,,Segment A: calibrated,47.632,44.833,8.75018,livestock manure compost|7.815|23.112|68.851
livestock manure compost,7.8153,23.1122,68.851,14.0,51.325,40.724,9.21543,1.29912,194.01,87.755,1.41377,30.223009552,52.104468467648,21.3776,40.3432,,,,,,,Segment A: calibrated,51.325,40.724,9.21543,livestock manure compost|7.815|23.112|68.851
livestock manure compost,7.8153,23.1122,68.851,26.0,27.507,33.646,8.94924,1.65931,199.56,98.639,1.50446,26.097717174,44.992464407976,17.3469,58.3144,,,,,,,Segment A: calibrated,27.507,33.646,8.94924,livestock manure compost|7.815|23.112|68.851
livestock manure compost,7.8153,23.1122,68.851,30.0,25.751,29.167,9.12893,1.88618,205.1,104.082,1.56465,27.062029935,46.65493960794,17.2959,59.5497,,,,,,,Segment A: calibrated,25.751,29.167,9.12893,livestock manure compost|7.815|23.112|68.851
livestock manure compost,7.8153,23.1122,68.851,45.0,22.438,25.244,9.06813,1.7913,188.47,103.401,1.48759,26.715926328,46.058256989472,17.9592,57.8848,,,,,,,Segment A: calibrated,22.438,25.244,9.06813,livestock manure compost|7.815|23.112|68.851
livestock manure compost,8.29125,28.3163,66.438,0.0,21.347,66.438,8.29125,1.64966,1147.45,37.415,1.27368,36.065904984,62.177620192416,28.3163,30.3007,,,,,,,Segment A: calibrated,21.347,66.438,8.29125,livestock manure compost|8.291|28.316|66.438
livestock manure compost,8.29125,28.3163,66.438,2.0,32.475,65.67,8.53608,1.49971,1330.38,81.633,1.1783,31.02051495,53.4793677738,26.3265,23.8196,,,,,,,Segment A: calibrated,32.475,65.67,8.53608,livestock manure compost|8.291|28.316|66.438
livestock manure compost,8.29125,28.3163,66.438,4.0,41.528,56.737,9.32198,1.73816,1596.45,197.279,1.2507,29.92750002,51.59501003448,23.9286,15.4682,,,,,,,Segment A: calibrated,41.528,56.737,9.32198,livestock manure compost|8.291|28.316|66.438
livestock manure compost,8.29125,28.3163,66.438,7.0,47.739,41.306,8.94056,1.40849,166.3,243.537,1.22547,29.136161985,50.23074326214,23.7755,44.2552,,,,,,,Segment A: calibrated,47.739,41.306,8.94056,livestock manure compost|8.291|28.316|66.438
livestock manure compost,8.29125,28.3163,66.438,14.0,51.871,39.054,9.08016,1.49043,155.21,74.83,1.26738,26.058853656,44.925463702944,20.5612,44.7284,,,,,,,Segment A: calibrated,51.871,39.054,9.08016,livestock manure compost|8.291|28.316|66.438
livestock manure compost,8.29125,28.3163,66.438,26.0,26.745,35.317,8.84403,1.63322,144.12,89.116,1.40991,26.687622426,46.009461062424,18.9286,49.5006,,,,,,,Segment A: calibrated,26.745,35.317,8.84403,livestock manure compost|8.291|28.316|66.438
livestock manure compost,8.29125,28.3163,66.438,30.0,25.86,34.178,9.10387,1.88617,144.12,97.959,1.46095,25.7156419,44.3337666356,17.602,57.168,,,,,,,Segment A: calibrated,25.86,34.178,9.10387,livestock manure compost|8.291|28.316|66.438
livestock manure compost,8.29125,28.3163,66.438,45.0,22.329,29.513,8.96293,1.70433,138.58,103.401,1.41743,25.889784179,44.633987924596,18.2653,56.2635,,,,,,,Segment A: calibrated,22.329,29.513,8.96293,livestock manure compost|8.291|28.316|66.438
livestock manure compost,7.98564,25.5102,61.797,0.0,23.093,61.797,7.98564,1.43516,460.09,80.272,1.62138,41.361728076,71.307619203024,25.5102,51.2163,,,,,,,Segment A: calibrated,23.093,61.797,7.98564,livestock manure compost|7.986|25.51|61.797
livestock manure compost,7.98564,25.5102,61.797,2.0,34.331,69.197,8.57616,1.45622,1191.8,82.313,1.37962,38.573071504,66.499975272896,27.9592,37.2033,,,,,,,Segment A: calibrated,34.331,69.197,8.57616,livestock manure compost|7.986|25.51|61.797
livestock manure compost,7.98564,25.5102,61.797,4.0,45.236,57.294,9.332,1.56714,842.57,272.789,1.06464,35.252572608,60.775435176192,33.1122,14.3983,,,,,,,Segment A: calibrated,45.236,57.294,9.332,livestock manure compost|7.986|25.51|61.797
livestock manure compost,7.98564,25.5102,61.797,7.0,49.594,41.121,8.86542,1.34763,188.47,119.048,1.31698,31.849449226,54.908450465624,24.1837,34.0417,,,,,,,Segment A: calibrated,49.594,41.121,8.86542,livestock manure compost|7.986|25.51|61.797
livestock manure compost,7.98564,25.5102,61.797,14.0,52.528,40.91,9.0952,1.43245,155.21,83.673,1.36498,30.503071562,52.587295372888,22.3469,36.4101,,,,,,,Segment A: calibrated,52.528,40.91,9.0952,livestock manure compost|7.986|25.51|61.797
livestock manure compost,7.98564,25.5102,61.797,26.0,27.616,43.298,8.9843,1.58105,182.93,82.313,1.40992,25.536753024,44.025362213376,18.1122,49.0048,,,,,,,Segment A: calibrated,27.616,43.298,8.9843,livestock manure compost|7.986|25.51|61.797
livestock manure compost,7.98564,25.5102,61.797,30.0,26.297,37.89,9.14395,1.90357,194.01,82.993,1.43657,25.359913867,43.720491506708,17.6531,55.3451,,,,,,,Segment A: calibrated,26.297,37.89,9.14395,livestock manure compost|7.986|25.51|61.797
livestock manure compost,7.98564,25.5102,61.797,45.0,23.53,30.627,9.07316,1.86666,160.75,82.313,1.41439,25.401312888,43.791863418912,17.9592,56.8372,,,,,,,Segment A: calibrated,23.53,30.627,9.07316,livestock manure compost|7.986|25.51|61.797
livestock manure compost,7.75519,24.1327,64.21,0.0,21.347,64.21,7.75519,1.40037,426.83,48.98,1.25233,30.222104191,52.102907625284,24.1327,38.4755,,,,,,,Segment A: calibrated,21.347,64.21,7.75519,livestock manure compost|7.755|24.133|64.21
livestock manure compost,7.75519,24.1327,64.21,2.0,34.437,68.826,8.6463,1.48522,1175.17,161.905,1.04411,25.889647149,44.633751684876,24.7959,29.649,,,,,,,Segment A: calibrated,34.437,68.826,8.6463,livestock manure compost|7.755|24.133|64.21
livestock manure compost,7.75519,24.1327,64.21,4.0,43.33,52.468,9.28189,1.47148,1147.45,116.327,0.8908,22.54267388,38.86356976912,25.3061,17.4305,,,,,,,Segment A: calibrated,43.33,52.468,9.28189,livestock manure compost|7.755|24.133|64.21
livestock manure compost,7.75519,24.1327,64.21,7.0,48.944,43.162,8.97062,1.43167,194.01,220.408,1.17363,29.34075,50.583453,25.0,42.8029,,,,,,,Segment A: calibrated,48.944,43.162,8.97062,livestock manure compost|7.755|24.133|64.21
livestock manure compost,7.75519,24.1327,64.21,14.0,50.343,44.994,9.12525,1.3281,144.12,74.15,1.45342,31.737896514,54.716133590136,21.8367,41.5597,,,,,,,Segment A: calibrated,50.343,44.994,9.12525,livestock manure compost|7.755|24.133|64.21
livestock manure compost,7.75519,24.1327,64.21,26.0,26.524,38.472,9.13462,1.71439,166.3,63.946,1.62341,28.658219071,49.406769678404,17.6531,59.1183,,,,,,,Segment A: calibrated,26.524,38.472,9.13462,livestock manure compost|7.755|24.133|64.21
livestock manure compost,7.75519,24.1327,64.21,30.0,25.86,36.778,9.09888,1.99921,149.67,64.626,1.76597,30.093541576,51.881265677024,17.0408,71.1651,,,,,,,Segment A: calibrated,25.86,36.778,9.09888,livestock manure compost|7.755|24.133|64.21
livestock manure compost,7.75519,24.1327,64.21,45.0,22.441,30.07,9.16334,1.64926,149.67,61.905,1.70415,29.12699097,50.21493243228,17.0918,70.233,,,,,,,Segment A: calibrated,22.441,30.07,9.16334,livestock manure compost|7.755|24.133|64.21
livestock manure compost,7.74811,20.5034783918085,68.59,0.0,36.184,68.59,7.74811,2.0705,1515.6,457.51,1.66025,34.0409,58.6865116000001,20.5034783918085,16.262,,,,,,,Segment A: calibrated,36.184,68.59,7.74811,livestock manure compost|7.748|20.503|68.59
livestock manure compost,7.74811,20.5034783918085,68.59,2.0,52.895,66.054,7.50189,2.3365,2193.1,618.53,1.47896,32.0897,55.3226428,21.697476605182,17.271,,,,,,,Segment A: calibrated,52.895,66.054,7.50189,livestock manure compost|7.748|20.503|68.59
livestock manure compost,7.74811,20.5034783918085,68.59,7.0,64.868,62.475,7.56981,3.0119,1737.6,555.91,1.36676,29.8799,51.5129475999999,21.8618484591296,29.132,,,,,,,Segment A: calibrated,64.868,62.475,7.56981,livestock manure compost|7.748|20.503|68.59
livestock manure compost,7.74811,20.5034783918085,68.59,14.0,61.974,55.57,7.45094,3.2049,1047.4,581.47,1.65455,29.2233,50.3809692000001,17.6623855428969,35.946,,,,,,,Segment A: calibrated,61.974,55.57,7.45094,livestock manure compost|7.748|20.503|68.59
livestock manure compost,7.74811,20.5034783918085,68.59,21.0,50.658,51.135,7.34623,3.4066,640.5,615.97,1.73144,28.0488,48.3561312,16.1996950515178,48.817,,,,,,,Segment A: calibrated,50.658,51.135,7.34623,livestock manure compost|7.748|20.503|68.59
livestock manure compost,7.74811,20.5034783918085,68.59,28.0,42.105,48.409,7.34057,2.9518,500.6,638.98,1.79743,26.9394,46.4435256,14.9877324847143,64.968,,,,,,,Segment A: calibrated,42.105,48.409,7.34057,livestock manure compost|7.748|20.503|68.59
livestock manure compost,7.74811,20.5034783918085,68.59,35.0,35.263,47.677,7.33491,2.9876,474.0,645.37,1.81248,25.9591,44.7534884000001,14.3224201094633,73.549,,,,,,,Segment A: calibrated,35.263,47.677,7.33491,livestock manure compost|7.748|20.503|68.59
livestock manure compost,7.73396,20.0595391252835,68.21,0.0,36.711,68.21,7.73396,2.0401,1418.5,470.29,1.67117,33.5229,57.7934796,20.0595391252835,17.019,,,,,,,Segment A: calibrated,36.711,68.21,7.73396,livestock manure compost|7.734|20.06|68.21
livestock manure compost,7.73396,20.0595391252835,68.21,2.0,55.0,65.768,7.55566,2.57979999999999,2678.7,635.14,1.51168,31.3133,53.9841292,20.7142384631668,17.271,,,,,,,Segment A: calibrated,55.0,65.768,7.55566,livestock manure compost|7.734|20.06|68.21
livestock manure compost,7.73396,20.0595391252835,68.21,7.0,66.974,59.721,7.4566,3.419,2117.8,587.86,1.47584,29.1032,50.1739167999999,19.7197528187337,31.151,,,,,,,Segment A: calibrated,66.974,59.721,7.4566,livestock manure compost|7.734|20.06|68.21
livestock manure compost,7.73396,20.0595391252835,68.21,14.0,64.079,52.342,7.40849,3.4012,1160.7,623.64,1.72364,28.1878,48.5957672,16.3536469332343,39.479,,,,,,,Segment A: calibrated,64.079,52.342,7.40849,livestock manure compost|7.734|20.06|68.21
livestock manure compost,7.73396,20.0595391252835,68.21,21.0,51.053,47.147,7.31509,3.427,632.4,658.15,1.7569,26.3014,45.3436136,14.9703454949058,60.174,,,,,,,Segment A: calibrated,51.053,47.147,7.31509,livestock manure compost|7.734|20.06|68.21
livestock manure compost,7.73396,20.0595391252835,68.21,28.0,41.316,45.18,7.34906,3.1867,533.0,683.71,1.91014,23.7032,40.8643168000001,12.4091427853456,75.568,,,,,,,Segment A: calibrated,41.316,45.18,7.34906,livestock manure compost|7.734|20.06|68.21
livestock manure compost,7.73396,20.0595391252835,68.21,35.0,35.526,44.448,7.41132,2.9049,474.0,704.15,1.96883,23.4351,40.4021124000001,11.9030591772779,82.634,,,,,,,Segment A: calibrated,35.526,44.448,7.41132,livestock manure compost|7.734|20.06|68.21
livestock manure compost,7.74811,20.2197248641712,67.166,0.0,35.921,67.166,7.74811,2.0106,1575.7,447.28,1.66754,33.7172,58.1284528000001,20.2197248641712,16.262,,,,,,,Segment A: calibrated,35.921,67.166,7.74811,livestock manure compost|7.748|20.22|67.166
livestock manure compost,7.74811,20.2197248641712,67.166,2.0,55.395,64.344,7.51038,2.7605,2612.2,631.31,1.50444,30.7957,53.0917867999999,20.4698758341974,16.767,,,,,,,Segment A: calibrated,55.395,64.344,7.51038,livestock manure compost|7.748|20.22|67.166
livestock manure compost,7.74811,20.2197248641712,67.166,7.0,66.316,59.056,7.51321,3.13829999999999,2090.4,591.69,1.46494,28.5854,49.2812296000001,19.5130175979904,31.656,,,,,,,Segment A: calibrated,66.316,59.056,7.51321,livestock manure compost|7.748|20.22|67.166
livestock manure compost,7.74811,20.2197248641712,67.166,14.0,63.421,49.683,7.34623,3.42,1122.3,646.65,1.74546,26.7638,46.1407911999999,15.3333791665234,40.994,,,,,,,Segment A: calibrated,63.421,49.683,7.34623,livestock manure compost|7.748|20.22|67.166
livestock manure compost,7.74811,20.2197248641712,67.166,21.0,50.526,45.344,7.34623,3.3052,649.4,667.09,1.85872,25.9775,44.78521,13.9760157527761,61.94,,,,,,,Segment A: calibrated,50.526,45.344,7.34623,livestock manure compost|7.748|20.22|67.166
livestock manure compost,7.74811,20.2197248641712,67.166,28.0,39.737,44.042,7.35755,3.12049999999999,508.9,696.49,1.98286,23.2503,40.0835172,11.7256387238635,77.587,,,,,,,Segment A: calibrated,39.737,44.042,7.35755,livestock manure compost|7.748|20.22|67.166
livestock manure compost,7.74811,20.2197248641712,67.166,35.0,35.132,44.354,7.4283,2.9498,474.3,709.27,2.01248,23.1114,39.8440536000002,11.4840395929401,84.401,,,,,,,Segment A: calibrated,35.132,44.354,7.4283,livestock manure compost|7.748|20.22|67.166
livestock manure compost,7.76509,20.1032059200979,67.451,0.0,36.316,67.451,7.76509,2.0287,1543.2,458.79,1.66754,33.5229,57.7934796000001,20.1032059200979,17.019,,,,,,,Segment A: calibrated,36.316,67.451,7.76509,livestock manure compost|7.765|20.103|67.451
livestock manure compost,7.76509,20.1032059200979,67.451,2.0,56.053,64.725,7.48208,2.85,2725.9,645.37,1.52987,30.2774,52.1982375999999,19.7908319007497,17.019,,,,,,,Segment A: calibrated,56.053,64.725,7.48208,livestock manure compost|7.765|20.103|67.451
livestock manure compost,7.76509,20.1032059200979,67.451,7.0,68.289,59.34,7.34906,3.59049999999999,2325.8,609.58,1.50494,27.8732,48.0533968,18.5211370552979,31.656,,,,,,,Segment A: calibrated,68.289,59.34,7.34906,livestock manure compost|7.765|20.103|67.451
livestock manure compost,7.76509,20.1032059200979,67.451,14.0,64.737,51.203,7.39151,3.6951,1236.0,663.26,1.82909,25.9225,44.69039,14.1723479981849,43.265,,,,,,,Segment A: calibrated,64.737,51.203,7.39151,livestock manure compost|7.765|20.103|67.451
livestock manure compost,7.76509,20.1032059200979,67.451,21.0,49.342,45.914,7.36321,3.3404,697.9,682.43,2.04055,25.1363,43.3349811999999,12.3183945504888,64.211,,,,,,,Segment A: calibrated,49.342,45.914,7.36321,livestock manure compost|7.765|20.103|67.451
livestock manure compost,7.76509,20.1032059200979,67.451,28.0,36.974,44.609,7.37453,3.15,541.5,733.55,2.08105,22.3441,38.5212283999999,10.7369356815069,80.868,,,,,,,Segment A: calibrated,36.974,44.609,7.37453,livestock manure compost|7.765|20.103|67.451
livestock manure compost,7.76509,20.1032059200979,67.451,35.0,35.921,44.353,7.44811,3.12179999999999,498.6,746.33,2.11066,22.5939,38.9518836,10.7046611012669,85.41,,,,,,,Segment A: calibrated,35.921,44.353,7.44811,livestock manure compost|7.765|20.103|67.451
livestock manure compost,7.1429,17.3422,55.135,0.0,15.05,55.135,7.1429,3.3532,1928.6,422.69,2.1167441270427,36.709,63.2863159999998,17.3422,50.1668,,,,,,,Segment A: calibrated,15.05,55.135,7.1429,livestock manure compost|7.143|17.342|55.135
livestock manure compost,7.1429,17.3422,55.135,7.0,48.968,51.768,8.7738,3.1563,2255.1,263.34,1.90826971803973,35.3215,60.894266,18.5097,40.0651,,,,,,,Segment A: calibrated,48.968,51.768,8.7738,livestock manure compost|7.143|17.342|55.135
livestock manure compost,7.1429,17.3422,55.135,14.0,22.214,45.293,8.4167,3.8894,2040.8,299.84,2.14101076010917,34.1245,58.830638,15.9385,74.1291,,,,,,,Segment A: calibrated,22.214,45.293,8.4167,livestock manure compost|7.143|17.342|55.135
livestock manure compost,7.1429,17.3422,55.135,21.0,25.719,42.196,8.1786,3.6583,1836.7,624.95,2.25497542956808,34.003,58.6211720000001,15.0791,79.6625,,,,,,,Segment A: calibrated,25.719,42.196,8.1786,livestock manure compost|7.143|17.342|55.135
livestock manure compost,7.1429,17.3422,55.135,28.0,16.232,34.774,8.2024,3.7685,1612.2,713.05,2.48616860402951,32.5524,56.1203376,13.0934,87.9703,,,,,,,Segment A: calibrated,16.232,34.774,8.2024,livestock manure compost|7.143|17.342|55.135
livestock manure compost,7.1429,17.3422,55.135,35.0,17.043,35.056,7.9286,3.7934,1234.7,723.77,2.66324236218498,31.8617,54.9295708,11.9635,88.3885,,,,,,,Segment A: calibrated,17.043,35.056,7.9286,livestock manure compost|7.143|17.342|55.135
livestock manure compost,7.1429,17.3422,55.135,42.0,17.218,34.932,7.8452,3.9207,1000.0,760.27,2.6539516371785,31.7402,54.7201048,11.9596,89.0069,,,,,,,Segment A: calibrated,17.218,34.932,7.8452,livestock manure compost|7.143|17.342|55.135
livestock manure compost,7.1429,17.3422,55.135,49.0,15.338,31.023,7.869,4.0907,949.0,858.62,2.65991654702835,31.682,54.619768,11.9109,87.8764,,,,,,,Segment A: calibrated,15.338,31.023,7.869,livestock manure compost|7.143|17.342|55.135
livestock manure compost,7.1429,17.3422,55.135,77.0,15.192,27.69,8.0119,4.1732,969.4,947.94,2.55427528424167,31.7665,54.7654459999999,12.4366,85.3601,,,,,,,Segment A: calibrated,15.192,27.69,8.0119,livestock manure compost|7.143|17.342|55.135
livestock manure compost,7.2976,19.0539,56.352,0.0,15.05,56.352,7.2976,3.3874,1927.5,402.06,1.96313615585261,37.4054,64.4869096000001,19.0539,49.0988,,,,,,,Segment A: calibrated,15.05,56.352,7.2976,livestock manure compost|7.298|19.054|56.352
livestock manure compost,7.2976,19.0539,56.352,7.0,55.461,46.092,8.9048,3.0454,2357.1,237.52,1.79283546739694,36.3345,62.6406780000001,20.2665,42.7074,,,,,,,Segment A: calibrated,55.461,46.092,8.9048,livestock manure compost|7.298|19.054|56.352
livestock manure compost,7.2976,19.0539,56.352,14.0,35.678,42.725,8.3333,3.7358,1938.8,284.34,1.86590839512451,35.9596,61.9943504000001,19.2719,76.1886,,,,,,,Segment A: calibrated,35.678,42.725,8.3333,livestock manure compost|7.298|19.054|56.352
livestock manure compost,7.2976,19.0539,56.352,21.0,17.956,33.817,8.3452,3.6071,1816.3,583.83,1.99355622756691,35.269,60.803756,17.6915,82.5391,,,,,,,Segment A: calibrated,17.956,33.817,8.3452,livestock manure compost|7.298|19.054|56.352
livestock manure compost,7.2976,19.0539,56.352,28.0,17.498,33.558,8.1548,3.5979,1612.2,754.28,2.13075682156285,33.9453,58.5216971999999,15.9311,84.7765,,,,,,,Segment A: calibrated,17.498,33.558,8.1548,livestock manure compost|7.298|19.054|56.352
livestock manure compost,7.2976,19.0539,56.352,35.0,16.092,31.272,8.0238,3.6483,1061.2,831.98,2.55898654605389,33.3807,57.5483267999999,13.0445,87.9284,,,,,,,Segment A: calibrated,16.092,31.272,8.0238,livestock manure compost|7.298|19.054|56.352
livestock manure compost,7.2976,19.0539,56.352,42.0,16.11,30.066,7.9524,3.7586,938.8,920.06,2.58208191919662,33.3228,57.4485072000001,12.9054,86.7423,,,,,,,Segment A: calibrated,16.11,30.066,7.9524,livestock manure compost|7.298|19.054|56.352
livestock manure compost,7.2976,19.0539,56.352,49.0,14.703,27.24,7.9048,3.9115,857.1,992.67,2.5960548953707,32.4416,55.9293183999999,12.4965,84.1538,,,,,,,Segment A: calibrated,14.703,27.24,7.9048,livestock manure compost|7.298|19.054|56.352
livestock manure compost,7.2976,19.0539,56.352,77.0,14.4,25.258,8.1548,4.0111,775.5,1143.83,2.48948965260373,32.0828,55.3107472000001,12.8873,85.6783,,,,,,,Segment A: calibrated,14.4,25.258,8.1548,livestock manure compost|7.298|19.054|56.352
livestock manure compost,7.25,20.7981,56.351,0.0,15.208,56.351,7.25,3.2849,1927.1,391.76,1.85022670340079,38.4812,66.3415888,20.7981,45.7791,,,,,,,Segment A: calibrated,15.208,56.351,7.25,livestock manure compost|7.25|20.798|56.351
livestock manure compost,7.25,20.7981,56.351,7.0,52.453,47.715,8.9881,2.9771,2357.1,206.61,1.68732882045269,36.8408,63.5135391999999,21.8338,34.4245,,,,,,,Segment A: calibrated,52.453,47.715,8.9881,livestock manure compost|7.25|20.798|56.351
livestock manure compost,7.25,20.7981,56.351,14.0,22.531,46.78,8.7381,3.2238,2030.6,279.2,1.74570874927157,36.8465,63.5233660000002,21.1069,46.3388,,,,,,,Segment A: calibrated,22.531,46.78,8.7381,livestock manure compost|7.25|20.798|56.351
livestock manure compost,7.25,20.7981,56.351,21.0,18.273,41.385,8.6429,3.5644,1795.9,609.52,1.80110098860223,36.2187,62.4410387999999,20.1092,55.6263,,,,,,,Segment A: calibrated,18.273,41.385,8.6429,livestock manure compost|7.25|20.798|56.351
livestock manure compost,7.25,20.7981,56.351,28.0,23.05,35.855,8.6667,3.4443,1622.4,780.02,2.00033922623053,35.9703,62.0127972,17.9821,67.5314,,,,,,,Segment A: calibrated,23.05,35.855,8.6667,livestock manure compost|7.25|20.798|56.351
livestock manure compost,7.25,20.7981,56.351,35.0,21.166,34.381,8.5119,3.5119,979.6,960.87,2.50363857306478,35.8491,61.8038483999999,14.3188,83.1084,,,,,,,Segment A: calibrated,21.166,34.381,8.5119,livestock manure compost|7.25|20.798|56.351
livestock manure compost,7.25,20.7981,56.351,42.0,22.451,31.418,8.2262,3.6221,949.0,1043.79,2.49097739415157,34.0823,58.7578852,13.6823,87.8724,,,,,,,Segment A: calibrated,22.451,31.418,8.2262,livestock manure compost|7.25|20.798|56.351
livestock manure compost,7.25,20.7981,56.351,49.0,17.873,30.754,8.0476,3.6981,775.5,1033.9,2.43754384151339,33.0119,56.9125156,13.5431,88.2017,,,,,,,Segment A: calibrated,17.873,30.754,8.0476,livestock manure compost|7.25|20.798|56.351
livestock manure compost,7.25,20.7981,56.351,77.0,18.043,26.744,8.2262,3.9514,632.7,1174.76,2.40565370504074,32.6529,56.2935996,13.5734,84.5092,,,,,,,Segment A: calibrated,18.043,26.744,8.2262,livestock manure compost|7.25|20.798|56.351
livestock manure compost,7.47351,28.5117,59.739,0.0,18.963,59.739,7.47351,2.1269,1012.47,515.84,1.46,28.4587,71.765089368,28.5117,29.824,,,,,,,Segment A: calibrated,18.963,59.739,7.47351,livestock manure compost|7.474|28.512|59.739
livestock manure compost,7.47351,28.5117,59.739,6.0,53.415,59.652,7.78968,2.6234,2245.87,496.38,1.42,27.6667,68.171194144,27.8468,37.8147,,,,,,,Segment A: calibrated,53.415,59.652,7.78968,livestock manure compost|7.474|28.512|59.739
livestock manure compost,7.47351,28.5117,59.739,12.0,40.152,62.0,7.94273,2.2599,2204.62,318.88,1.25,28.4587,61.532146,28.5532,23.9441,,,,,,,Segment A: calibrated,40.152,62.0,7.94273,livestock manure compost|7.474|28.512|59.739
livestock manure compost,7.47351,28.5117,59.739,18.0,37.8746504854368,52.957,8.5308,2.15529999999999,1219.74,219.18,1.13,26.6106,51.819992,26.6,38.9093,,,,,,,Segment A: calibrated,37.8746504854368,52.957,8.5308,livestock manure compost|7.474|28.512|59.739
livestock manure compost,7.47351,28.5117,59.739,24.0,37.8746504854368,46.348,8.21618,2.56109999999999,1220.72,586.35,1.03,24.9208,44.356065024,24.9792,57.4176,,,,,,,Segment A: calibrated,37.8746504854368,46.348,8.21618,livestock manure compost|7.474|28.512|59.739
livestock manure compost,7.47351,28.5117,59.739,36.0,37.8746504854368,45.304,8.32028,2.34409999999999,700.6,873.28,1.03,24.0759,42.511269516,23.9403,67.3909,,,,,,,Segment A: calibrated,37.8746504854368,45.304,8.32028,livestock manure compost|7.474|28.512|59.739
livestock manure compost,7.47351,28.5117,59.739,48.0,37.8746504854368,43.565,8.35368,2.2953,405.83,734.68,1.03,22.7558,40.444864152,22.7766,71.3646,,,,,,,Segment A: calibrated,37.8746504854368,43.565,8.35368,livestock manure compost|7.474|28.512|59.739
livestock manure compost,7.46806,29.4675,59.217,0.0,18.963,59.217,7.46806,2.2078,1005.42,593.65,1.44,29.5149,73.1548368,29.4675,31.6083,,,,,,,Segment A: calibrated,18.963,59.217,7.46806,livestock manure compost|7.468|29.468|59.217
livestock manure compost,7.46806,29.4675,59.217,6.0,58.293,65.304,7.94194,2.4873,1964.17,391.82,1.3,28.3003,63.34146676,28.2623,24.3604,,,,,,,Segment A: calibrated,58.293,65.304,7.94194,livestock manure compost|7.468|29.468|59.217
livestock manure compost,7.46806,29.4675,59.217,12.0,39.085,63.391,8.6551,1.8959,2134.18,255.65,1.18,28.6172,58.50907752,28.761,22.2985,,,,,,,Segment A: calibrated,39.085,63.391,8.6551,livestock manure compost|7.468|29.468|59.217
livestock manure compost,7.46806,29.4675,59.217,18.0,37.8746504854368,55.217,8.44924,2.2976,1459.14,659.3,1.15,24.9736,49.52376192,24.9792,42.1801,,,,,,,Segment A: calibrated,37.8746504854368,55.217,8.44924,livestock manure compost|7.468|29.468|59.217
livestock manure compost,7.46806,29.4675,59.217,24.0,37.8746504854368,51.043,8.28686,2.3333,1129.17,934.07,1.16,23.3894,46.713062656,23.3584,50.049,,,,,,,Segment A: calibrated,37.8746504854368,51.043,8.28686,livestock manure compost|7.468|29.468|59.217
livestock manure compost,7.46806,29.4675,59.217,36.0,37.8746504854368,46.783,8.07556,2.4012,644.23,892.74,1.26,20.5908,44.330639472,20.4078,67.6624,,,,,,,Segment A: calibrated,37.8746504854368,46.783,8.07556,livestock manure compost|7.468|29.468|59.217
livestock manure compost,7.46806,29.4675,59.217,48.0,37.8746504854368,42.174,7.90775,2.4946,370.63,892.74,1.28,20.2211,44.483944448,20.1584,81.9203,,,,,,,Segment A: calibrated,37.8746504854368,42.174,7.90775,livestock manure compost|7.468|29.468|59.217
livestock manure compost,7.44632,30.4234,60.696,0.0,18.963,60.696,7.44632,2.0709,977.26,532.86,1.42,30.3597,74.478917072,30.4234,30.6491,,,,,,,Segment A: calibrated,18.963,60.696,7.44632,livestock manure compost|7.446|30.423|60.696
livestock manure compost,7.44632,30.4234,60.696,6.0,49.604,62.522,7.54498,2.2774,1921.92,479.36,1.24,31.6271,67.792003792,31.7117,23.2188,,,,,,,Segment A: calibrated,49.604,62.522,7.54498,livestock manure compost|7.446|30.423|60.696
livestock manure compost,7.44632,30.4234,60.696,12.0,41.829,64.348,8.39953,1.9131,1880.69,296.99,1.15,29.5677,58.91672594,29.7169,23.2772,,,,,,,Segment A: calibrated,41.829,64.348,8.39953,livestock manure compost|7.446|30.423|60.696
livestock manure compost,7.44632,30.4234,60.696,18.0,37.8746504854368,57.913,7.90543,2.4175,1135.22,549.88,1.18,24.8152,50.47758216,24.813,36.0596,,,,,,,Segment A: calibrated,37.8746504854368,57.913,7.90543,livestock manure compost|7.446|30.423|60.696
livestock manure compost,7.44632,30.4234,60.696,24.0,37.8746504854368,48.522,7.74849,2.416,889.74,897.6,1.21,22.2805,46.55936978,22.3195,63.3759,,,,,,,Segment A: calibrated,37.8746504854368,48.522,7.74849,livestock manure compost|7.446|30.423|60.696
livestock manure compost,7.44632,30.4234,60.696,36.0,37.8746504854368,45.391,7.92329,2.4668,616.09,943.8,1.22,21.5941,45.283408072,21.5299,70.8671,,,,,,,Segment A: calibrated,37.8746504854368,45.391,7.92329,livestock manure compost|7.446|30.423|60.696
livestock manure compost,7.44632,30.4234,60.696,48.0,37.8746504854368,42.174,7.80443,2.4954,370.62,836.81,1.26,20.4323,44.511152616,20.4909,82.5401,,,,,,,Segment A: calibrated,37.8746504854368,42.174,7.80443,livestock manure compost|7.446|30.423|60.696
livestock manure compost,7.7973,17.7607,70.109,1.0,37.8746504854368,70.109,7.7973,2.09625,3448.5,510.013462749213,1.69677,30.0075,51.954158746836,17.7607,11.487,,,,,,,Segment A: calibrated,37.8746504854368,70.109,7.7973,livestock manure compost|7.797|17.761|70.109
livestock manure compost,7.7973,17.7607,70.109,2.0,37.8746504854368,67.388,7.79736,2.31258,4286.1,510.013462749213,1.56244,29.0794,50.186406517984,18.6314,1.795,,,,,,,Segment A: calibrated,37.8746504854368,67.388,7.79736,livestock manure compost|7.797|17.761|70.109
livestock manure compost,7.7973,17.7607,70.109,4.0,37.8746504854368,64.395,7.99609,2.49982,4170.1,510.013462749213,1.50934,28.796,49.929656666512,19.1882,17.949,,,,,,,Segment A: calibrated,37.8746504854368,64.395,7.99609,livestock manure compost|7.797|17.761|70.109
livestock manure compost,7.7973,17.7607,70.109,6.0,37.8746504854368,58.408,7.89687,2.49219,3938.1,510.013462749213,1.49158,28.3916,49.281975030016,19.1648,11.487,,,,,,,Segment A: calibrated,37.8746504854368,58.408,7.89687,livestock manure compost|7.797|17.761|70.109
livestock manure compost,7.7973,17.7607,70.109,8.0,37.8746504854368,59.361,7.70519,2.69387,3783.5,510.013462749213,1.548,27.3824,47.7282276432,17.8841,127.795,,,,,,,Segment A: calibrated,37.8746504854368,59.361,7.70519,livestock manure compost|7.797|17.761|70.109
livestock manure compost,7.7973,17.7607,70.109,10.0,37.8746504854368,60.857,7.70528,2.60681,3719.1,510.013462749213,1.58323,27.7442,48.35425387606,17.7155,126.359,,,,,,,Segment A: calibrated,37.8746504854368,60.857,7.70528,livestock manure compost|7.797|17.761|70.109
livestock manure compost,7.7973,17.7607,70.109,14.0,37.8746504854368,55.823,7.29795,3.08957,3139.2,510.013462749213,1.65371,27.8224,48.236572199968,16.9192,127.077,,,,,,,Segment A: calibrated,37.8746504854368,55.823,7.29795,livestock manure compost|7.797|17.761|70.109
livestock manure compost,7.7973,17.7607,70.109,19.0,37.8746504854368,47.524,7.19545,3.48553,2597.9,510.013462749213,1.80186,25.2793,44.527854059088,14.3342,123.128,,,,,,,Segment A: calibrated,37.8746504854368,47.524,7.19545,livestock manure compost|7.797|17.761|70.109
livestock manure compost,7.7973,17.7607,70.109,23.0,37.8746504854368,45.211,7.10661,3.59291,2701.0,510.013462749213,1.76632,25.2769,44.316164064608,14.5531,114.154,,,,,,,Segment A: calibrated,37.8746504854368,45.211,7.10661,livestock manure compost|7.797|17.761|70.109
livestock manure compost,7.7973,17.7607,70.109,30.0,37.8746504854368,39.905,7.29874,3.6059,2353.1,510.013462749213,1.80836,23.8212,42.13765244224,13.516,132.462,,,,,,,Segment A: calibrated,37.8746504854368,39.905,7.29874,livestock manure compost|7.797|17.761|70.109
livestock manure compost,7.7973,17.7607,70.109,37.0,37.8746504854368,36.503,7.19978,3.7849,2456.2,510.013462749213,1.87161,24.301,42.7612538691,13.2525,112.718,,,,,,,Segment A: calibrated,37.8746504854368,36.503,7.19978,livestock manure compost|7.797|17.761|70.109
livestock manure compost,7.7973,17.7607,70.109,54.0,37.8746504854368,33.238,7.49515,3.19668,1966.5,510.013462749213,2.23821,25.0169,44.723575593216,11.5904,101.231,,,,,,,Segment A: calibrated,37.8746504854368,33.238,7.49515,livestock manure compost|7.797|17.761|70.109
livestock manure compost,7.7973,17.7607,70.109,69.0,37.8746504854368,23.85,7.49932,4.38454,1953.6,510.013462749213,1.84169,22.5887,39.964015885008,12.5868,74.667,,,,,,,Segment A: calibrated,37.8746504854368,23.85,7.49932,livestock manure compost|7.797|17.761|70.109
livestock manure compost,8.1021,14.8596,71.061,1.0,37.8746504854368,71.061,8.1021,2.10351,4273.2,510.013462749213,1.89112,27.6688,48.446618360448,14.8596,30.513,,,,,,,Segment A: calibrated,37.8746504854368,71.061,8.1021,livestock manure compost|8.102|14.86|71.061
livestock manure compost,8.1021,14.8596,71.061,2.0,37.8746504854368,64.259,8.0953,2.39922,4144.3,510.013462749213,1.79566,30.8134,53.561181352328,17.3017,26.564,,,,,,,Segment A: calibrated,37.8746504854368,64.259,8.0953,livestock manure compost|8.102|14.86|71.061
livestock manure compost,8.1021,14.8596,71.061,4.0,37.8746504854368,64.531,7.89335,2.29053,3886.6,510.013462749213,1.65422,29.7639,51.481767367032,18.0519,24.051,,,,,,,Segment A: calibrated,37.8746504854368,64.531,7.89335,livestock manure compost|8.102|14.86|71.061
livestock manure compost,8.1021,14.8596,71.061,6.0,37.8746504854368,62.898,7.79756,2.49219,4337.6,510.013462749213,1.55164,29.5207,50.942953541104,19.0439,84.0,,,,,,,Segment A: calibrated,37.8746504854368,62.898,7.79756,livestock manure compost|8.102|14.86|71.061
livestock manure compost,8.1021,14.8596,71.061,8.0,37.8746504854368,59.769,7.70176,2.6938,4105.7,510.013462749213,1.65048,27.2614,47.448357524256,16.6753,65.333,,,,,,,Segment A: calibrated,37.8746504854368,59.769,7.70176,livestock manure compost|8.102|14.86|71.061
livestock manure compost,8.1021,14.8596,71.061,10.0,37.8746504854368,57.456,7.29433,2.61405,2881.4,510.013462749213,1.81998,27.2601,47.695977078624,15.2012,91.179,,,,,,,Segment A: calibrated,37.8746504854368,57.456,7.29433,livestock manure compost|8.102|14.86|71.061
livestock manure compost,8.1021,14.8596,71.061,14.0,37.8746504854368,52.694,7.20207,2.80809,2804.1,510.013462749213,1.71024,27.5806,47.889670506048,16.2423,95.128,,,,,,,Segment A: calibrated,37.8746504854368,52.694,7.20207,livestock manure compost|8.102|14.86|71.061
livestock manure compost,8.1021,14.8596,71.061,19.0,37.8746504854368,47.252,7.19888,3.39172,3061.9,510.013462749213,1.79832,25.1985,44.290318311744,14.2858,89.744,,,,,,,Segment A: calibrated,37.8746504854368,47.252,7.19888,livestock manure compost|8.102|14.86|71.061
livestock manure compost,8.1021,14.8596,71.061,23.0,37.8746504854368,41.265,7.2984,3.48469,2842.8,510.013462749213,1.86879,25.3174,44.706257347752,13.8762,76.462,,,,,,,Segment A: calibrated,37.8746504854368,41.265,7.2984,livestock manure compost|8.102|14.86|71.061
livestock manure compost,8.1021,14.8596,71.061,30.0,37.8746504854368,33.374,7.5008,3.59866,2623.7,510.013462749213,1.99563,24.3453,43.257668619984,12.5732,84.0,,,,,,,Segment A: calibrated,37.8746504854368,33.374,7.5008,livestock manure compost|8.102|14.86|71.061
livestock manure compost,8.1021,14.8596,71.061,37.0,37.8746504854368,26.844,7.49773,3.9942,2391.8,510.013462749213,1.98114,25.3495,44.685819610488,13.0833,73.231,,,,,,,Segment A: calibrated,37.8746504854368,26.844,7.49773,livestock manure compost|8.102|14.86|71.061
livestock manure compost,8.1021,14.8596,71.061,54.0,37.8746504854368,24.531,7.60132,3.99065,1966.5,510.013462749213,1.86719,22.5169,40.111436402492,12.4607,65.333,,,,,,,Segment A: calibrated,37.8746504854368,24.531,7.60132,livestock manure compost|8.102|14.86|71.061
livestock manure compost,8.1021,14.8596,71.061,69.0,37.8746504854368,28.884,7.50275,4.29068,3229.4,510.013462749213,1.94063,23.5967,42.19194321932,12.611,70.718,,,,,,,Segment A: calibrated,37.8746504854368,28.884,7.50275,livestock manure compost|8.102|14.86|71.061
livestock manure compost,7.40004,15.2949,74.054,1.0,37.8746504854368,74.054,7.40004,2.29109,3809.3,510.013462749213,2.15967,32.5882,56.947058841492,15.2949,0.718,,,,,,,Segment A: calibrated,37.8746504854368,74.054,7.40004,livestock manure compost|7.4|15.295|74.054
livestock manure compost,7.40004,15.2949,74.054,2.0,37.8746504854368,69.429,7.29394,2.09606,5000.0,510.013462749213,1.86986,31.5794,54.761561397,16.9875,0.718,,,,,,,Segment A: calibrated,37.8746504854368,69.429,7.29394,livestock manure compost|7.4|15.295|74.054
livestock manure compost,7.40004,15.2949,74.054,4.0,37.8746504854368,65.347,7.99951,2.09567,4788.7,510.013462749213,1.72489,29.7638,51.811847715388,17.4233,0.0,,,,,,,Segment A: calibrated,37.8746504854368,65.347,7.99951,livestock manure compost|7.4|15.295|74.054
livestock manure compost,7.40004,15.2949,74.054,6.0,37.8746504854368,58.272,7.80097,2.29735,3951.0,510.013462749213,1.68944,28.1498,49.12964503808,16.868,6.821,,,,,,,Segment A: calibrated,37.8746504854368,58.272,7.80097,livestock manure compost|7.4|15.295|74.054
livestock manure compost,7.40004,15.2949,74.054,8.0,37.8746504854368,61.401,7.80108,2.39071,4324.7,510.013462749213,1.81656,30.084,52.222861436832,16.6753,0.0,,,,,,,Segment A: calibrated,37.8746504854368,61.401,7.80108,livestock manure compost|7.4|15.295|74.054
livestock manure compost,7.40004,15.2949,74.054,10.0,37.8746504854368,62.218,7.50323,2.29644,5000.0,510.013462749213,1.75286,30.3651,52.65865236732,17.4255,0.0,,,,,,,Segment A: calibrated,37.8746504854368,62.218,7.50323,livestock manure compost|7.4|15.295|74.054
livestock manure compost,7.40004,15.2949,74.054,14.0,37.8746504854368,52.014,7.20548,2.49051,2546.4,510.013462749213,1.89397,28.1854,49.56090316398,15.1785,87.949,,,,,,,Segment A: calibrated,37.8746504854368,52.014,7.20548,livestock manure compost|7.4|15.295|74.054
livestock manure compost,7.40004,15.2949,74.054,19.0,37.8746504854368,47.66,7.40779,2.87922,2907.2,510.013462749213,1.91848,27.9809,49.008612183552,14.8176,86.154,,,,,,,Segment A: calibrated,37.8746504854368,47.66,7.40779,livestock manure compost|7.4|15.295|74.054
livestock manure compost,7.40004,15.2949,74.054,23.0,37.8746504854368,42.626,7.59636,2.98668,2610.8,510.013462749213,2.01013,27.4947,48.338719370644,13.9487,89.385,,,,,,,Segment A: calibrated,37.8746504854368,42.626,7.59636,livestock manure compost|7.4|15.295|74.054
livestock manure compost,7.40004,15.2949,74.054,30.0,37.8746504854368,36.639,7.69943,3.10065,2314.4,510.013462749213,2.00271,26.0389,45.748249797204,13.2501,96.205,,,,,,,Segment A: calibrated,37.8746504854368,36.639,7.69943,livestock manure compost|7.4|15.295|74.054
livestock manure compost,7.40004,15.2949,74.054,37.0,37.8746504854368,30.653,7.50458,3.4817,1747.4,510.013462749213,2.28857,23.9786,43.3215315864,10.98,99.795,,,,,,,Segment A: calibrated,37.8746504854368,30.653,7.50458,livestock manure compost|7.4|15.295|74.054
livestock manure compost,7.40004,15.2949,74.054,54.0,37.8746504854368,31.061,7.80337,3.5865,1631.4,510.013462749213,1.91314,23.0816,41.01872791164,12.4365,84.718,,,,,,,Segment A: calibrated,37.8746504854368,31.061,7.80337,livestock manure compost|7.4|15.295|74.054
livestock manure compost,7.40004,15.2949,74.054,69.0,37.8746504854368,22.082,7.80411,3.99472,1734.5,510.013462749213,2.14909,25.3709,44.9327653929,12.1275,65.333,,,,,,,Segment A: calibrated,37.8746504854368,22.082,7.80411,livestock manure compost|7.4|15.295|74.054
livestock manure compost,7.10553,14.1102,72.422,1.0,37.8746504854368,72.422,7.10553,1.90134,5000.0,510.013462749213,2.29747,31.9431,55.888220298456,14.1102,0.359,,,,,,,Segment A: calibrated,37.8746504854368,72.422,7.10553,livestock manure compost|7.106|14.11|72.422
livestock manure compost,7.10553,14.1102,72.422,2.0,37.8746504854368,71.197,7.89325,2.29092,5000.0,510.013462749213,2.17728,30.2891,53.328957728256,14.2073,0.718,,,,,,,Segment A: calibrated,37.8746504854368,71.197,7.89325,livestock manure compost|7.106|14.11|72.422
livestock manure compost,7.10553,14.1102,72.422,4.0,37.8746504854368,69.02,7.9995,2.19672,5000.0,510.013462749213,2.1277,29.3606,51.49612479076,14.0387,0.0,,,,,,,Segment A: calibrated,37.8746504854368,69.02,7.9995,livestock manure compost|7.106|14.11|72.422
livestock manure compost,7.10553,14.1102,72.422,6.0,37.8746504854368,65.755,7.90029,2.39835,5000.0,510.013462749213,2.03574,28.8757,50.630769838488,14.4263,0.359,,,,,,,Segment A: calibrated,37.8746504854368,65.755,7.90029,livestock manure compost|7.106|14.11|72.422
livestock manure compost,7.10553,14.1102,72.422,8.0,37.8746504854368,63.442,8.1093,2.39791,4311.9,510.013462749213,1.85895,28.3097,49.95464354154,15.5873,0.359,,,,,,,Segment A: calibrated,37.8746504854368,63.442,8.1093,livestock manure compost|7.106|14.11|72.422
livestock manure compost,7.10553,14.1102,72.422,10.0,37.8746504854368,62.082,7.69844,2.59959,3989.7,510.013462749213,2.02846,28.5508,50.454605277608,14.4277,0.0,,,,,,,Segment A: calibrated,37.8746504854368,62.082,7.69844,livestock manure compost|7.106|14.11|72.422
livestock manure compost,7.10553,14.1102,72.422,14.0,37.8746504854368,60.313,7.90069,2.79364,3732.0,510.013462749213,1.82332,28.7499,50.143889843728,15.9521,25.487,,,,,,,Segment A: calibrated,37.8746504854368,60.313,7.90069,livestock manure compost|7.106|14.11|72.422
livestock manure compost,7.10553,14.1102,72.422,19.0,37.8746504854368,51.469,7.59957,3.09578,3280.9,510.013462749213,1.97148,26.7309,47.240019413328,13.8989,49.179,,,,,,,Segment A: calibrated,37.8746504854368,51.469,7.59957,livestock manure compost|7.106|14.11|72.422
livestock manure compost,7.10553,14.1102,72.422,23.0,37.8746504854368,47.524,7.79498,3.20317,3087.6,510.013462749213,2.06314,25.1156,44.797501013192,12.5947,68.205,,,,,,,Segment A: calibrated,37.8746504854368,47.524,7.79498,livestock manure compost|7.106|14.11|72.422
livestock manure compost,7.10553,14.1102,72.422,30.0,37.8746504854368,40.585,8.00423,3.09343,2636.6,510.013462749213,2.14758,25.5148,45.208866359952,12.2106,56.0,,,,,,,Segment A: calibrated,37.8746504854368,40.585,8.00423,livestock manure compost|7.106|14.11|72.422
livestock manure compost,7.10553,14.1102,72.422,37.0,37.8746504854368,29.156,7.80251,3.48175,2056.7,510.013462749213,2.225,24.5431,44.06566843,11.4877,73.231,,,,,,,Segment A: calibrated,37.8746504854368,29.156,7.80251,livestock manure compost|7.106|14.11|72.422
livestock manure compost,7.10553,14.1102,72.422,54.0,37.8746504854368,28.476,7.79994,3.58643,2185.6,510.013462749213,2.10042,25.9847,46.084597716528,12.7266,24.769,,,,,,,Segment A: calibrated,37.8746504854368,28.476,7.79994,livestock manure compost|7.106|14.11|72.422
livestock manure compost,7.10553,14.1102,72.422,69.0,37.8746504854368,23.034,7.49932,3.5905,2043.8,510.013462749213,2.25511,24.1612,43.107644507356,11.0879,35.897,,,,,,,Segment A: calibrated,37.8746504854368,23.034,7.49932,livestock manure compost|7.106|14.11|72.422
livestock manure compost,8.4071,47.444,66.912,1.0,30.471,66.912,8.4071,2.4492,47.62,56.0,1.06264,50.41589216,84.725,47.444,1.011,,,,,,,Segment A: calibrated,30.471,66.912,8.4071,livestock manure compost|8.407|47.444|66.912
livestock manure compost,8.4071,47.444,66.912,3.0,53.659,65.502,7.9867,2.6955,214.29,60.8,1.01868,47.65181304,81.315,46.778,1.011,,,,,,,Segment A: calibrated,53.659,65.502,7.9867,livestock manure compost|8.407|47.444|66.912
livestock manure compost,8.4071,47.444,66.912,7.0,65.383,63.833,7.6327,3.0649,750.0,38.3,1.33956,46.73590884,75.706,34.889,5.728,,,,,,,Segment A: calibrated,65.383,63.833,7.6327,livestock manure compost|8.407|47.444|66.912
livestock manure compost,8.4071,47.444,66.912,14.0,57.417,61.109,7.2898,3.3566,1234.13,49.1,1.59451,39.33177817,69.323,24.667,10.782,,,,,,,Segment A: calibrated,57.417,61.109,7.2898,livestock manure compost|8.407|47.444|66.912
livestock manure compost,8.4071,47.444,66.912,21.0,40.149,58.386,8.1858,3.2629,1007.94,32.6,1.78352,39.43541072,67.886,22.111,13.14,,,,,,,Segment A: calibrated,40.149,58.386,8.1858,livestock manure compost|8.407|47.444|66.912
livestock manure compost,8.4071,47.444,66.912,30.0,32.312,56.461,7.9425,3.5851,757.94,154.9,1.83626,37.54049944,65.568,20.444,30.323,,,,,,,Segment A: calibrated,32.312,56.461,7.9425,livestock manure compost|8.407|47.444|66.912
livestock manure compost,8.4071,47.444,66.912,45.0,17.999,49.957,7.5996,3.7522,353.17,1389.7,1.93736,37.67002784,64.34,19.444,56.604,,,,,,,Segment A: calibrated,17.999,49.957,7.5996,livestock manure compost|8.407|47.444|66.912
livestock manure compost,8.4071,47.444,66.912,60.0,12.45,46.629,7.6549,3.9654,238.1,1500.0,2.01209,36.88764597,63.663,18.333,63.679,,,,,,,Segment A: calibrated,12.45,46.629,7.6549,livestock manure compost|8.407|47.444|66.912
livestock manure compost,8.4071,47.444,66.912,75.0,10.403,41.095,7.9978,4.5026,119.05,1500.0,2.26703,36.27248,62.656,16.0,77.83,,,,,,,Segment A: calibrated,10.403,41.095,7.9978,livestock manure compost|8.407|47.444|66.912
livestock manure compost,8.4071,47.444,66.912,90.0,9.708,37.064,7.7655,4.7158,43.65,1500.0,2.33736,35.83874088,62.747,15.333,89.623,,,,,,,Segment A: calibrated,9.708,37.064,7.7655,livestock manure compost|8.407|47.444|66.912
livestock manure compost,8.4292,47.667,67.353,1.0,34.254,67.353,8.4292,2.8038,43.65,56.2,1.04945,50.02413315,82.857,47.667,0.0,,,,,,,Segment A: calibrated,34.254,67.353,8.4292,livestock manure compost|8.429|47.667|67.353
livestock manure compost,8.4292,47.667,67.353,3.0,56.524,65.767,8.2301,2.9577,47.62,60.3,1.00989,47.57692779,78.018,47.111,1.011,,,,,,,Segment A: calibrated,56.524,65.767,8.2301,livestock manure compost|8.429|47.667|67.353
livestock manure compost,8.4292,47.667,67.353,7.0,71.876,65.333,7.5664,3.2191,384.92,0.0,1.31758,42.45506276,73.398,32.222,1.348,,,,,,,Segment A: calibrated,71.876,65.333,7.5664,livestock manure compost|8.429|47.667|67.353
livestock manure compost,8.4292,47.667,67.353,14.0,56.343,61.728,6.9137,3.4646,873.02,22.3,1.58132,39.533,68.224,25.0,3.032,,,,,,,Segment A: calibrated,56.343,61.728,6.9137,livestock manure compost|8.429|47.667|67.353
livestock manure compost,8.4292,47.667,67.353,21.0,46.449,60.416,7.3119,3.8642,1190.48,31.7,1.78791,38.54018796,66.677,21.556,5.054,,,,,,,Segment A: calibrated,46.449,60.416,7.3119,livestock manure compost|8.429|47.667|67.353
livestock manure compost,8.4292,47.667,67.353,30.0,31.619,58.933,8.2854,4.279,714.29,16.8,1.9022,36.7752326,63.37,19.333,15.836,,,,,,,Segment A: calibrated,31.619,58.933,8.2854,livestock manure compost|8.429|47.667|67.353
livestock manure compost,8.4292,47.667,67.353,45.0,29.324,52.869,8.1527,4.9548,456.35,1443.6,1.98132,35.88368652,61.813,18.111,31.334,,,,,,,Segment A: calibrated,29.324,52.869,8.1527,livestock manure compost|8.429|47.667|67.353
livestock manure compost,8.4292,47.667,67.353,60.0,23.352,46.982,7.9646,5.2452,341.27,1500.0,2.07802,36.01832066,60.916,17.333,46.496,,,,,,,Segment A: calibrated,23.352,46.982,7.9646,livestock manure compost|8.429|47.667|67.353
livestock manure compost,8.4292,47.667,67.353,75.0,22.739,41.007,7.8319,5.3,142.86,1500.0,2.17473,35.27847006,60.678,16.222,49.528,,,,,,,Segment A: calibrated,22.739,41.007,7.8319,livestock manure compost|8.429|47.667|67.353
livestock manure compost,8.4292,47.667,67.353,90.0,18.469,35.916,7.8872,5.3,51.59,1500.0,2.35055,36.3018942,60.33,15.444,55.593,,,,,,,Segment A: calibrated,18.469,35.916,7.8872,livestock manure compost|8.429|47.667|67.353
livestock manure compost,8.7279,48.111,67.706,1.0,34.254,67.706,8.7279,2.9888,27.78,1.4,1.03187,49.64429757,80.878,48.111,1.011,,,,,,,Segment A: calibrated,34.254,67.706,8.7279,livestock manure compost|8.728|48.111|67.706
livestock manure compost,8.7279,48.111,67.706,3.0,47.64,66.209,7.4889,2.8651,31.75,0.0,0.97033,44.63518,77.579,46.0,1.011,,,,,,,Segment A: calibrated,47.64,66.209,7.4889,livestock manure compost|8.728|48.111|67.706
livestock manure compost,8.7279,48.111,67.706,7.0,65.67,64.627,7.2788,3.2654,488.1,0.0,1.1989,41.5622663,71.09,34.667,11.119,,,,,,,Segment A: calibrated,65.67,64.627,7.2788,livestock manure compost|8.728|48.111|67.706
livestock manure compost,8.7279,48.111,67.706,14.0,51.691,63.406,6.969,3.5879,765.87,21.6,1.60769,40.01379641,65.257,24.889,10.782,,,,,,,Segment A: calibrated,51.691,63.406,6.969,livestock manure compost|8.728|48.111|67.706
livestock manure compost,8.7279,48.111,67.706,21.0,45.041,62.271,7.5996,3.7409,1063.49,31.7,1.7967,36.3328674,62.612,20.222,10.445,,,,,,,Segment A: calibrated,45.041,62.271,7.5996,livestock manure compost|8.728|48.111|67.706
livestock manure compost,8.7279,48.111,67.706,30.0,34.299,60.258,8.1195,4.0169,980.16,73.0,2.12637,36.14829,60.183,17.0,17.857,,,,,,,Segment A: calibrated,34.299,60.258,8.1195,livestock manure compost|8.728|48.111|67.706
livestock manure compost,8.7279,48.111,67.706,45.0,32.288,55.254,7.9204,4.3535,630.95,1196.8,2.19231,33.61468923,59.835,15.333,25.606,,,,,,,Segment A: calibrated,32.288,55.254,7.9204,livestock manure compost|8.728|48.111|67.706
livestock manure compost,8.7279,48.111,67.706,60.0,23.496,48.396,8.042,5.3,424.6,1500.0,2.20989,31.67435337,57.838,14.333,27.628,,,,,,,Segment A: calibrated,23.496,48.396,8.042,livestock manure compost|8.728|48.111|67.706
livestock manure compost,8.7279,48.111,67.706,75.0,23.587,44.099,7.854,5.3,150.79,1500.0,2.22308,29.64032564,56.832,13.333,30.323,,,,,,,Segment A: calibrated,23.587,44.099,7.854,livestock manure compost|8.728|48.111|67.706
livestock manure compost,8.7279,48.111,67.706,90.0,19.454,36.357,7.8429,5.3,47.62,1500.0,2.36374,31.51574542,56.043,13.333,42.453,,,,,,,Segment A: calibrated,19.454,36.357,7.8429,livestock manure compost|8.728|48.111|67.706
livestock manure compost,8.7279,46.556,67.971,1.0,30.471,67.971,8.7279,2.8038,23.81,1.8,1.05385,49.0630406,79.559,46.556,0.0,,,,,,,Segment A: calibrated,30.471,67.971,8.7279,livestock manure compost|8.728|46.556|67.971
livestock manure compost,8.7279,46.556,67.971,3.0,58.915,67.446,8.1748,2.788,39.68,4.6,1.00989,46.90333116,75.052,46.444,2.022,,,,,,,Segment A: calibrated,58.915,67.446,8.1748,livestock manure compost|8.728|46.556|67.971
livestock manure compost,8.7279,46.556,67.971,7.0,60.663,66.135,7.6659,2.7873,500.0,38.1,1.38352,44.27264,68.343,32.0,9.771,,,,,,,Segment A: calibrated,60.663,66.135,7.6659,livestock manure compost|8.728|46.556|67.971
livestock manure compost,8.7279,46.556,67.971,14.0,54.989,65.348,7.2456,2.9095,813.49,21.6,1.61209,36.36230204,62.4,22.556,10.108,,,,,,,Segment A: calibrated,54.989,65.348,7.2456,livestock manure compost|8.728|46.556|67.971
livestock manure compost,8.7279,46.556,67.971,21.0,46.619,65.803,7.6991,3.2321,908.73,32.4,1.88901,35.89119,61.073,19.0,9.097,,,,,,,Segment A: calibrated,46.619,65.803,7.6991,livestock manure compost|8.728|46.556|67.971
livestock manure compost,8.7279,46.556,67.971,30.0,33.525,62.906,7.854,4.2944,1055.56,73.0,2.03846,34.65382,59.304,17.0,9.771,,,,,,,Segment A: calibrated,33.525,62.906,7.854,livestock manure compost|8.728|46.556|67.971
livestock manure compost,8.7279,46.556,67.971,45.0,19.483,57.725,7.7434,4.8161,880.95,948.9,2.14396,33.11131824,57.307,15.444,21.563,,,,,,,Segment A: calibrated,19.483,57.725,7.7434,livestock manure compost|8.728|46.556|67.971
livestock manure compost,8.7279,46.556,67.971,60.0,13.663,51.134,7.7876,5.3,480.16,1500.0,2.18791,32.09007597,55.421,14.667,25.943,,,,,,,Segment A: calibrated,13.663,51.134,7.7876,livestock manure compost|8.728|46.556|67.971
livestock manure compost,8.7279,46.556,67.971,75.0,12.156,43.922,7.7765,5.3,174.6,1500.0,2.25824,30.61270144,53.425,13.556,27.291,,,,,,,Segment A: calibrated,12.156,43.922,7.7765,livestock manure compost|8.728|46.556|67.971
livestock manure compost,8.7279,46.556,67.971,90.0,12.675,36.799,7.865,5.3,51.59,1500.0,2.35934,30.93330674,53.187,13.111,41.105,,,,,,,Segment A: calibrated,12.675,36.799,7.865,livestock manure compost|8.728|46.556|67.971
livestock manure compost,8.3407,47.333,66.47,1.0,30.763,66.47,8.3407,2.0946,190.48,1500.0,1.0011,47.3850663,86.812,47.333,0.0,,,,,,,Segment A: calibrated,30.763,66.47,8.3407,livestock manure compost|8.341|47.333|66.47
livestock manure compost,8.3407,47.333,66.47,3.0,53.876,60.028,8.0973,2.3409,480.16,1500.0,1.00989,47.68902558,83.183,47.222,2.358,,,,,,,Segment A: calibrated,53.876,60.028,8.0973,livestock manure compost|8.341|47.333|66.47
livestock manure compost,8.3407,47.333,66.47,7.0,65.086,58.27,8.1527,2.5098,865.08,1500.0,0.93516,45.51143172,78.124,48.667,19.205,,,,,,,Segment A: calibrated,65.086,58.27,8.1527,livestock manure compost|8.341|47.333|66.47
livestock manure compost,8.3407,47.333,66.47,14.0,57.424,57.577,8.1084,2.7553,1567.46,1500.0,1.22527,42.74844503,73.5,34.889,19.879,,,,,,,Segment A: calibrated,57.424,57.577,8.1084,livestock manure compost|8.341|47.333|66.47
livestock manure compost,8.3407,47.333,66.47,21.0,37.865,55.384,8.0531,2.9237,1273.81,1500.0,1.55055,41.86485,71.953,27.0,35.04,,,,,,,Segment A: calibrated,37.865,55.384,8.0531,livestock manure compost|8.341|47.333|66.47
livestock manure compost,8.3407,47.333,66.47,30.0,22.552,53.811,7.9093,3.2922,563.49,1500.0,1.72198,40.75410066,70.403,23.667,66.038,,,,,,,Segment A: calibrated,22.552,53.811,7.9093,livestock manure compost|8.341|47.333|66.47
livestock manure compost,8.3407,47.333,66.47,45.0,19.12,47.307,7.8429,3.5363,222.22,1500.0,1.89341,40.18194702,68.956,21.222,88.275,,,,,,,Segment A: calibrated,19.12,47.307,7.8429,livestock manure compost|8.341|47.333|66.47
livestock manure compost,8.3407,47.333,66.47,60.0,12.295,45.306,7.8761,3.472,146.83,1500.0,1.95055,39.22751105,67.07,20.111,103.774,,,,,,,Segment A: calibrated,12.295,45.306,7.8761,livestock manure compost|8.341|47.333|66.47
livestock manure compost,8.3407,47.333,66.47,75.0,10.056,36.946,7.8761,3.5466,103.17,1500.0,2.06484,38.54436828,66.062,18.667,107.143,,,,,,,Segment A: calibrated,10.056,36.946,7.8761,livestock manure compost|8.341|47.333|66.47
livestock manure compost,8.3407,47.333,66.47,90.0,9.859,32.826,7.8872,3.729,47.62,1500.0,2.26264,37.96257392,64.835,16.778,113.208,,,,,,,Segment A: calibrated,9.859,32.826,7.8872,livestock manure compost|8.341|47.333|66.47
livestock manure compost,8.8386,45.303,64.161,1.0,13.041,64.161,8.8386,1.8958,103.64,6.92,1.0653,48.2612859,83.568,45.303,1.526,,,,,,,Segment A: calibrated,13.041,64.161,8.8386,livestock manure compost|8.839|45.303|64.161
livestock manure compost,8.8386,45.303,64.161,3.0,46.398,65.846,8.707,2.0732,422.55,85.88,0.8701,52.0,79.128,64.559,0.502,,,,,,,Segment A: calibrated,46.398,65.846,8.707,livestock manure compost|8.839|45.303|64.161
livestock manure compost,8.8386,45.303,64.161,7.0,64.301,58.598,8.8735,2.3481,741.46,110.12,0.6482,31.7605036,75.015,48.998,0.49,,,,,,,Segment A: calibrated,64.301,58.598,8.8735,livestock manure compost|8.839|45.303|64.161
livestock manure compost,8.8386,45.303,64.161,14.0,42.652,52.594,8.71,2.8714,1578.59,31.87,1.2291,43.3651062,73.002,35.282,3.78,,,,,,,Segment A: calibrated,42.652,52.594,8.71,livestock manure compost|8.839|45.303|64.161
livestock manure compost,8.8386,45.303,64.161,21.0,26.404,51.457,8.7902,2.8803,1191.91,94.03,1.6751,42.0198835,70.769,25.085,5.796,,,,,,,Segment A: calibrated,26.404,51.457,8.7902,livestock manure compost|8.839|45.303|64.161
livestock manure compost,8.8386,45.303,64.161,30.0,21.898,49.882,8.7041,3.2528,829.16,84.45,1.6696,39.3908728,67.974,23.593,4.498,,,,,,,Segment A: calibrated,21.898,49.882,8.7041,livestock manure compost|8.839|45.303|64.161
livestock manure compost,8.8386,45.303,64.161,45.0,12.12,46.372,8.5732,3.5277,362.76,102.74,1.5169,36.5921787,63.836,24.123,12.348,,,,,,,Segment A: calibrated,12.12,46.372,8.5732,livestock manure compost|8.839|45.303|64.161
livestock manure compost,8.8386,45.303,64.161,60.0,5.73,45.251,8.9284,2.6408,111.62,227.16,1.4786,36.2049996,62.247,24.486,22.743,,,,,,,Segment A: calibrated,5.73,45.251,8.9284,livestock manure compost|8.839|45.303|64.161
livestock manure compost,8.8386,45.303,64.161,75.0,5.834,37.846,8.7978,2.1264,115.6,248.83,1.4944,35.8835328,61.322,24.012,44.34,,,,,,,Segment A: calibrated,5.834,37.846,8.7978,livestock manure compost|8.839|45.303|64.161
livestock manure compost,8.8386,45.303,64.161,90.0,5.475,33.185,8.6425,2.153,95.67,301.36,1.49,35.81811,61.619,24.039,50.407,,,,,,,Segment A: calibrated,5.475,33.185,8.6425,livestock manure compost|8.839|45.303|64.161
livestock manure compost,8.8502,44.968,63.364,1.0,11.611,63.364,8.8502,2.1175,75.74,65.14,0.9911,44.5677848,79.244,44.968,0.253,,,,,,,Segment A: calibrated,11.611,63.364,8.8502,livestock manure compost|8.85|44.968|63.364
livestock manure compost,8.8502,44.968,63.364,3.0,48.756,63.015,9.0089,2.3126,677.68,133.82,0.715,46.159685,76.468,64.559,1.008,,,,,,,Segment A: calibrated,48.756,63.015,9.0089,livestock manure compost|8.85|44.968|63.364
livestock manure compost,8.8502,44.968,63.364,7.0,62.94,58.774,8.9895,2.4989,920.84,164.91,0.6347,43.4249046,68.142,68.418,0.744,,,,,,,Segment A: calibrated,62.94,58.774,8.9895,livestock manure compost|8.85|44.968|63.364
livestock manure compost,8.8502,44.968,63.364,14.0,21.036,56.134,8.9653,2.7827,1586.56,90.13,1.1887,37.9611345,64.245,31.935,1.997,,,,,,,Segment A: calibrated,21.036,56.134,8.9653,livestock manure compost|8.85|44.968|63.364
livestock manure compost,8.8502,44.968,63.364,21.0,19.814,54.821,9.104,2.9601,1223.8,90.65,1.4054,35.7224572,63.119,25.418,2.994,,,,,,,Segment A: calibrated,19.814,54.821,9.104,livestock manure compost|8.85|44.968|63.364
livestock manure compost,8.8502,44.968,63.364,30.0,16.131,52.449,8.9605,3.0843,940.77,98.17,1.4202,34.219719,62.211,24.095,5.007,,,,,,,Segment A: calibrated,16.131,52.449,8.9605,livestock manure compost|8.85|44.968|63.364
livestock manure compost,8.8502,44.968,63.364,45.0,7.064,45.31,9.084,2.9956,526.2,75.34,1.409,32.102656,55.632,22.784,9.547,,,,,,,Segment A: calibrated,7.064,45.31,9.084,livestock manure compost|8.85|44.968|63.364
livestock manure compost,8.8502,44.968,63.364,60.0,4.624,44.101,8.9867,2.7206,147.49,182.63,1.3572,28.460484,50.274,20.97,18.414,,,,,,,Segment A: calibrated,4.624,44.101,8.9867,livestock manure compost|8.85|44.968|63.364
livestock manure compost,8.8502,44.968,63.364,75.0,4.65,41.563,9.0635,2.5787,67.77,187.2,1.4876,28.74787,49.904,19.325,31.355,,,,,,,Segment A: calibrated,4.65,41.563,9.0635,livestock manure compost|8.85|44.968|63.364
livestock manure compost,8.8502,44.968,63.364,90.0,4.674,35.31,8.9323,2.1441,67.77,229.45,1.4832,27.4629312,48.868,18.516,48.625,,,,,,,Segment A: calibrated,4.674,35.31,8.9323,livestock manure compost|8.85|44.968|63.364
livestock manure compost,8.9193,47.144,64.957,1.0,11.611,64.957,8.9193,1.7805,79.73,6.92,0.9978,47.0402832,76.916,47.144,0.0,,,,,,,Segment A: calibrated,11.611,64.957,8.9193,livestock manure compost|8.919|47.144|64.957
livestock manure compost,8.9193,47.144,64.957,3.0,45.058,58.148,8.8691,1.7805,558.09,55.0,0.8364,52.0,73.696,75.775,1.517,,,,,,,Segment A: calibrated,45.058,58.148,8.8691,livestock manure compost|8.919|47.144|64.957
livestock manure compost,8.9193,47.144,64.957,7.0,61.402,56.208,8.6879,1.9933,932.8,99.85,0.6347,31.0990306,68.253,48.998,1.0,,,,,,,Segment A: calibrated,61.402,56.208,8.6879,livestock manure compost|8.919|47.144|64.957
livestock manure compost,8.9193,47.144,64.957,14.0,28.435,53.125,8.6868,2.5965,1538.72,35.33,1.0133,36.2599272,62.361,35.784,1.489,,,,,,,Segment A: calibrated,28.435,53.125,8.6868,livestock manure compost|8.919|47.144|64.957
livestock manure compost,8.9193,47.144,64.957,21.0,24.439,52.608,8.5474,3.0931,1187.93,73.53,1.2166,30.9247554,54.581,25.419,1.723,,,,,,,Segment A: calibrated,24.439,52.608,8.5474,livestock manure compost|8.919|47.144|64.957
livestock manure compost,8.9193,47.144,64.957,30.0,19.676,50.325,8.832,2.5787,681.66,74.18,1.3798,30.4756426,52.454,22.087,2.97,,,,,,,Segment A: calibrated,19.676,50.325,8.832,livestock manure compost|8.919|47.144|64.957
livestock manure compost,8.9193,47.144,64.957,45.0,5.368,46.814,8.5964,2.2594,179.38,123.26,1.2944,30.360152,51.863,23.455,4.711,,,,,,,Segment A: calibrated,5.368,46.814,8.5964,livestock manure compost|8.919|47.144|64.957
livestock manure compost,8.9193,47.144,64.957,60.0,5.395,43.215,8.6271,2.1885,59.79,151.8,1.3235,29.7483095,52.269,22.477,10.778,,,,,,,Segment A: calibrated,5.395,43.215,8.6271,livestock manure compost|8.919|47.144|64.957
livestock manure compost,8.9193,47.144,64.957,75.0,5.574,39.085,8.9017,2.286,91.69,149.5,1.3191,29.244447,50.902,22.17,13.282,,,,,,,Segment A: calibrated,5.574,39.085,8.9017,livestock manure compost|8.919|47.144|64.957
livestock manure compost,8.9193,47.144,64.957,90.0,4.52,33.186,8.6544,2.6231,87.7,160.94,1.3484,29.2548864,50.753,21.696,19.347,,,,,,,Segment A: calibrated,4.52,33.186,8.6544,livestock manure compost|8.919|47.144|64.957
livestock manure compost,9.1406,45.304,66.638,1.0,13.041,66.638,9.1406,1.6918,67.77,0.0,0.9776,44.2891904,74.254,45.304,0.0,,,,,,,Segment A: calibrated,13.041,66.638,9.1406,livestock manure compost|9.141|45.304|66.638
livestock manure compost,9.1406,45.304,66.638,3.0,33.732,60.256,9.0313,1.5765,135.54,13.96,0.978,52.0,68.485,63.555,1.263,,,,,,,Segment A: calibrated,33.732,60.256,9.0313,livestock manure compost|9.141|45.304|66.638
livestock manure compost,9.1406,45.304,66.638,7.0,65.072,59.837,8.9086,1.6297,657.74,34.78,0.7291,35.3577045,61.269,48.495,0.998,,,,,,,Segment A: calibrated,65.072,59.837,8.9086,livestock manure compost|9.141|45.304|66.638
livestock manure compost,9.1406,45.304,66.638,14.0,36.626,56.487,8.873,1.8248,1630.41,11.35,0.9055,31.4941955,59.588,34.781,1.488,,,,,,,Segment A: calibrated,36.626,56.487,8.873,livestock manure compost|9.141|45.304|66.638
livestock manure compost,9.1406,45.304,66.638,21.0,27.332,54.466,8.8018,1.8426,952.73,1.61,0.9875,27.083175,58.795,27.426,3.759,,,,,,,Segment A: calibrated,27.332,54.466,8.8018,livestock manure compost|9.141|45.304|66.638
livestock manure compost,9.1406,45.304,66.638,30.0,22.516,50.767,8.8909,1.9579,721.53,15.95,0.9753,23.0112282,57.665,23.594,3.734,,,,,,,Segment A: calibrated,22.516,50.767,8.8909,livestock manure compost|9.141|45.304|66.638
livestock manure compost,9.1406,45.304,66.638,45.0,11.343,44.248,8.8403,2.0022,294.99,41.08,0.9573,20.3694294,54.413,21.278,4.456,,,,,,,Segment A: calibrated,11.343,44.248,8.8403,livestock manure compost|9.141|45.304|66.638
livestock manure compost,9.1406,45.304,66.638,60.0,5.266,40.03,8.8597,2.8891,131.55,100.46,0.9259,20.5022037,47.169,22.143,5.431,,,,,,,Segment A: calibrated,5.266,40.03,8.8597,livestock manure compost|9.141|45.304|66.638
livestock manure compost,9.1406,45.304,66.638,75.0,5.217,36.784,8.6919,2.7738,23.92,122.17,0.6719,13.3210894,47.354,19.826,5.898,,,,,,,Segment A: calibrated,5.217,36.784,8.6919,livestock manure compost|9.141|45.304|66.638
livestock manure compost,9.1406,45.304,66.638,90.0,4.394,34.955,9.0721,2.357,43.85,143.83,0.5056,11.0,47.316,18.347,16.038,,,,,,,Segment A: calibrated,4.394,34.955,9.0721,livestock manure compost|9.141|45.304|66.638
livestock manure compost,8.3505,45.303,66.374,1.0,30.763,66.374,8.3505,1.8958,215.26,205.55,0.9844,44.5962732,89.333,45.303,0.0,,,,,,,Segment A: calibrated,30.763,66.374,8.3505,livestock manure compost|8.35|45.303|66.374
livestock manure compost,8.3505,45.303,66.374,3.0,53.876,60.448,8.0105,2.0643,486.33,366.67,0.9578,52.0,86.445,64.893,1.263,,,,,,,Segment A: calibrated,53.876,60.448,8.0105,livestock manure compost|8.35|45.303|66.374
livestock manure compost,8.3505,45.303,66.374,7.0,65.086,58.776,8.1078,2.3659,884.97,438.91,0.7426,36.1371438,81.778,48.663,7.363,,,,,,,Segment A: calibrated,65.086,58.776,8.1078,livestock manure compost|8.35|45.303|66.374
livestock manure compost,8.3505,45.303,66.374,14.0,57.424,57.815,8.0725,2.8625,1626.42,230.52,1.1751,44.4105543,76.772,37.793,19.563,,,,,,,Segment A: calibrated,57.424,57.815,8.0725,livestock manure compost|8.35|45.303|66.374
livestock manure compost,8.3505,45.303,66.374,21.0,37.865,55.439,8.0134,2.9069,1283.6,323.51,1.5672,52.0,73.872,35.295,34.308,,,,,,,Segment A: calibrated,37.865,55.439,8.0134,livestock manure compost|8.35|45.303|66.374
livestock manure compost,8.3505,45.303,66.374,30.0,22.552,54.13,7.858,3.2794,558.09,324.19,1.7303,52.0,70.637,34.307,65.852,,,,,,,Segment A: calibrated,22.552,54.13,7.858,livestock manure compost|8.35|45.303|66.374
livestock manure compost,8.3505,45.303,66.374,45.0,19.12,47.611,7.6331,3.5188,219.25,541.08,1.9146,52.0,68.937,33.332,87.959,,,,,,,Segment A: calibrated,19.12,47.611,7.6331,livestock manure compost|8.35|45.303|66.374
livestock manure compost,8.3505,45.303,66.374,60.0,12.295,45.782,7.6525,3.4745,131.55,624.41,1.9775,52.0,67.125,29.007,103.955,,,,,,,Segment A: calibrated,12.295,45.782,7.6525,livestock manure compost|8.35|45.303|66.374
livestock manure compost,8.3505,45.303,66.374,75.0,10.056,37.404,7.6141,3.5632,91.69,964.6,2.0809,52.0,66.311,41.59,108.239,,,,,,,Segment A: calibrated,10.056,37.404,7.6141,livestock manure compost|8.35|45.303|66.374
livestock manure compost,8.3505,45.303,66.374,90.0,9.859,33.274,7.5862,3.7317,115.6,1109.6,2.2652,52.0,65.055,52.5,113.289,,,,,,,Segment A: calibrated,9.859,33.274,7.5862,livestock manure compost|8.35|45.303|66.374
livestock manure compost,8.3651,45.715,65.614,1.0,39.371,65.614,8.3651,2.1796,85.97,171.82,1.0804,49.390486,88.777,45.715,1.073,,,,,,,Segment A: calibrated,39.371,65.614,8.3651,livestock manure compost|8.365|45.715|65.614
livestock manure compost,8.3651,45.715,65.614,3.0,48.404,61.669,8.4984,2.0111,330.16,301.4,0.947,44.988182,83.875,47.506,3.219,,,,,,,Segment A: calibrated,48.404,61.669,8.4984,livestock manure compost|8.365|45.715|65.614
livestock manure compost,8.3651,45.715,65.614,7.0,57.708,60.006,8.5369,2.3392,642.17,317.38,1.0872,45.836352,79.283,42.16,5.091,,,,,,,Segment A: calibrated,57.708,60.006,8.5369,livestock manure compost|8.365|45.715|65.614
livestock manure compost,8.3651,45.715,65.614,14.0,58.517,57.82,8.7848,2.8271,1515.15,243.57,1.362,47.110218,76.011,34.589,9.376,,,,,,,Segment A: calibrated,58.517,57.82,8.7848,livestock manure compost|8.365|45.715|65.614
livestock manure compost,8.3651,45.715,65.614,21.0,34.652,55.195,8.9946,3.1996,1116.59,386.52,1.6143,45.4134876,73.204,28.132,11.508,,,,,,,Segment A: calibrated,34.652,55.195,8.9946,livestock manure compost|8.365|45.715|65.614
livestock manure compost,8.3651,45.715,65.614,29.0,21.978,52.836,8.9385,3.235,659.12,415.85,1.7723,43.173228,72.574,24.36,21.436,,,,,,,Segment A: calibrated,21.978,52.836,8.9385,livestock manure compost|8.365|45.715|65.614
livestock manure compost,8.3651,45.715,65.614,45.0,18.067,49.166,8.2557,3.0931,183.28,453.3,1.9927,43.0582616,71.239,21.608,81.123,,,,,,,Segment A: calibrated,18.067,49.166,8.2557,livestock manure compost|8.365|45.715|65.614
livestock manure compost,8.3651,45.715,65.614,60.0,11.191,44.971,7.8771,2.8271,128.22,599.12,2.0904,39.8785608,69.515,19.077,96.952,,,,,,,Segment A: calibrated,11.191,44.971,7.8771,livestock manure compost|8.365|45.715|65.614
livestock manure compost,8.3651,45.715,65.614,75.0,11.056,37.09,7.8406,2.2594,159.13,898.25,2.216,39.637592,68.413,17.887,99.597,,,,,,,Segment A: calibrated,11.056,37.09,7.8406,livestock manure compost|8.365|45.715|65.614
livestock manure compost,8.3651,45.715,65.614,90.0,9.438,31.93,7.8327,1.4257,0.02,1044.05,2.375,32.76075,66.533,13.794,104.126,,,,,,,Segment A: calibrated,9.438,31.93,7.8327,livestock manure compost|8.365|45.715|65.614
livestock manure compost,8.3842,50.404,65.878,1.0,39.371,65.878,8.3842,1.9135,203.58,206.19,1.0247,51.6489788,91.733,50.404,0.0,,,,,,,Segment A: calibrated,39.371,65.878,8.3842,livestock manure compost|8.384|50.404|65.878
livestock manure compost,8.3842,50.404,65.878,3.0,48.404,62.196,8.4319,2.5344,493.07,248.54,1.0084,47.6811856,85.975,47.284,5.447,,,,,,,Segment A: calibrated,48.404,62.196,8.4319,livestock manure compost|8.384|50.404|65.878
livestock manure compost,8.3842,50.404,65.878,7.0,57.708,60.357,8.5274,2.5965,949.89,277.72,1.1764,48.6770792,80.06,41.378,7.246,,,,,,,Segment A: calibrated,57.708,60.357,8.5274,livestock manure compost|8.384|50.404|65.878
livestock manure compost,8.3842,50.404,65.878,14.0,58.517,58.171,8.7087,3.1907,1691.62,264.74,1.3842,46.6420032,76.477,33.696,9.916,,,,,,,Segment A: calibrated,58.517,58.171,8.7087,livestock manure compost|8.384|50.404|65.878
livestock manure compost,8.3842,50.404,65.878,21.0,34.652,56.335,9.0897,3.306,1392.62,354.79,1.6591,44.6380855,74.215,26.905,10.431,,,,,,,Segment A: calibrated,34.652,56.335,9.0897,livestock manure compost|8.384|50.404|65.878
livestock manure compost,8.3842,50.404,65.878,29.0,21.978,53.713,8.929,3.2616,871.8,347.12,1.8169,42.6371923,72.73,23.467,18.206,,,,,,,Segment A: calibrated,21.978,53.713,8.929,livestock manure compost|8.384|50.404|65.878
livestock manure compost,8.3842,50.404,65.878,45.0,18.067,47.675,8.4933,3.0931,395.97,485.02,2.0709,42.2008002,72.406,20.378,62.019,,,,,,,Segment A: calibrated,18.067,47.675,8.4933,livestock manure compost|8.384|50.404|65.878
livestock manure compost,8.3842,50.404,65.878,60.0,11.191,44.269,7.9151,2.3747,250.4,607.04,2.1742,39.2943166,71.304,18.073,82.422,,,,,,,Segment A: calibrated,11.191,44.269,7.9151,livestock manure compost|8.384|50.404|65.878
livestock manure compost,8.3842,50.404,65.878,75.0,11.056,40.599,7.8311,1.8248,100.34,922.04,2.3498,39.9325012,69.812,16.994,93.139,,,,,,,Segment A: calibrated,11.056,40.599,7.8311,livestock manure compost|8.384|50.404|65.878
livestock manure compost,8.3842,50.404,65.878,90.0,9.438,33.246,7.8042,1.4967,108.62,1007.04,2.4922,39.663363,68.011,15.915,96.323,,,,,,,Segment A: calibrated,9.438,33.246,7.8042,livestock manure compost|8.384|50.404|65.878
livestock manure compost,8.3746,53.975,65.439,1.0,39.371,65.439,8.3746,1.9933,40.7,121.6,1.0581,52.0,92.121,53.975,1.073,,,,,,,Segment A: calibrated,39.371,65.439,8.3746,livestock manure compost|8.375|53.975|65.439
livestock manure compost,8.3746,53.975,65.439,3.0,48.404,64.126,8.3178,2.3126,388.97,171.89,1.1479,52.0,83.72,45.386,10.753,,,,,,,Segment A: calibrated,48.404,64.126,8.3178,livestock manure compost|8.375|53.975|65.439
livestock manure compost,8.3746,53.975,65.439,7.0,57.708,62.199,8.4418,2.4634,913.71,216.94,1.3719,51.1060188,78.738,37.252,16.123,,,,,,,Segment A: calibrated,57.708,62.199,8.4418,livestock manure compost|8.375|53.975|65.439
livestock manure compost,8.3746,53.975,65.439,14.0,58.517,59.75,8.5756,2.8359,1786.64,254.16,1.4903,47.555473,75.777,31.91,10.992,,,,,,,Segment A: calibrated,58.517,59.75,8.5756,livestock manure compost|8.375|53.975|65.439
livestock manure compost,8.3746,53.975,65.439,21.0,34.652,55.283,8.9946,3.3592,1492.17,328.37,1.7149,42.5020816,73.438,24.784,10.971,,,,,,,Segment A: calibrated,34.652,55.283,8.9946,livestock manure compost|8.375|53.975|65.439
livestock manure compost,8.3746,53.975,65.439,29.0,21.978,54.064,8.9005,3.0754,1197.61,410.57,1.8895,41.599232,72.729,22.016,17.938,,,,,,,Segment A: calibrated,21.978,54.064,8.9005,livestock manure compost|8.375|53.975|65.439
livestock manure compost,8.3746,53.975,65.439,45.0,18.067,46.974,8.4078,2.8182,613.16,529.96,2.1992,40.6456144,73.105,18.482,69.822,,,,,,,Segment A: calibrated,18.067,46.974,8.4078,livestock manure compost|8.375|53.975|65.439
livestock manure compost,8.3746,53.975,65.439,60.0,11.191,41.813,7.9816,2.0998,214.21,636.13,2.3304,41.0756304,72.859,17.626,88.073,,,,,,,Segment A: calibrated,11.191,41.813,7.9816,livestock manure compost|8.375|53.975|65.439
livestock manure compost,8.3746,53.975,65.439,75.0,11.056,39.108,7.8216,1.8337,150.11,900.88,2.5117,42.121209,72.379,16.77,95.561,,,,,,,Segment A: calibrated,11.056,39.108,7.8216,livestock manure compost|8.375|53.975|65.439
livestock manure compost,8.3746,53.975,65.439,90.0,9.438,32.895,7.7471,1.5499,22.64,972.69,2.5982,41.6439496,71.122,16.028,100.628,,,,,,,Segment A: calibrated,9.438,32.895,7.7471,livestock manure compost|8.375|53.975|65.439
livestock manure compost,8.2986,52.412,64.913,1.0,39.371,64.913,8.2986,1.9047,94.99,105.76,1.0079,52.0,93.366,52.412,0.536,,,,,,,Segment A: calibrated,39.371,64.913,8.2986,livestock manure compost|8.299|52.412|64.913
livestock manure compost,8.2986,52.412,64.913,3.0,48.404,62.459,8.3464,2.4545,524.74,132.25,1.1367,52.0,85.664,45.834,2.414,,,,,,,Segment A: calibrated,48.404,62.459,8.3464,livestock manure compost|8.299|52.412|64.913
livestock manure compost,8.2986,52.412,64.913,7.0,57.708,59.568,8.5463,2.5432,1090.13,235.45,1.3773,50.9986644,81.694,37.028,10.203,,,,,,,Segment A: calibrated,57.708,59.568,8.5463,livestock manure compost|8.299|52.412|64.913
livestock manure compost,8.2986,52.412,64.913,14.0,58.517,58.347,8.8418,3.0665,1940.47,317.6,1.5684,50.3989656,75.232,32.134,11.797,,,,,,,Segment A: calibrated,58.517,58.347,8.8418,livestock manure compost|8.299|52.412|64.913
livestock manure compost,8.2986,52.412,64.913,21.0,34.652,55.196,9.2323,3.0843,1668.61,415.6,1.7427,45.7197345,74.76,26.235,8.278,,,,,,,Segment A: calibrated,34.652,55.196,9.2323,livestock manure compost|8.299|52.412|64.913
livestock manure compost,8.2986,52.412,64.913,29.0,21.978,51.169,9.1096,2.8359,1365.01,471.36,1.9676,44.8534096,74.13,22.796,25.473,,,,,,,Segment A: calibrated,21.978,51.169,9.1096,livestock manure compost|8.299|52.412|64.913
livestock manure compost,8.2986,52.412,64.913,45.0,18.067,46.184,8.4934,1.9047,631.23,590.74,2.2997,42.7606218,73.805,18.594,66.324,,,,,,,Segment A: calibrated,18.067,46.184,8.4934,livestock manure compost|8.299|52.412|64.913
livestock manure compost,8.2986,52.412,64.913,60.0,11.191,41.988,8.1052,1.7361,273.03,651.99,2.5089,44.783865,73.403,17.85,88.342,,,,,,,Segment A: calibrated,11.191,41.988,8.1052,livestock manure compost|8.299|52.412|64.913
livestock manure compost,8.2986,52.412,64.913,75.0,11.056,37.441,7.8692,1.5942,150.09,861.24,2.6456,43.7820344,73.002,16.549,99.059,,,,,,,Segment A: calibrated,11.056,37.441,7.8692,livestock manure compost|8.299|52.412|64.913
livestock manure compost,8.2986,52.412,64.913,90.0,9.438,32.193,7.8897,1.4701,27.18,985.92,2.7544,41.3765968,72.211,15.022,99.283,,,,,,,Segment A: calibrated,9.438,32.193,7.8897,livestock manure compost|8.299|52.412|64.913
livestock manure compost,8.3841,46.721,66.58,1.0,39.371,66.58,8.3841,2.0998,135.73,208.83,1.0413,48.6505773,87.377,46.721,0.806,,,,,,,Segment A: calibrated,39.371,66.58,8.3841,livestock manure compost|8.384|46.721|66.58
livestock manure compost,8.3841,46.721,66.58,3.0,48.404,60.353,8.0232,2.3481,520.22,364.84,0.9861,47.066553,85.975,47.73,2.143,,,,,,,Segment A: calibrated,48.404,60.353,8.0232,livestock manure compost|8.384|46.721|66.58
livestock manure compost,8.3841,46.721,66.58,7.0,57.708,58.164,8.1091,2.5255,863.92,441.61,0.9254,45.2113424,81.927,48.856,8.589,,,,,,,Segment A: calibrated,57.708,58.164,8.1091,livestock manure compost|8.384|46.721|66.58
livestock manure compost,8.3841,46.721,66.58,14.0,58.517,57.469,8.1004,2.7827,1569.45,259.43,1.2504,41.8533888,76.788,33.472,19.331,,,,,,,Segment A: calibrated,58.517,57.469,8.1004,livestock manure compost|8.384|46.721|66.58
livestock manure compost,8.3841,46.721,66.58,21.0,34.652,54.669,8.0155,2.8891,1270.43,325.71,1.553,40.918444,73.826,26.348,33.57,,,,,,,Segment A: calibrated,34.652,54.669,8.0155,livestock manure compost|8.384|46.721|66.58
livestock manure compost,8.3841,46.721,66.58,29.0,21.978,53.45,7.8834,3.2262,550.54,318.06,1.7221,40.796549,70.318,23.69,65.023,,,,,,,Segment A: calibrated,21.978,53.45,7.8834,livestock manure compost|8.384|46.721|66.58
livestock manure compost,8.3841,46.721,66.58,45.0,18.067,47.5,7.7139,3.5011,228.54,500.89,1.8756,38.6411112,68.75,20.602,87.847,,,,,,,Segment A: calibrated,18.067,47.5,7.7139,livestock manure compost|8.384|46.721|66.58
livestock manure compost,8.3841,46.721,66.58,60.0,11.191,44.006,7.7535,3.4479,150.84,583.27,1.962,36.338202,66.948,18.521,102.601,,,,,,,Segment A: calibrated,11.191,44.006,7.7535,livestock manure compost|8.384|46.721|66.58
livestock manure compost,8.3841,46.721,66.58,75.0,11.056,40.249,7.7646,3.5632,86.75,956.39,2.0597,35.4618549,65.924,17.217,107.669,,,,,,,Segment A: calibrated,11.056,40.249,7.7646,livestock manure compost|8.384|46.721|66.58
livestock manure compost,8.3841,46.721,66.58,90.0,9.438,33.596,7.7471,3.714,113.14,1096.92,2.269,32.562419,64.9,14.351,111.929,,,,,,,Segment A: calibrated,9.438,33.596,7.7471,livestock manure compost|8.384|46.721|66.58
Composting kitchen waste,5.7345,26.7755,60.0,0.0,35.463,60.0,5.7345,1.7846,2515.0,325.49,1.80632,48.36512116,83.38146887984,26.7755,32.8821,,,,,,,Segment A: calibrated,35.463,60.0,5.7345,Composting kitchen waste|5.734|26.776|60.0
Composting kitchen waste,5.7345,26.7755,60.0,3.0,41.866,56.8814,7.1327,2.4366,3449.1,302.42,1.92498,44.369634012,76.493249036688,23.0494,39.4615,,,,,,,Segment A: calibrated,41.866,56.8814,7.1327,Composting kitchen waste|5.734|26.776|60.0
Composting kitchen waste,5.7345,26.7755,60.0,6.0,59.134,53.0847,7.9646,3.0118,5000.0,243.4,1.83675,37.597721475,64.8184718229,20.4697,30.5469,,,,,,,Segment A: calibrated,59.134,53.0847,7.9646,Composting kitchen waste|5.734|26.776|60.0
Composting kitchen waste,5.7345,26.7755,60.0,9.0,53.119,49.4237,8.177,3.1566,1940.1,203.99,1.7855,33.478125,57.7162875,18.75,63.1219,,,,,,,Segment A: calibrated,53.119,49.4237,8.177,Composting kitchen waste|5.734|26.776|60.0
Composting kitchen waste,5.7345,26.7755,60.0,12.0,38.955,45.2203,8.0177,3.5596,814.4,200.52,1.91893,32.679953579,56.340239970196,17.0303,79.4691,,,,,,,Segment A: calibrated,38.955,45.2203,8.0177,Composting kitchen waste|5.734|26.776|60.0
Composting kitchen waste,5.7345,26.7755,60.0,15.0,37.403,41.2881,7.5044,4.0488,263.5,309.81,2.12992,34.59416064,59.64033294336,16.242,87.21,,,,,,,Segment A: calibrated,37.403,41.2881,7.5044,Composting kitchen waste|5.734|26.776|60.0
Composting kitchen waste,5.7345,26.7755,60.0,20.0,28.478,32.4746,7.4159,3.7828,167.7,420.59,2.24149,34.800252995,59.99563616338,15.5255,94.5193,,,,,,,Segment A: calibrated,28.478,32.4746,7.4159,Composting kitchen waste|5.734|26.776|60.0
Composting kitchen waste,5.7345,26.7755,60.0,25.0,26.925,25.9661,7.3451,3.5742,167.7,497.05,2.24961,33.636618642,57.989530538808,14.9522,95.4555,,,,,,,Segment A: calibrated,26.925,25.9661,7.3451,Composting kitchen waste|5.734|26.776|60.0
Composting kitchen waste,6.1593,28.2086,57.8305,0.0,35.269,57.8305,6.1593,1.9569,2515.0,302.62,1.72506,48.661527516,83.892473437584,28.2086,33.3853,,,,,,,Segment A: calibrated,35.269,57.8305,6.1593,Composting kitchen waste|6.159|28.209|57.83
Composting kitchen waste,6.1593,28.2086,57.8305,3.0,46.91,54.3051,7.4159,2.7332,3880.2,312.23,1.79568,42.418630368,73.129718754432,23.6226,32.8398,,,,,,,Segment A: calibrated,46.91,54.3051,7.4159,Composting kitchen waste|6.159|28.209|57.83
Composting kitchen waste,6.1593,28.2086,57.8305,6.0,62.435,50.1017,8.0885,2.8492,5000.0,222.16,1.95867,36.444385089,62.830119893436,18.6067,32.0851,,,,,,,Segment A: calibrated,62.435,50.1017,8.0885,Composting kitchen waste|6.159|28.209|57.83
Composting kitchen waste,6.1593,28.2086,57.8305,9.0,53.896,44.678,8.3186,3.3479,2802.4,189.28,1.92958,32.861326274,56.652926496376,17.0303,64.3224,,,,,,,Segment A: calibrated,53.896,44.678,8.3186,Composting kitchen waste|6.159|28.209|57.83
Composting kitchen waste,6.1593,28.2086,57.8305,12.0,37.015,42.1017,8.3186,4.0476,1173.7,246.27,2.09253,32.487574515,56.00857846386,15.5255,82.8707,,,,,,,Segment A: calibrated,37.015,42.1017,8.3186,Composting kitchen waste|6.159|28.209|57.83
Composting kitchen waste,6.1593,28.2086,57.8305,15.0,30.806,40.2034,7.8584,4.2402,766.5,365.37,2.2075,32.05797725,55.267952779,14.5223,85.9631,,,,,,,Segment A: calibrated,30.806,40.2034,7.8584,Composting kitchen waste|6.159|28.209|57.83
Composting kitchen waste,6.1593,28.2086,57.8305,20.0,30.03,33.6949,7.8053,4.0029,215.6,432.02,2.36707,33.01825943,56.92347925732,13.949,94.1411,,,,,,,Segment A: calibrated,30.03,33.6949,7.8053,Composting kitchen waste|6.159|28.209|57.83
Composting kitchen waste,6.1593,28.2086,57.8305,25.0,27.119,27.5932,7.646,3.7272,263.5,541.18,2.32719,31.128028002,53.664720275448,13.3758,94.2222,,,,,,,Segment A: calibrated,27.119,27.5932,7.646,Composting kitchen waste|6.159|28.209|57.83
Composting kitchen waste,5.9292,26.9188,57.9661,0.0,34.104,57.9661,5.9292,1.9952,2203.6,322.22,1.77677,47.828516276,82.456362059824,26.9188,35.2207,,,,,,,Segment A: calibrated,34.104,57.9661,5.9292,Composting kitchen waste|5.929|26.919|57.966
Composting kitchen waste,5.9292,26.9188,57.9661,3.0,45.94,53.2203,7.2389,2.8193,3664.7,289.34,1.9656,44.46069264,76.65023411136,22.6194,40.424,,,,,,,Segment A: calibrated,45.94,53.2203,7.2389,Composting kitchen waste|5.929|26.919|57.966
Composting kitchen waste,5.9292,26.9188,57.9661,6.0,60.687,48.339,7.9646,3.0693,5000.0,267.91,1.88109,36.348678288,62.665121368512,19.3232,55.028,,,,,,,Segment A: calibrated,60.687,48.339,7.9646,Composting kitchen waste|5.929|26.919|57.966
Composting kitchen waste,5.9292,26.9188,57.9661,9.0,52.149,43.5932,8.2301,3.3671,2634.7,246.47,1.74854,31.15635999,53.71356462276,17.8185,72.7975,,,,,,,Segment A: calibrated,52.149,43.5932,8.2301,Composting kitchen waste|5.929|26.919|57.966
Composting kitchen waste,5.9292,26.9188,57.9661,12.0,33.91,40.8814,8.2478,3.7893,1556.9,213.59,2.01867,30.617571624,52.784693479776,15.1672,88.3518,,,,,,,Segment A: calibrated,33.91,40.8814,8.2478,Composting kitchen waste|5.929|26.919|57.966
Composting kitchen waste,5.9292,26.9188,57.9661,15.0,32.164,38.7119,7.8761,4.1445,526.9,334.31,2.25182,32.37891978,55.82125770072,14.379,90.2884,,,,,,,Segment A: calibrated,32.164,38.7119,7.8761,Composting kitchen waste|5.929|26.919|57.966
Composting kitchen waste,5.9292,26.9188,57.9661,20.0,31.194,30.3051,7.8407,4.0985,239.5,430.4,2.32275,32.067189675,55.2838349997,13.8057,95.0149,,,,,,,Segment A: calibrated,31.194,30.3051,7.8407,Composting kitchen waste|5.929|26.919|57.966
Composting kitchen waste,5.9292,26.9188,57.9661,25.0,26.149,26.6441,7.6814,3.8708,263.5,488.89,2.35305,30.124922625,51.9353666055,12.8025,92.5264,,,,,,,Segment A: calibrated,26.149,26.6441,7.6814,Composting kitchen waste|5.929|26.919|57.966
Composting kitchen waste,5.65,26.8471,57.4237,0.0,32.164,57.4237,5.65,2.4163,2395.2,335.3,1.76569,47.403655999,81.723902942276,26.8471,37.1074,,,,,,,Segment A: calibrated,32.164,57.4237,5.65,Composting kitchen waste|5.65|26.847|57.424
Composting kitchen waste,5.65,26.8471,57.4237,3.0,42.642,54.8475,6.8319,3.2308,4263.5,299.16,1.86218,43.322314174,74.687669635976,23.2643,38.3426,,,,,,,Segment A: calibrated,42.642,54.8475,6.8319,Composting kitchen waste|5.65|26.847|57.424
Composting kitchen waste,5.65,26.8471,57.4237,6.0,62.045,52.1356,7.646,3.5095,5000.0,233.59,1.89956,36.977974696,63.750028375904,19.4666,38.1081,,,,,,,Segment A: calibrated,62.045,52.1356,7.646,Composting kitchen waste|5.65|26.847|57.424
Composting kitchen waste,5.65,26.8471,57.4237,9.0,52.925,47.5254,8.0354,3.7881,3281.4,212.15,1.8557,30.1402794,51.9618416856,16.242,66.9373,,,,,,,Segment A: calibrated,52.925,47.5254,8.0354,Composting kitchen waste|5.65|26.847|57.424
Composting kitchen waste,5.65,26.8471,57.4237,12.0,36.045,45.3559,7.8938,4.306,2155.7,220.13,2.11469,30.710162587,52.944320299988,14.5223,72.5405,,,,,,,Segment A: calibrated,36.045,45.3559,7.8938,Composting kitchen waste|5.65|26.847|57.424
Composting kitchen waste,5.65,26.8471,57.4237,15.0,32.164,43.0508,7.6991,4.6325,1413.2,308.18,2.33309,32.711554963,56.394720756212,14.0207,84.3982,,,,,,,Segment A: calibrated,32.164,43.0508,7.6991,Composting kitchen waste|5.65|26.847|57.424
Composting kitchen waste,5.65,26.8471,57.4237,20.0,28.672,31.5254,7.5221,4.5388,958.1,399.34,2.44465,32.17354972,55.46719971728,13.1608,92.7374,,,,,,,Segment A: calibrated,28.672,31.5254,7.5221,Composting kitchen waste|5.65|26.847|57.424
Composting kitchen waste,5.65,26.8471,57.4237,25.0,28.672,25.2881,7.4867,4.3302,694.6,487.25,2.40846,30.489176832,52.563340858368,12.6592,90.0993,,,,,,,Segment A: calibrated,28.672,25.2881,7.4867,Composting kitchen waste|5.65|26.847|57.424
Composting kitchen waste,5.79,30.21986971,74.62,0.0,31.4,74.62,5.79,4.88,339.0,280.3,1.662,40.811,86.5886300416265,30.21986971,22.47,,,,,,,Segment A: calibrated,31.4,74.62,5.79,Composting kitchen waste|5.79|30.22|74.62
Composting kitchen waste,5.79,30.21986971,74.62,5.0,66.4,69.52,5.98,4.35,1044.0,416.9,1.228,37.11,51.9854544993893,24.55535499,51.19,,,,,,,Segment A: calibrated,66.4,69.52,5.98,Composting kitchen waste|5.79|30.22|74.62
Composting kitchen waste,5.79,30.21986971,74.62,12.0,40.9,38.51,6.62,4.25,916.0,679.2,1.927,32.977,56.8523480119646,17.11312922,80.83,,,,,,,Segment A: calibrated,40.9,38.51,6.62,Composting kitchen waste|5.79|30.22|74.62
Composting kitchen waste,5.79,30.21986971,74.62,20.0,32.5,32.68,6.85,5.3,403.0,663.8,2.4,34.205,58.969419986208,14.25208333,99.58,,,,,,,Segment A: calibrated,32.5,32.68,6.85,Composting kitchen waste|5.79|30.22|74.62
Composting kitchen waste,5.79,30.21986971,74.62,25.0,37.1,35.35,6.65,3.88,675.0,544.8,2.655,31.865,54.9352600037928,12.00188324,76.97,,,,,,,Segment A: calibrated,37.1,35.35,6.65,Composting kitchen waste|5.79|30.22|74.62
Composting kitchen waste,5.79,30.21986971,74.62,30.0,33.4,20.85,7.09,3.25,589.0,643.9,2.638,32.75,56.4609999899663,12.41470811,80.03,,,,,,,Segment A: calibrated,33.4,20.85,7.09,Composting kitchen waste|5.79|30.22|74.62
Composting kitchen waste,6.05,25.2318314,75.13,0.0,27.6,75.13,6.05,5.3,951.0,323.5,1.376,34.719,59.8555560110336,25.2318314,13.45,,,,,,,Segment A: calibrated,27.6,75.13,6.05,Composting kitchen waste|6.05|25.232|75.13
Composting kitchen waste,6.05,25.2318314,75.13,5.0,67.9,59.39,6.43,4.25,1181.0,432.4,1.372,32.664,56.3127359883458,23.80758017,77.93,,,,,,,Segment A: calibrated,67.9,59.39,6.43,Composting kitchen waste|6.05|25.232|75.13
Composting kitchen waste,6.05,25.2318314,75.13,12.0,59.7,43.55,6.55,3.86,480.0,506.7,1.285,30.782,53.0681679928454,23.95486381,95.87,,,,,,,Segment A: calibrated,59.7,43.55,6.55,Composting kitchen waste|6.05|25.232|75.13
Composting kitchen waste,6.05,25.2318314,75.13,20.0,60.6,33.13,6.63,5.16,1531.0,597.7,1.638,29.63,51.0821200024481,18.08913309,96.19,,,,,,,Segment A: calibrated,60.6,33.13,6.63,Composting kitchen waste|6.05|25.232|75.13
Composting kitchen waste,6.05,25.2318314,75.13,25.0,43.8,25.06,6.73,4.33,271.0,553.7,1.785,25.737,44.3705879847426,14.41848739,86.12,,,,,,,Segment A: calibrated,43.8,25.06,6.73,Composting kitchen waste|6.05|25.232|75.13
Composting kitchen waste,6.05,25.2318314,75.13,30.0,32.2,20.04,7.39,3.45,156.0,434.8,2.078,22.5,38.7899999980691,10.82771896,87.3,,,,,,,Segment A: calibrated,32.2,20.04,7.39,Composting kitchen waste|6.05|25.232|75.13
Composting kitchen waste,6.28,21.21418827,70.39,0.0,16.6,70.39,6.28,4.98,955.0,203.6,2.199,46.65,80.4246000098785,21.21418827,28.93,,,,,,,Segment A: calibrated,16.6,70.39,6.28,Composting kitchen waste|6.28|21.214|70.39
Composting kitchen waste,6.28,21.21418827,70.39,5.0,54.8,67.7,6.23,5.3,1149.0,856.1,1.866,40.526,69.8668239935522,21.71811361,64.64,,,,,,,Segment A: calibrated,54.8,67.7,6.23,Composting kitchen waste|6.28|21.214|70.39
Composting kitchen waste,6.28,21.21418827,70.39,12.0,31.6,29.1,6.65,5.3,734.0,649.2,2.023,37.111,63.9793640169986,18.34453782,85.65,,,,,,,Segment A: calibrated,31.6,29.1,6.65,Composting kitchen waste|6.28|21.214|70.39
Composting kitchen waste,6.28,21.21418827,70.39,20.0,67.2,20.48,7.05,5.3,1470.0,898.7,2.4,32.443,55.931732013792,13.51791667,93.18,,,,,,,Segment A: calibrated,67.2,20.48,7.05,Composting kitchen waste|6.28|21.214|70.39
Composting kitchen waste,6.28,21.21418827,70.39,25.0,45.8,22.61,6.99,5.3,969.0,386.4,2.59,29.885,51.5217400062064,11.53861004,98.27,,,,,,,Segment A: calibrated,45.8,22.61,6.99,Composting kitchen waste|6.28|21.214|70.39
Composting kitchen waste,6.28,21.21418827,70.39,30.0,34.5,20.04,7.01,4.52,708.0,748.5,2.374,26.724,46.072175980105,11.25695029,87.01,,,,,,,Segment A: calibrated,34.5,20.04,7.01,Composting kitchen waste|6.28|21.214|70.39
Composting kitchen waste,5.88,25.8912037,75.23,0.0,25.0,75.23,5.88,5.3,1081.0,179.7,1.728,44.74,77.1317599889664,25.8912037,47.81,,,,,,,Segment A: calibrated,25.0,75.23,5.88,Composting kitchen waste|5.88|25.891|75.23
Composting kitchen waste,5.88,25.8912037,75.23,5.0,66.6,62.02,6.59,5.3,1141.0,543.1,1.411,35.935,61.9519400087407,25.46775337,54.78,,,,,,,Segment A: calibrated,66.6,62.02,6.59,Composting kitchen waste|5.88|25.891|75.23
Composting kitchen waste,5.88,25.8912037,75.23,12.0,66.7,70.59,6.98,5.3,1041.0,339.1,1.95,33.694,58.088456003448,17.27897436,89.68,,,,,,,Segment A: calibrated,66.7,70.59,6.98,Composting kitchen waste|5.88|25.891|75.23
Composting kitchen waste,5.88,25.8912037,75.23,20.0,50.7,32.01,7.34,5.3,554.0,916.9,1.797,32.969,56.83855601243,18.34668893,114.36,,,,,,,Segment A: calibrated,50.7,32.01,7.34,Composting kitchen waste|5.88|25.891|75.23
Composting kitchen waste,5.88,25.8912037,75.23,25.0,34.0,20.04,7.7,5.15,586.0,827.9,1.75,30.653,52.845772,17.516,97.02,,,,,,,Segment A: calibrated,34.0,20.04,7.7,Composting kitchen waste|5.88|25.891|75.23
Composting kitchen waste,5.88,25.8912037,75.23,30.0,30.3,20.04,7.7,4.91,589.0,778.7,1.71,26.376,45.472223989656,15.4245614,90.54,,,,,,,Segment A: calibrated,30.3,20.04,7.7,Composting kitchen waste|5.88|25.891|75.23
Composting kitchen waste,5.74,23.70598007,79.04,0.0,26.6,79.04,5.74,5.3,1441.0,277.8,1.806,42.813,73.8096120110681,23.70598007,26.74,,,,,,,Segment A: calibrated,26.6,79.04,5.74,Composting kitchen waste|5.74|23.706|79.04
Composting kitchen waste,5.74,23.70598007,79.04,5.0,68.8,67.62,6.0,3.13,1084.0,346.6,2.721,41.606,71.7287440102578,15.29070195,50.11,,,,,,,Segment A: calibrated,68.8,67.62,6.0,Composting kitchen waste|5.74|23.706|79.04
Composting kitchen waste,5.74,23.70598007,79.04,12.0,63.4,29.79,6.9,5.3,1466.0,206.2,2.987,37.906,65.3499439972071,12.69032474,97.53,,,,,,,Segment A: calibrated,63.4,29.79,6.9,Composting kitchen waste|5.74|23.706|79.04
Composting kitchen waste,5.74,23.70598007,79.04,20.0,57.6,34.46,7.12,5.3,262.0,530.4,3.06,33.733,58.1556920044824,11.02385621,105.32,,,,,,,Segment A: calibrated,57.6,34.46,7.12,Composting kitchen waste|5.74|23.706|79.04
Composting kitchen waste,5.74,23.70598007,79.04,25.0,59.7,32.01,7.19,5.3,196.0,354.7,2.983,30.913,53.2940119751054,10.36305732,87.96,,,,,,,Segment A: calibrated,59.7,32.01,7.19,Composting kitchen waste|5.74|23.706|79.04
Composting kitchen waste,5.74,23.70598007,79.04,30.0,34.4,20.04,7.37,3.89,248.0,534.8,2.405,27.589,47.5634359937074,11.47151767,117.98,,,,,,,Segment A: calibrated,34.4,20.04,7.37,Composting kitchen waste|5.74|23.706|79.04
Composting kitchen waste,6.22,25.68904404,73.28,0.0,18.9,73.28,6.22,5.3,442.0,175.4,1.862,47.833,82.4640920042755,25.68904404,42.37,,,,,,,Segment A: calibrated,18.9,73.28,6.22,Composting kitchen waste|6.22|25.689|73.28
Composting kitchen waste,6.22,25.68904404,73.28,5.0,56.8,66.51,6.81,5.3,822.0,388.7,2.347,44.701,77.0645239964313,19.04601619,42.14,,,,,,,Segment A: calibrated,56.8,66.51,6.81,Composting kitchen waste|6.22|25.689|73.28
Composting kitchen waste,6.22,25.68904404,73.28,12.0,67.2,45.79,5.98,5.3,561.0,593.2,2.459,39.66,68.3738399856563,16.12850752,77.45,,,,,,,Segment A: calibrated,67.2,45.79,5.98,Composting kitchen waste|6.22|25.689|73.28
Composting kitchen waste,6.22,25.68904404,73.28,20.0,63.6,21.72,6.25,5.3,257.0,624.3,2.617,36.543,63.0001319916041,13.96369889,84.83,,,,,,,Segment A: calibrated,63.6,21.72,6.25,Composting kitchen waste|6.22|25.689|73.28
Composting kitchen waste,6.22,25.68904404,73.28,25.0,50.4,29.17,6.14,5.01,114.0,575.7,2.067,32.846,56.6265040131024,15.8906628,82.83,,,,,,,Segment A: calibrated,50.4,29.17,6.14,Composting kitchen waste|6.22|25.689|73.28
Composting kitchen waste,6.22,25.68904404,73.28,30.0,33.7,20.04,6.47,4.31,95.0,586.8,1.988,28.481,49.10124399138,14.32645875,88.47,,,,,,,Segment A: calibrated,33.7,20.04,6.47,Composting kitchen waste|6.22|25.689|73.28
Composting kitchen waste,5.89,23.34650456,71.02,0.0,30.7,71.02,5.89,5.3,520.0,274.5,1.974,46.086,79.4522640024826,23.34650456,67.54,,,,,,,Segment A: calibrated,30.7,71.02,5.89,Composting kitchen waste|5.89|23.347|71.02
Composting kitchen waste,5.89,23.34650456,71.02,5.0,66.4,64.53,6.11,5.25,458.0,343.6,1.719,34.969,60.2865559988449,20.34264107,71.59,,,,,,,Segment A: calibrated,66.4,64.53,6.11,Composting kitchen waste|5.89|23.347|71.02
Composting kitchen waste,5.89,23.34650456,71.02,12.0,53.3,53.82,7.11,5.3,812.0,575.1,2.014,35.052,60.4296479848288,17.4041708,96.23,,,,,,,Segment A: calibrated,53.3,53.82,7.11,Composting kitchen waste|5.89|23.347|71.02
Composting kitchen waste,5.89,23.34650456,71.02,20.0,47.1,29.38,7.61,5.3,197.0,853.6,1.554,31.697,54.6456280079304,20.3970399,110.22,,,,,,,Segment A: calibrated,47.1,29.38,7.61,Composting kitchen waste|5.89|23.347|71.02
Composting kitchen waste,5.89,23.34650456,71.02,25.0,37.5,23.14,7.14,5.3,686.0,753.6,1.876,28.713,49.5012119993104,15.3054371,86.95,,,,,,,Segment A: calibrated,37.5,23.14,7.14,Composting kitchen waste|5.89|23.347|71.02
Composting kitchen waste,5.89,23.34650456,71.02,30.0,34.2,20.04,7.33,4.0,598.0,702.4,1.743,26.673,45.9842520009827,15.30292599,87.93,,,,,,,Segment A: calibrated,34.2,20.04,7.33,Composting kitchen waste|5.89|23.347|71.02
Composting kitchen waste,5.95,23.22417154,63.13,0.0,22.4,63.13,5.95,5.3,588.0,322.3,2.052,47.656,82.1589440001379,23.22417154,17.11,,,,,,,Segment A: calibrated,22.4,63.13,5.95,Composting kitchen waste|5.95|23.224|63.13
Composting kitchen waste,5.95,23.22417154,63.13,5.0,64.8,58.1,6.17,5.3,952.0,379.9,1.875,36.957,63.713868,19.7104,54.55,,,,,,,Segment A: calibrated,64.8,58.1,6.17,Composting kitchen waste|5.95|23.224|63.13
Composting kitchen waste,5.95,23.22417154,63.13,12.0,58.7,59.27,7.17,5.23,448.0,332.5,2.269,33.303,57.4143719956555,14.67739092,86.75,,,,,,,Segment A: calibrated,58.7,59.27,7.17,Composting kitchen waste|5.95|23.224|63.13
Composting kitchen waste,5.95,23.22417154,63.13,20.0,60.1,22.46,7.42,5.3,163.0,441.5,2.526,32.052,55.2576479803464,12.6888361,90.54,,,,,,,Segment A: calibrated,60.1,22.46,7.42,Composting kitchen waste|5.95|23.224|63.13
Composting kitchen waste,5.95,23.22417154,63.13,25.0,35.8,20.04,7.13,5.3,116.0,332.5,2.09,31.014,53.468136000862,14.83923445,144.17,,,,,,,Segment A: calibrated,35.8,20.04,7.13,Composting kitchen waste|5.95|23.224|63.13
Composting kitchen waste,5.95,23.22417154,63.13,30.0,28.1,20.04,7.25,4.25,128.0,344.9,2.596,29.62,51.0648800218603,11.40986133,106.06,,,,,,,Segment A: calibrated,28.1,20.04,7.25,Composting kitchen waste|5.95|23.224|63.13
Composting kitchen waste,5.65,26.21551724,73.14,0.0,28.8,73.14,5.65,5.3,633.0,253.4,1.74,45.615,78.6402599958624,26.21551724,21.04,,,,,,,Segment A: calibrated,28.8,73.14,5.65,Composting kitchen waste|5.65|26.216|73.14
Composting kitchen waste,5.65,26.21551724,73.14,5.0,62.2,68.86,5.98,5.3,583.0,381.5,1.561,38.754,66.8118960064478,24.82639334,58.19,,,,,,,Segment A: calibrated,62.2,68.86,5.98,Composting kitchen waste|5.65|26.216|73.14
Composting kitchen waste,5.65,26.21551724,73.14,12.0,58.6,49.21,6.98,5.3,555.0,224.4,2.127,36.917,63.6449079822256,17.35637047,77.64,,,,,,,Segment A: calibrated,58.6,49.21,6.98,Composting kitchen waste|5.65|26.216|73.14
Composting kitchen waste,5.65,26.21551724,73.14,20.0,43.7,21.6,7.22,5.3,200.0,763.8,1.93,34.879,60.1313960153436,18.07202073,96.09,,,,,,,Segment A: calibrated,43.7,21.6,7.22,Composting kitchen waste|5.65|26.216|73.14
Composting kitchen waste,5.65,26.21551724,73.14,25.0,37.3,21.39,7.45,5.3,617.0,762.1,2.5,34.14,58.85736,13.656,82.94,,,,,,,Segment A: calibrated,37.3,21.39,7.45,Composting kitchen waste|5.65|26.216|73.14
Composting kitchen waste,5.65,26.21551724,73.14,30.0,33.2,20.04,7.51,4.74,258.0,732.8,2.38,32.02,55.2024799893112,13.45378151,85.51,,,,,,,Segment A: calibrated,33.2,20.04,7.51,Composting kitchen waste|5.65|26.216|73.14
Composting kitchen waste,5.71,22.3655914,73.3,0.0,22.4,73.3,5.71,5.3,522.0,196.0,2.139,47.84,82.4761600079304,22.3655914,46.18,,,,,,,Segment A: calibrated,22.4,73.3,5.71,Composting kitchen waste|5.71|22.366|73.3
Composting kitchen waste,5.71,22.3655914,73.3,5.0,68.2,63.59,6.87,5.3,876.0,387.2,2.351,37.642,64.8948079846909,16.01105912,78.12,,,,,,,Segment A: calibrated,68.2,63.59,6.87,Composting kitchen waste|5.71|22.366|73.3
Composting kitchen waste,5.71,22.3655914,73.3,12.0,53.3,61.49,7.87,5.3,213.0,612.6,2.467,34.535,59.5383400080166,13.99878395,95.45,,,,,,,Segment A: calibrated,53.3,61.49,7.87,Composting kitchen waste|5.71|22.366|73.3
Composting kitchen waste,5.71,22.3655914,73.3,20.0,50.7,30.4,7.88,5.3,692.0,799.9,2.215,32.133,55.3972919898284,14.50699774,99.98,,,,,,,Segment A: calibrated,50.7,30.4,7.88,Composting kitchen waste|5.71|22.366|73.3
Composting kitchen waste,5.71,22.3655914,73.3,25.0,32.1,20.04,7.72,5.3,844.0,953.3,2.425,32.061,55.273164009051,13.22103093,99.12,,,,,,,Segment A: calibrated,32.1,20.04,7.72,Composting kitchen waste|5.71|22.366|73.3
Composting kitchen waste,5.71,22.3655914,73.3,30.0,32.1,24.23,7.24,4.72,150.0,717.8,2.084,28.305,48.7978199899318,13.58205374,113.12,,,,,,,Segment A: calibrated,32.1,24.23,7.24,Composting kitchen waste|5.71|22.366|73.3
Composting kitchen waste,7.0598,29.258,60.575,1.0,25.505,60.575,7.0598,0.73896,561.7,347.4142,0.29721,11.0,83.892,29.258,44.9645,,,,,,,Segment A: calibrated,25.505,60.575,7.0598,Composting kitchen waste|7.06|29.258|60.575
Composting kitchen waste,7.0598,29.258,60.575,4.0,55.825,58.852,7.3663,0.81221,2385.7,325.4938,0.31581,11.0,81.873,30.215,46.8464,,,,,,,Segment A: calibrated,55.825,58.852,7.3663,Composting kitchen waste|7.06|29.258|60.575
Composting kitchen waste,7.0598,29.258,60.575,7.0,57.904,56.935,8.6766,1.02035,3976.1,476.8103,0.3493,11.0,81.579,21.602,36.7017,,,,,,,Segment A: calibrated,57.904,56.935,8.6766,Composting kitchen waste|7.06|29.258|60.575
Composting kitchen waste,7.0598,29.258,60.575,10.0,46.805,53.834,8.3292,1.17268,2041.3,464.2251,0.31085,11.0,79.089,20.918,52.0023,,,,,,,Segment A: calibrated,46.805,53.834,8.3292,Composting kitchen waste|7.06|29.258|60.575
Composting kitchen waste,7.0598,29.258,60.575,13.0,38.445,43.055,8.1454,1.31569,1950.9,774.456099999999,0.31829,11.0,73.462,17.637,66.4303,,,,,,,Segment A: calibrated,38.445,43.055,8.1454,Composting kitchen waste|7.06|29.258|60.575
Composting kitchen waste,7.0598,29.258,60.575,16.0,28.03,40.94,7.5881,1.31915,1953.8,1069.5184,0.29597,11.0,68.775,11.621,83.7669,,,,,,,Segment A: calibrated,28.03,40.94,7.5881,Composting kitchen waste|7.06|29.258|60.575
Composting kitchen waste,7.0598,29.258,60.575,19.0,23.606,37.839,7.0074,1.34595,1840.0,327.458699999999,0.28729,11.0,67.54,7.793,88.0149,,,,,,,Segment A: calibrated,23.606,37.839,7.0074,Composting kitchen waste|7.06|29.258|60.575
Composting kitchen waste,7.0598,29.258,60.575,22.0,20.379,37.299,6.9402,1.32614,1095.8,235.1989,0.27612,11.0,57.05,6.562,87.2319,,,,,,,Segment A: calibrated,20.379,37.299,6.9402,Composting kitchen waste|7.06|29.258|60.575
Composting kitchen waste,7.0365,29.805,60.772,1.0,23.451,60.772,7.0365,0.79478,701.8,352.9873,0.30589,11.0,85.618,29.805,48.2472,,,,,,,Segment A: calibrated,23.451,60.772,7.0365,Composting kitchen waste|7.036|29.805|60.772
Composting kitchen waste,7.0365,29.805,60.772,4.0,57.707,60.034,7.6697,0.91452,2035.5,351.5306,0.33194,11.0,83.756,29.121,42.6227,,,,,,,Segment A: calibrated,57.707,60.034,7.6697,Composting kitchen waste|7.036|29.805|60.772
Composting kitchen waste,7.0365,29.805,60.772,7.0,58.246,55.753,8.6999,1.06221,4653.2,399.9634,0.36667,11.0,80.638,23.105,38.6584,,,,,,,Segment A: calibrated,58.246,55.753,8.6999,Composting kitchen waste|7.036|29.805|60.772
Composting kitchen waste,7.0365,29.805,60.772,10.0,44.237,51.864,8.0957,1.20987,3582.2,684.2351,0.34062,11.0,75.01,20.098,46.9946,,,,,,,Segment A: calibrated,44.237,51.864,8.0957,Composting kitchen waste|7.036|29.805|60.772
Composting kitchen waste,7.0365,29.805,60.772,13.0,31.22,45.616,7.7719,1.35288,1624.0,811.835399999999,0.33566,11.0,71.736,18.047,72.076,,,,,,,Segment A: calibrated,31.22,45.616,7.7719,Composting kitchen waste|7.036|29.805|60.772
Composting kitchen waste,7.0365,29.805,60.772,16.0,25.463,41.923,7.4013,1.38428,1510.2,839.3314,0.30465,11.0,66.892,16.543,84.0724,,,,,,,Segment A: calibrated,25.463,41.923,7.4013,Composting kitchen waste|7.036|29.805|60.772
Composting kitchen waste,7.0365,29.805,60.772,19.0,21.552,36.855,7.1941,1.36915,1302.9,632.198099999999,0.26744,11.0,62.99,11.621,89.7756,,,,,,,Segment A: calibrated,21.552,36.855,7.1941,Composting kitchen waste|7.036|29.805|60.772
Composting kitchen waste,7.0365,29.805,60.772,22.0,20.037,35.331,7.1036,1.38662,1399.3,249.3063,0.21907,11.0,57.677,8.75,88.4115,,,,,,,Segment A: calibrated,20.037,35.331,7.1036,Composting kitchen waste|7.036|29.805|60.772
Composting kitchen waste,7.2933,29.531,60.181,1.0,23.452,60.181,7.2933,0.69244,725.2,353.9346,0.30961,11.0,85.304,29.531,48.6498,,,,,,,Segment A: calibrated,23.452,60.181,7.2933,Composting kitchen waste|7.293|29.531|60.181
Composting kitchen waste,7.2933,29.531,60.181,4.0,57.878,62.4,7.9733,0.85408,1405.2,411.5254,0.36047,11.92651042,84.697,33.086,33.0938,,,,,,,Segment A: calibrated,57.878,62.4,7.9733,Composting kitchen waste|7.293|29.531|60.181
Composting kitchen waste,7.2933,29.531,60.181,7.0,60.128,59.494,8.7933,1.15055,4116.3,369.1504,0.34434,11.0,79.697,23.926,38.5183,,,,,,,Segment A: calibrated,60.128,59.494,8.7933,Composting kitchen waste|7.293|29.531|60.181
Composting kitchen waste,7.2933,29.531,60.181,10.0,47.318,55.41,8.6328,1.21916,2788.4,412.3033,0.35426,11.0,73.912,21.328,47.1112,,,,,,,Segment A: calibrated,47.318,55.41,8.6328,Composting kitchen waste|7.293|29.531|60.181
Composting kitchen waste,7.2933,29.531,60.181,13.0,32.112,51.521,7.9587,1.28778,1997.6,800.507499999999,0.29101,11.0,74.716,18.73,54.701,,,,,,,Segment A: calibrated,32.112,51.521,7.9587,Composting kitchen waste|7.293|29.531|60.181
Composting kitchen waste,7.2933,29.531,60.181,16.0,26.49,43.892,7.5414,1.32847,1323.5,989.9212,0.28481,11.0,69.873,15.586,79.4569,,,,,,,Segment A: calibrated,26.49,43.892,7.5414,Composting kitchen waste|7.293|29.531|60.181
Composting kitchen waste,7.2933,29.531,60.181,19.0,19.498,39.808,7.3108,1.33196,999.6,952.6446,0.27364,11.0,67.383,12.578,87.8938,,,,,,,Segment A: calibrated,19.498,39.808,7.3108,Composting kitchen waste|7.293|29.531|60.181
Composting kitchen waste,7.2933,29.531,60.181,22.0,18.326,35.92,7.2671,1.3773,815.7,480.280999999999,0.26,11.0,56.578,10.801,89.0827,,,,,,,Segment A: calibrated,18.326,35.92,7.2671,Composting kitchen waste|7.293|29.531|60.181
Composting kitchen waste,6.9766,29.961,60.625,1.0,24.016,60.625,6.9766,0.74414,695.0,353.8872,0.30786,11.0,83.634,29.961,49.3007,,,,,,,Segment A: calibrated,24.016,60.625,6.9766,Composting kitchen waste|6.977|29.961|60.625
Composting kitchen waste,6.9766,29.961,60.625,4.0,59.161,62.773,8.7344,0.94766,4911.2,373.5137,0.38242,11.0,80.359,27.51,37.4141,,,,,,,Segment A: calibrated,59.161,62.773,8.7344,Composting kitchen waste|6.977|29.961|60.625
Composting kitchen waste,6.9766,29.961,60.625,7.0,58.106,61.406,8.8516,1.10414,3938.2,376.1275,0.34988,11.0,76.773,24.105,35.8784,,,,,,,Segment A: calibrated,58.106,61.406,8.8516,Composting kitchen waste|6.977|29.961|60.625
Composting kitchen waste,6.9766,29.961,60.625,10.0,45.728,51.836,8.2422,1.19001,2386.1,427.3981,0.32981,11.0,70.707,22.471,52.5818,,,,,,,Segment A: calibrated,45.728,51.836,8.2422,Composting kitchen waste|6.977|29.961|60.625
Composting kitchen waste,6.9766,29.961,60.625,13.0,36.951,41.094,7.7734,1.30414,2015.4,724.191399999999,0.28731,11.0,69.913,19.339,80.6194,,,,,,,Segment A: calibrated,36.951,41.094,7.7734,Composting kitchen waste|6.977|29.961|60.625
Composting kitchen waste,6.9766,29.961,60.625,16.0,30.406,36.406,7.0469,1.35237,1413.1,874.5527,0.26226,11.0,65.088,13.074,92.5491,,,,,,,Segment A: calibrated,30.406,36.406,7.0469,Composting kitchen waste|6.977|29.961|60.625
Composting kitchen waste,6.9766,29.961,60.625,19.0,27.292,34.844,6.8359,1.4194,787.6,222.989099999999,0.25463,11.0,57.936,6.946,86.6833,,,,,,,Segment A: calibrated,27.292,34.844,6.8359,Composting kitchen waste|6.977|29.961|60.625
Composting kitchen waste,6.9766,29.961,60.625,22.0,23.835,34.844,6.9297,1.41117,1343.6,177.133,0.24327,11.0,52.8,4.63,88.2153,,,,,,,Segment A: calibrated,23.835,34.844,6.9297,Composting kitchen waste|6.977|29.961|60.625
Composting kitchen waste,7.2344,28.191,62.383,1.0,23.158,62.383,7.2344,0.69237,556.0,359.7326,0.32032,11.0,84.254,28.191,46.8313,,,,,,,Segment A: calibrated,23.158,62.383,7.2344,Composting kitchen waste|7.234|28.191|62.383
Composting kitchen waste,7.2344,28.191,62.383,4.0,41.833,63.359,7.7031,0.94763,2200.8,358.2093,0.35004,11.0,77.258,28.327,43.5646,,,,,,,Segment A: calibrated,41.833,63.359,7.7031,Composting kitchen waste|7.234|28.191|62.383
Composting kitchen waste,7.2344,28.191,62.383,7.0,57.249,55.547,8.3359,1.1559,5000.0,380.7599,0.2951,11.0,75.689,29.825,41.4938,,,,,,,Segment A: calibrated,57.249,55.547,8.3359,Composting kitchen waste|7.234|28.191|62.383
Composting kitchen waste,7.2344,28.191,62.383,10.0,55.164,49.883,8.6172,1.33116,2687.3,323.6826,0.28249,11.0,69.932,27.782,41.3911,,,,,,,Segment A: calibrated,55.164,49.883,8.6172,Composting kitchen waste|7.234|28.191|62.383
Composting kitchen waste,7.2344,28.191,62.383,13.0,42.27,45.781,7.8906,1.38881,1853.3,402.4424,0.24871,11.0,71.463,25.603,60.8829,,,,,,,Segment A: calibrated,42.27,45.781,7.8906,Composting kitchen waste|7.234|28.191|62.383
Composting kitchen waste,7.2344,28.191,62.383,16.0,31.95,40.703,7.3984,1.41353,1575.3,582.332899999999,0.24109,11.0,66.793,20.428,84.026,,,,,,,Segment A: calibrated,31.95,40.703,7.3984,Composting kitchen waste|7.234|28.191|62.383
Composting kitchen waste,7.2344,28.191,62.383,19.0,29.18,37.969,7.3047,1.40525,787.6,424.1274,0.19362,11.0,55.611,21.109,85.4103,,,,,,,Segment A: calibrated,29.18,37.969,7.3047,Composting kitchen waste|7.234|28.191|62.383
Composting kitchen waste,7.2344,28.191,62.383,22.0,23.493,37.578,7.0938,1.38764,810.8,310.8454,0.16109,11.0,55.901,20.019,87.0895,,,,,,,Segment A: calibrated,23.493,37.578,7.0938,Composting kitchen waste|7.234|28.191|62.383
Composting kitchen waste,7.0938,30.097,59.063,1.0,23.844,59.063,7.0938,0.7112,440.2,340.637,0.29665,11.0,83.014,30.097,46.3335,,,,,,,Segment A: calibrated,23.844,59.063,7.0938,Composting kitchen waste|7.094|30.097|59.063
Composting kitchen waste,7.0938,30.097,59.063,4.0,45.779,61.406,7.7969,0.99472,1853.3,361.8701,0.31641,11.0,78.343,29.28,42.6241,,,,,,,Segment A: calibrated,45.779,61.406,7.7969,Composting kitchen waste|7.094|30.097|59.063
Composting kitchen waste,7.0938,30.097,59.063,7.0,56.219,53.789,8.4531,1.0712,4471.0,391.4318,0.33993,11.0,78.479,25.739,43.1519,,,,,,,Segment A: calibrated,56.219,53.789,8.4531,Composting kitchen waste|7.094|30.097|59.063
Composting kitchen waste,7.0938,30.097,59.063,10.0,50.188,50.664,8.5938,1.27,2223.9,356.3431,0.29494,11.0,73.653,29.28,40.8443,,,,,,,Segment A: calibrated,50.188,50.664,8.5938,Composting kitchen waste|7.094|30.097|59.063
Composting kitchen waste,7.0938,30.097,59.063,13.0,50.163,44.414,8.1719,1.37473,903.5,357.859599999999,0.2649,11.0,66.502,28.599,55.3976,,,,,,,Segment A: calibrated,50.163,44.414,8.1719,Composting kitchen waste|7.094|30.097|59.063
Composting kitchen waste,7.0938,30.097,59.063,16.0,34.524,41.094,7.8203,1.34295,880.3,428.1493,0.25603,11.0,59.196,22.335,75.5718,,,,,,,Segment A: calibrated,34.524,41.094,7.8203,Composting kitchen waste|7.094|30.097|59.063
Composting kitchen waste,7.0938,30.097,59.063,19.0,30.038,38.555,7.2109,1.40999,718.1,262.1141,0.24342,11.0,55.456,16.751,90.3549,,,,,,,Segment A: calibrated,30.038,38.555,7.2109,Composting kitchen waste|7.094|30.097|59.063
Composting kitchen waste,7.0938,30.097,59.063,22.0,23.492,33.672,6.9063,1.42531,973.0,354.4825,0.20093,11.0,54.041,14.572,95.2546,,,,,,,Segment A: calibrated,23.492,33.672,6.9063,Composting kitchen waste|7.094|30.097|59.063
Composting kitchen waste,7.686,19.7357710064635,67.805,1.0,30.165,67.805,7.686,2.6778,2299.7,44.32,2.46,32.7162721893491,87.143,19.7357710064635,50.571,,,,,,,Segment A: calibrated,30.165,67.805,7.686,Composting kitchen waste|7.686|19.736|67.805
Composting kitchen waste,7.686,19.7357710064635,67.805,3.0,47.159,70.549,6.0235,4.1306,3464.5,8.21,2.5422,32.7162721893491,80.238,19.7357710064635,47.332,,,,,,,Segment A: calibrated,47.159,70.549,6.0235,Composting kitchen waste|7.686|19.736|67.805
Composting kitchen waste,7.686,19.7357710064635,67.805,5.0,52.945,68.262,5.65,4.9223,5000.0,69.58,2.6297,32.7162721893491,76.19,19.7357710064635,45.772,,,,,,,Segment A: calibrated,52.945,68.262,5.65,Composting kitchen waste|7.686|19.736|67.805
Composting kitchen waste,7.686,19.7357710064635,67.805,7.0,47.027,66.28,6.1686,4.4744,5000.0,104.34,2.5009,32.7162721893491,74.643,19.7357710064635,51.653,,,,,,,Segment A: calibrated,47.027,66.28,6.1686,Composting kitchen waste|7.686|19.736|67.805
Composting kitchen waste,7.686,19.7357710064635,67.805,9.0,43.747,64.756,7.1305,3.3653,5000.0,108.1,2.4051,32.7162721893491,72.143,19.7357710064635,62.399,,,,,,,Segment A: calibrated,43.747,64.756,7.1305,Composting kitchen waste|7.686|19.736|67.805
Composting kitchen waste,7.686,19.7357710064635,67.805,11.0,37.665,62.774,7.5743,3.0826,5000.0,196.04,2.4001,32.7162721893491,70.238,19.7357710064635,71.285,,,,,,,Segment A: calibrated,37.665,62.774,7.5743,Composting kitchen waste|7.686|19.736|67.805
Composting kitchen waste,7.686,19.7357710064635,67.805,13.0,37.681,60.488,7.7454,2.0066,5000.0,339.37,2.3863,32.7162721893491,69.405,19.7357710064635,84.601,,,,,,,Segment A: calibrated,37.681,60.488,7.7454,Composting kitchen waste|7.686|19.736|67.805
Composting kitchen waste,7.686,19.7357710064635,67.805,15.0,35.061,58.506,7.8917,2.0876,5000.0,480.5,2.2866,32.7162721893491,68.69,19.7357710064635,83.225,,,,,,,Segment A: calibrated,35.061,58.506,7.8917,Composting kitchen waste|7.686|19.736|67.805
Composting kitchen waste,7.686,19.7357710064635,67.805,17.0,34.252,57.591,7.8148,1.9537,5000.0,566.23,2.2388,32.7162721893491,67.976,19.7357710064635,84.515,,,,,,,Segment A: calibrated,34.252,57.591,7.8148,Composting kitchen waste|7.686|19.736|67.805
Composting kitchen waste,7.686,19.7357710064635,67.805,19.0,35.093,56.524,8.0851,3.1586,5000.0,658.59,2.2,32.7162721893491,68.095,19.7357710064635,89.692,,,,,,,Segment A: calibrated,35.093,56.524,8.0851,Composting kitchen waste|7.686|19.736|67.805
Composting kitchen waste,7.686,19.7357710064635,67.805,21.0,34.45,55.762,7.9586,2.843,5000.0,638.02,2.1771,32.7162721893491,66.19,19.7357710064635,97.714,,,,,,,Segment A: calibrated,34.45,55.762,7.9586,Composting kitchen waste|7.686|19.736|67.805
Composting kitchen waste,6.2436,23.4545,64.8892,0.0,27.127,64.8892,6.2436,2.26279,494.97,400.4,1.8111,42.47844495,68.6895,23.4545,60.774,,,,,,,Segment A: calibrated,27.127,64.8892,6.2436,Composting kitchen waste|6.244|23.454|64.889
Composting kitchen waste,6.2436,23.4545,64.8892,4.0,50.686,58.1953,8.0527,2.91739,1269.16,624.85,1.8141,36.22993533,60.7333,19.9713,58.75,,,,,,,Segment A: calibrated,50.686,58.1953,8.0527,Composting kitchen waste|6.244|23.454|64.889
Composting kitchen waste,6.2436,23.4545,64.8892,9.0,33.562,54.08775,8.6699,2.64903,930.47,803.77,1.8448,33.25934576,57.6838,18.0287,68.2,,,,,,,Segment A: calibrated,33.562,54.08775,8.6699,Composting kitchen waste|6.244|23.454|64.889
Composting kitchen waste,6.2436,23.4545,64.8892,15.0,27.348,50.6679,8.4028,2.32317,779.53,1269.08,1.9354,32.5592342,55.8743,16.823,80.197,,,,,,,Segment A: calibrated,27.348,50.6679,8.4028,Composting kitchen waste|6.244|23.454|64.889
Composting kitchen waste,6.2436,23.4545,64.8892,21.0,23.945,49.3773,8.5716,2.21527,609.4,1500.0,1.9611,31.67784441,54.9445,16.1531,88.731,,,,,,,Segment A: calibrated,23.945,49.3773,8.5716,Composting kitchen waste|6.244|23.454|64.889
Composting kitchen waste,6.2436,23.4545,64.8892,27.0,21.319,48.4825,8.3041,2.11999,477.66,1500.0,1.9211,30.06655977,54.097,15.6507,91.071,,,,,,,Segment A: calibrated,21.319,48.4825,8.3041,Composting kitchen waste|6.244|23.454|64.889
Composting kitchen waste,6.2436,23.4545,64.8892,32.0,19.158,47.2609,8.2298,1.98664,434.38,1500.0,1.9285,29.5365203,52.7924,15.3158,87.401,,,,,,,Segment A: calibrated,19.158,47.2609,8.2298,Composting kitchen waste|6.244|23.454|64.889
Composting kitchen waste,6.4231,23.4545,64.037,0.0,27.127,64.037,6.4231,2.17307,494.97,400.4,1.8122,42.5042449,68.5438,23.4545,59.864,,,,,,,Segment A: calibrated,27.127,64.037,6.4231,Composting kitchen waste|6.423|23.454|64.037
Composting kitchen waste,6.4231,23.4545,64.037,4.0,56.608,55.9498,8.2194,3.28919,1461.0,607.65,1.80079999999999,35.2405755199998,57.9452,19.5694,53.647,,,,,,,Segment A: calibrated,56.608,55.9498,8.2194,Composting kitchen waste|6.423|23.454|64.037
Composting kitchen waste,6.4231,23.4545,64.037,9.0,36.992,50.17725,8.6891,2.604165,972.63,712.22,1.9259,31.8832745,55.2995,16.555,76.947,,,,,,,Segment A: calibrated,36.992,50.17725,8.6891,Composting kitchen waste|6.423|23.454|64.037
Composting kitchen waste,6.4231,23.4545,64.037,15.0,29.843,46.2543,8.3003,1.91294,714.28,1400.59,1.9182,29.44302726,52.4258,15.3493,88.033,,,,,,,Segment A: calibrated,29.843,46.2543,8.3003,Composting kitchen waste|6.423|23.454|64.037
Composting kitchen waste,6.4231,23.4545,64.037,21.0,27.375,45.3505,8.469,1.80501,521.2,1500.0,1.95339999999999,29.0673733599999,51.4232,14.8804,81.989,,,,,,,Segment A: calibrated,27.375,45.3505,8.469,Composting kitchen waste|6.423|23.454|64.037
Composting kitchen waste,6.4231,23.4545,64.037,27.0,23.657,44.3004,8.3041,1.7482,404.79,1500.0,1.9106,27.91845144,50.2811,14.6124,94.715,,,,,,,Segment A: calibrated,23.657,44.3004,8.3041,Composting kitchen waste|6.423|23.454|64.037
Composting kitchen waste,6.4231,23.4545,64.037,32.0,21.652,42.8459,8.063,1.65973,376.89,1500.0,1.88719999999999,27.1973827999999,48.4619,14.4115,101.068,,,,,,,Segment A: calibrated,21.652,42.8459,8.063,Composting kitchen waste|6.423|23.454|64.037
Composting kitchen waste,6.3076,23.4545,64.1145,0.0,27.127,64.1145,6.3076,2.07692,494.97,400.4,1.812,42.499554,68.5438,23.4545,59.864,,,,,,,Segment A: calibrated,27.127,64.1145,6.3076,Composting kitchen waste|6.308|23.454|64.115
Composting kitchen waste,6.3076,23.4545,64.1145,4.0,46.632,52.7755,8.322,2.48788,1180.92,670.6,1.7899,36.22614408,60.9524,20.2392,63.487,,,,,,,Segment A: calibrated,46.632,52.7755,8.322,Composting kitchen waste|6.308|23.454|64.115
Composting kitchen waste,6.3076,23.4545,64.1145,9.0,31.535,46.6536,8.75965,2.350975,861.37,900.96,1.84829999999999,33.4462823099998,58.12355,18.0957,81.503,,,,,,,Segment A: calibrated,31.535,46.6536,8.75965,Composting kitchen waste|6.308|23.454|64.115
Composting kitchen waste,6.3076,23.4545,64.1145,15.0,24.386,42.9244,8.5951,2.21424,737.33,1297.62,1.9454,32.0105843,55.1396,16.4545,86.029,,,,,,,Segment A: calibrated,24.386,42.9244,8.5951,Composting kitchen waste|6.308|23.454|64.115
Composting kitchen waste,6.3076,23.4545,64.1145,21.0,22.228,41.8657,8.3153,2.17042,574.87,1500.0,1.9217,30.01157324,54.2852,15.6172,93.47,,,,,,,Segment A: calibrated,22.228,41.8657,8.3153,Composting kitchen waste|6.308|23.454|64.115
Composting kitchen waste,6.3076,23.4545,64.1145,27.0,17.578,40.739,8.1118,2.13282,431.69,1500.0,1.937,29.4720361,52.628,15.2153,105.285,,,,,,,Segment A: calibrated,17.578,40.739,8.1118,Composting kitchen waste|6.308|23.454|64.115
Composting kitchen waste,6.3076,23.4545,64.1145,32.0,16.508,39.8272,8.0887,2.05073,384.55,1500.0,1.939,29.2426407,50.8119,15.0813,94.326,,,,,,,Segment A: calibrated,16.508,39.8272,8.0887,Composting kitchen waste|6.308|23.454|64.115
Composting kitchen waste,6.5,24.1514,66.4665,0.0,22.765,66.4665,6.5,2.01602,528.74,49.778,1.7792,42.97017088,66.4828,24.1514,55.792,,,,,,,Segment A: calibrated,22.765,66.4665,6.5,Composting kitchen waste|6.5|24.151|66.466
Composting kitchen waste,6.5,24.1514,66.4665,4.0,56.538,54.9136,8.0674,3.22426,1472.3,65.699,1.70269999999999,35.7979053399998,58.062,21.0242,52.407,,,,,,,Segment A: calibrated,56.538,54.9136,8.0674,Composting kitchen waste|6.5|24.151|66.466
Composting kitchen waste,6.5,24.1514,66.4665,9.0,33.795,49.489,8.0794,2.52403,965.43,90.934,1.81739999999999,33.5143099199998,54.6743,18.4408,69.768,,,,,,,Segment A: calibrated,33.795,49.489,8.0794,Composting kitchen waste|6.5|24.151|66.466
Composting kitchen waste,6.5,24.1514,66.4665,15.0,30.571,46.5205,8.4348,2.16018,710.93,137.514,1.8543,31.98686043,51.7656,17.2501,82.955,,,,,,,Segment A: calibrated,30.571,46.5205,8.4348,Composting kitchen waste|6.5|24.151|66.466
Composting kitchen waste,6.5,24.1514,66.4665,21.0,27.489,45.3667,8.2271,2.08467,503.21,175.342,1.8547,30.40298428,50.6552,16.3924,94.046,,,,,,,Segment A: calibrated,27.489,45.3667,8.2271,Composting kitchen waste|6.5|24.151|66.466
Composting kitchen waste,6.5,24.1514,66.4665,27.0,27.975,44.1423,8.1703,2.01602,435.34,194.571,1.8485,29.6687947,50.0948,16.0502,92.203,,,,,,,Segment A: calibrated,27.975,44.1423,8.1703,Composting kitchen waste|6.5|24.151|66.466
Composting kitchen waste,6.5,24.1514,66.4665,32.0,28.463,43.3738,8.3605,1.94737,395.0,202.845,1.8453,29.15574,49.3929,15.8,89.778,,,,,,,Segment A: calibrated,28.463,43.3738,8.3605,Composting kitchen waste|6.5|24.151|66.466
Composting kitchen waste,6.5,24.1514,66.4665,39.0,27.875,42.6051,8.1104,1.93364,381.31,210.053,1.8434,28.60348478,48.8983,15.5167,97.075,,,,,,,Segment A: calibrated,27.875,42.6051,8.1104,Composting kitchen waste|6.5|24.151|66.466
Composting kitchen waste,6.3899,24.1514,66.4665,0.0,22.765,66.4665,6.3899,2.03661,528.74,49.782,1.7804,42.99915256,66.4828,24.1514,55.792,,,,,,,Segment A: calibrated,22.765,66.4665,6.3899,Composting kitchen waste|6.39|24.151|66.466
Composting kitchen waste,6.3899,24.1514,66.4665,4.0,57.468,54.8464,7.9298,3.4508,1686.08,63.51,1.75369999999999,35.5948488999998,57.5795,20.297,66.868,,,,,,,Segment A: calibrated,57.468,54.8464,7.9298,Composting kitchen waste|6.39|24.151|66.466
Composting kitchen waste,6.3899,24.1514,66.4665,9.0,39.835,48.0885,8.5611,2.79176,1222.02,74.521,1.82689999999999,32.5272237399998,52.3981,17.8046,75.477,,,,,,,Segment A: calibrated,39.835,48.0885,8.5611,Composting kitchen waste|6.39|24.151|66.466
Composting kitchen waste,6.3899,24.1514,66.4665,15.0,33.978,44.7206,8.4623,2.2357,742.05,129.856,1.8433,30.45647724,50.5934,16.5228,94.371,,,,,,,Segment A: calibrated,33.978,44.7206,8.4623,Composting kitchen waste|6.39|24.151|66.466
Composting kitchen waste,6.3899,24.1514,66.4665,21.0,31.98,43.5001,8.1858,2.01602,499.28,186.281,1.8466,29.0396316,49.4136,15.726,86.247,,,,,,,Segment A: calibrated,31.98,43.5001,8.1858,Composting kitchen waste|6.39|24.151|66.466
Composting kitchen waste,6.3899,24.1514,66.4665,27.0,30.914,42.3416,8.0464,1.94737,431.45,218.64,1.86019999999999,28.2783883599999,48.6463,15.2018,99.241,,,,,,,Segment A: calibrated,30.914,42.3416,8.0464,Composting kitchen waste|6.39|24.151|66.466
Composting kitchen waste,6.3899,24.1514,66.4665,32.0,31.713,41.8403,7.9614,1.89245,379.39,226.365,1.83819999999999,27.4283336599999,48.0135,14.9213,118.128,,,,,,,Segment A: calibrated,31.713,41.8403,7.9614,Composting kitchen waste|6.39|24.151|66.466
Composting kitchen waste,6.3899,24.1514,66.4665,39.0,30.504,41.1384,7.904,1.83753,357.97,228.106,1.83599999999999,27.0982583999999,47.7259,14.7594,105.636,,,,,,,Segment A: calibrated,30.504,41.1384,7.904,Composting kitchen waste|6.39|24.151|66.466
Composting kitchen waste,6.3899,24.1514,66.4665,0.0,22.765,66.4665,6.3899,2.0778,528.74,49.782,1.7804,42.99915256,66.4828,24.1514,55.792,,,,,,,Segment A: calibrated,22.765,66.4665,6.3899,Composting kitchen waste|6.39|24.151|66.466
Composting kitchen waste,6.3899,24.1514,66.4665,4.0,44.623,56.0469,7.7922,3.08009,1378.94,64.605,1.71179999999999,35.7297166799998,57.9929,20.8726,75.24,,,,,,,Segment A: calibrated,44.623,56.0469,7.7922,Composting kitchen waste|6.39|24.151|66.466
Composting kitchen waste,6.3899,24.1514,66.4665,9.0,33.948,50.5556,8.0519,2.92906,899.36,102.42,1.82389999999999,33.5790933399998,55.0188,18.4106,82.137,,,,,,,Segment A: calibrated,33.948,50.5556,8.0519,Composting kitchen waste|6.39|24.151|66.466
Composting kitchen waste,6.3899,24.1514,66.4665,15.0,29.797,47.4534,8.2559,2.65446,675.96,138.062,1.83739999999999,32.3079228999998,52.7311,17.5835,86.759,,,,,,,Segment A: calibrated,29.797,47.4534,8.2559,Composting kitchen waste|6.39|24.151|66.466
Composting kitchen waste,6.3899,24.1514,66.4665,21.0,28.727,46.3669,8.3784,2.52403,518.76,164.401,1.8542,31.18152514,51.8963,16.8167,95.57,,,,,,,Segment A: calibrated,28.727,46.3669,8.3784,Composting kitchen waste|6.39|24.151|66.466
Composting kitchen waste,6.3899,24.1514,66.4665,27.0,27.818,45.3418,8.129,2.42105,454.81,183.081,1.8579,30.43909044,51.681,16.3836,90.49,,,,,,,Segment A: calibrated,27.818,45.3418,8.129,Composting kitchen waste|6.39|24.151|66.466
Composting kitchen waste,6.3899,24.1514,66.4665,32.0,28.773,44.7071,8.0165,2.34554,402.78,191.358,1.8574,30.13501482,50.9793,16.2243,103.286,,,,,,,Segment A: calibrated,28.773,44.7071,8.0165,Composting kitchen waste|6.39|24.151|66.466
Composting kitchen waste,6.3899,24.1514,66.4665,39.0,28.646,44.672,7.9315,2.29062,389.11,198.563,1.8659,29.85719885,50.5533,16.0015,99.168,,,,,,,Segment A: calibrated,28.646,44.672,7.9315,Composting kitchen waste|6.39|24.151|66.466
Composting kitchen waste,6.3541,25.3008,65.8464,0.0,15.453,65.8464,6.3541,2.5391,478.6,40.304,1.909,48.2992272,71.2157,25.3008,51.92,,,,,,,Segment A: calibrated,15.453,65.8464,6.3541,Composting kitchen waste|6.354|25.301|65.846
Composting kitchen waste,6.3541,25.3008,65.8464,4.0,59.942,53.9921,8.3609,3.38415,1878.32,54.663,1.87549999999999,37.3209495999998,63.2262,19.8992,69.354,,,,,,,Segment A: calibrated,59.942,53.9921,8.3609,Composting kitchen waste|6.354|25.301|65.846
Composting kitchen waste,6.3541,25.3008,65.8464,9.0,48.173,46.2136,8.5544,2.54243,1623.11,64.294,1.937,33.3714108,57.2054,17.2284,85.794,,,,,,,Segment A: calibrated,48.173,46.2136,8.5544,Composting kitchen waste|6.354|25.301|65.846
Composting kitchen waste,6.3541,25.3008,65.8464,15.0,31.617,42.5078,8.3051,2.05661,889.11,151.631,1.981,29.4172557,53.0108,14.8497,102.447,,,,,,,Segment A: calibrated,31.617,42.5078,8.3051,Composting kitchen waste|6.354|25.301|65.846
Composting kitchen waste,6.3541,25.3008,65.8464,21.0,27.27,41.1154,8.4979,1.74734,547.22,194.496,1.975,28.9327625,51.7885,14.6495,97.086,,,,,,,Segment A: calibrated,27.27,41.1154,8.4979,Composting kitchen waste|6.354|25.301|65.846
Composting kitchen waste,6.3541,25.3008,65.8464,27.0,24.767,40.1826,8.3108,1.68262,398.8,224.312,1.99119999999999,28.5779015199999,51.2239,14.3521,120.61,,,,,,,Segment A: calibrated,24.767,40.1826,8.3108,Composting kitchen waste|6.354|25.301|65.846
Composting kitchen waste,6.3541,25.3008,65.8464,32.0,23.519,39.0922,8.2138,1.61861,372.73,237.51,1.91559999999999,27.6716082399999,50.159,14.4454,127.15,,,,,,,Segment A: calibrated,23.519,39.0922,8.2138,Composting kitchen waste|6.354|25.301|65.846
Composting kitchen waste,6.3541,25.3008,65.8464,39.0,22.255,38.3095,8.1929,1.60638,351.43,242.46,1.9339,27.61087047,49.6016,14.2773,117.962,,,,,,,Segment A: calibrated,22.255,38.3095,8.1929,Composting kitchen waste|6.354|25.301|65.846
Composting kitchen waste,6.2907,25.3008,65.0002,0.0,15.453,65.0002,6.2907,2.5391,478.6,40.314,1.9046,48.18790368,70.7071,25.3008,51.92,,,,,,,Segment A: calibrated,15.453,65.0002,6.2907,Composting kitchen waste|6.291|25.301|65.0
Composting kitchen waste,6.2907,25.3008,65.0002,4.0,37.382,59.5307,6.8513,2.97715,951.65,82.524,1.80909999999999,42.0007892399998,67.1561,23.2164,58.244,,,,,,,Segment A: calibrated,37.382,59.5307,6.8513,Composting kitchen waste|6.291|25.301|65.0
Composting kitchen waste,6.2907,25.3008,65.0002,9.0,22.992,56.675,7.9708,2.81619,793.14,101.642,1.80399999999999,40.6426767999998,63.7542,22.5292,68.016,,,,,,,Segment A: calibrated,22.992,56.675,7.9708,Composting kitchen waste|6.291|25.301|65.0
Composting kitchen waste,6.2907,25.3008,65.0002,15.0,15.7,54.4306,8.0387,2.693,705.83,110.718,1.81769999999999,40.4698181099998,62.8338,22.2643,64.063,,,,,,,Segment A: calibrated,15.7,54.4306,8.0387,Composting kitchen waste|6.291|25.301|65.0
Composting kitchen waste,6.2907,25.3008,65.0002,21.0,13.054,53.8079,8.2696,2.56126,684.71,117.419,1.81639999999999,40.4321557999998,62.6305,22.2595,72.641,,,,,,,Segment A: calibrated,13.054,53.8079,8.2696,Composting kitchen waste|6.291|25.301|65.0
Composting kitchen waste,6.2907,25.3008,65.0002,27.0,12.255,53.1058,8.2982,2.39295,678.84,119.373,1.81439999999999,40.2016607999998,62.8669,22.157,68.688,,,,,,,Segment A: calibrated,12.255,53.1058,8.2982,Composting kitchen waste|6.291|25.301|65.0
Composting kitchen waste,6.2907,25.3008,65.0002,32.0,12.083,52.0152,8.3026,2.43253,678.2,118.336,1.81309999999999,39.9882831199998,62.6013,22.0552,75.435,,,,,,,Segment A: calibrated,12.083,52.0152,8.3026,Composting kitchen waste|6.291|25.301|65.0
Composting kitchen waste,6.2907,25.3008,65.0002,39.0,11.284,51.5406,8.4084,2.36856,692.6,119.138,1.81179999999999,39.9492840999998,62.7001,22.0495,78.569,,,,,,,Segment A: calibrated,11.284,51.5406,8.4084,Composting kitchen waste|6.291|25.301|65.0
Composting kitchen waste,6.3667,25.3008,65.6926,0.0,15.453,65.6926,6.3667,2.5391,478.6,40.314,1.9039,48.17019312,70.7071,25.3008,51.92,,,,,,,Segment A: calibrated,15.453,65.6926,6.3667,Composting kitchen waste|6.367|25.301|65.693
Composting kitchen waste,6.3667,25.3008,65.6926,4.0,48.972,60.2231,7.6885,3.31758,1160.39,62.364,1.82369999999999,40.4416417199998,65.3372,22.1756,64.102,,,,,,,Segment A: calibrated,48.972,60.2231,7.6885,Composting kitchen waste|6.367|25.301|65.693
Composting kitchen waste,6.3667,25.3008,65.6926,9.0,33.653,59.7519,7.9834,2.89761,991.72,98.688,1.79309999999999,37.3649764199998,61.7166,20.8382,79.329,,,,,,,Segment A: calibrated,33.653,59.7519,7.9834,Composting kitchen waste|6.367|25.301|65.693
Composting kitchen waste,6.3667,25.3008,65.6926,15.0,20.645,58.5848,7.1253,3.21102,919.68,85.823,1.78489999999999,36.0824674599998,58.6859,20.2154,72.145,,,,,,,Segment A: calibrated,20.645,58.5848,7.1253,Composting kitchen waste|6.367|25.301|65.693
Composting kitchen waste,6.3667,25.3008,65.6926,21.0,16.919,58.5003,7.1278,3.19019,837.43,75.324,1.83249999999999,36.0229184999998,57.027,19.6578,76.882,,,,,,,Segment A: calibrated,16.919,58.5003,7.1278,Composting kitchen waste|6.367|25.301|65.693
Composting kitchen waste,6.3667,25.3008,65.6926,27.0,14.573,57.8751,6.6237,3.07371,836.68,70.76,1.8182,34.60925518,56.027,19.0349,73.136,,,,,,,Segment A: calibrated,14.573,57.8751,6.6237,Composting kitchen waste|6.367|25.301|65.693
Composting kitchen waste,6.3667,25.3008,65.6926,32.0,13.475,57.323,6.755,2.91352,830.96,72.095,1.82029999999999,34.0498036799998,55.4709,18.7056,70.383,,,,,,,Segment A: calibrated,13.475,57.323,6.755,Composting kitchen waste|6.367|25.301|65.693
Composting kitchen waste,6.3667,25.3008,65.6926,39.0,13.138,57.6943,6.5184,2.88656,835.17,69.931,1.8185,34.3609212,54.8414,18.8952,67.658,,,,,,,Segment A: calibrated,13.138,57.6943,6.5184,Composting kitchen waste|6.367|25.301|65.693
Composting kitchen waste,6.89037,23.892,60.793,1.0,21.115,60.793,6.89037,0.83716,519.56,15.2,1.8328,43.424,75.4926801024,23.892,50.157,,,,,,,Segment A: calibrated,21.115,60.793,6.89037,Composting kitchen waste|6.89|23.892|60.793
Composting kitchen waste,6.89037,23.892,60.793,5.0,56.334,59.984,6.38475,1.20935,565.65,15.943,1.84333,42.515,74.46139645652,23.431,52.932,,,,,,,Segment A: calibrated,56.334,59.984,6.38475,Composting kitchen waste|6.89|23.892|60.793
Composting kitchen waste,6.89037,23.892,60.793,9.0,56.487,55.461,6.648,1.28437,649.24,19.08,1.98251,34.962,62.717496854,18.35,46.866,,,,,,,Segment A: calibrated,56.487,55.461,6.648,Composting kitchen waste|6.89|23.892|60.793
Composting kitchen waste,6.89037,23.892,60.793,13.0,33.264,54.122,6.74144,1.35232,464.97,23.125,2.17395,31.224,56.3944978206,15.047,69.734,,,,,,,Segment A: calibrated,33.264,54.122,6.74144,Composting kitchen waste|6.89|23.892|60.793
Composting kitchen waste,6.89037,23.892,60.793,17.0,25.236,53.314,6.84432,1.22215,318.2,27.913,2.24478,29.658,53.35182992592,13.786,86.174,,,,,,,Segment A: calibrated,25.236,53.314,6.84432,Composting kitchen waste|6.89|23.892|60.793
Composting kitchen waste,6.89037,23.892,60.793,21.0,23.7,52.771,6.91417,1.16509,292.87,28.903,2.26336,26.645,49.56752062592,12.703,88.748,,,,,,,Segment A: calibrated,23.7,52.771,6.91417,Composting kitchen waste|6.89|23.892|60.793
Composting kitchen waste,6.51301,34.463,49.584,1.0,21.246,49.584,6.51301,0.85839,453.49,14.21,1.22174,41.187,72.58871936888,34.463,45.133,,,,,,,Segment A: calibrated,21.246,49.584,6.51301,Composting kitchen waste|6.513|34.463|49.584
Composting kitchen waste,6.51301,34.463,49.584,5.0,58.282,48.178,6.59702,1.29662,467.43,15.118,1.21619,41.002,72.03671906692,34.357,44.09,,,,,,,Segment A: calibrated,58.282,48.178,6.59702,Composting kitchen waste|6.513|34.463|49.584
Composting kitchen waste,6.51301,34.463,49.584,9.0,47.267,45.712,6.5678,1.24664,606.38,16.191,1.29507,34.896,61.59797906052,27.589,53.295,,,,,,,Segment A: calibrated,47.267,45.712,6.5678,Composting kitchen waste|6.513|34.463|49.584
Composting kitchen waste,6.51301,34.463,49.584,13.0,28.979,44.837,6.74145,1.12826,447.11,19.163,1.38596,30.895,56.11733190944,23.486,68.127,,,,,,,Segment A: calibrated,28.979,44.837,6.74145,Composting kitchen waste|6.513|34.463|49.584
Composting kitchen waste,6.51301,34.463,49.584,17.0,23.418,44.028,6.68865,1.17498,450.34,21.061,1.47292,28.737,51.92643362192,20.449,82.757,,,,,,,Segment A: calibrated,23.418,44.028,6.68865,Composting kitchen waste|6.513|34.463|49.584
Composting kitchen waste,6.51301,34.463,49.584,21.0,24.09,43.087,6.76794,1.12263,421.43,22.795,1.45531,28.684,51.70704205396,20.609,85.532,,,,,,,Segment A: calibrated,24.09,43.087,6.76794,Composting kitchen waste|6.513|34.463|49.584
Composting kitchen waste,6.71583,30.377,55.885,1.0,22.414,55.885,6.71583,0.83717,512.43,14.21,1.41069,42.569,73.87776194412,30.377,56.186,,,,,,,Segment A: calibrated,22.414,55.885,6.71583,Composting kitchen waste|6.716|30.377|55.885
Composting kitchen waste,6.71583,30.377,55.885,5.0,56.594,54.744,6.87531,1.25417,528.15,15.2,1.41318,41.002,72.23452046568,29.649,52.53,,,,,,,Segment A: calibrated,56.594,54.744,6.87531,Composting kitchen waste|6.716|30.377|55.885
Composting kitchen waste,6.71583,30.377,55.885,9.0,48.176,50.487,6.80837,1.38579,709.95,16.108,1.53223,32.199,58.09328692384,21.992,43.047,,,,,,,Segment A: calibrated,48.176,50.487,6.80837,Composting kitchen waste|6.716|30.377|55.885
Composting kitchen waste,6.71583,30.377,55.885,13.0,32.226,48.617,6.8971,1.26977,456.04,21.061,1.63123,28.856,52.80825248456,18.778,71.141,,,,,,,Segment A: calibrated,32.226,48.617,6.8971,Composting kitchen waste|6.716|30.377|55.885
Composting kitchen waste,6.71583,30.377,55.885,17.0,23.288,47.941,6.91034,1.31413,486.06,29.068,1.74224,26.369,49.41258157376,16.451,89.388,,,,,,,Segment A: calibrated,23.288,47.941,6.91034,Composting kitchen waste|6.716|30.377|55.885
Composting kitchen waste,6.71583,30.377,55.885,21.0,23.571,47.597,6.99908,1.27829,410.73,34.186,1.78494,25.394,47.01709740024,15.279,90.556,,,,,,,Segment A: calibrated,23.571,47.597,6.99908,Composting kitchen waste|6.716|30.377|55.885
Composting kitchen waste,6.43753,34.907,60.594,1.0,22.154,60.594,6.43753,0.86311,217.77,14.375,1.12928,38.358,67.95969547904,34.907,55.487,,,,,,,Segment A: calibrated,22.154,60.594,6.43753,Composting kitchen waste|6.438|34.907|60.594
Composting kitchen waste,6.43753,34.907,60.594,5.0,59.191,61.311,6.11587,0.98293,206.72,15.366,1.15185,37.647,66.4623854286,33.469,49.434,,,,,,,Segment A: calibrated,59.191,61.311,6.11587,Composting kitchen waste|6.438|34.907|60.594
Composting kitchen waste,6.43753,34.907,60.594,9.0,50.124,56.125,6.25177,1.10513,304.6,18.172,1.12222,31.673,57.15705717304,29.543,42.58,,,,,,,Segment A: calibrated,50.124,56.125,6.25177,Composting kitchen waste|6.438|34.907|60.594
Composting kitchen waste,6.43753,34.907,60.594,13.0,30.797,55.449,6.33578,1.15656,389.97,20.153,1.18095,29.514,53.9650974468,26.506,65.796,,,,,,,Segment A: calibrated,30.797,55.449,6.33578,Composting kitchen waste|6.438|34.907|60.594
Composting kitchen waste,6.43753,34.907,60.594,17.0,23.287,54.044,6.47638,1.24337,332.49,20.979,1.23977,28.145,51.11077289724,23.913,74.98,,,,,,,Segment A: calibrated,23.287,54.044,6.47638,Composting kitchen waste|6.438|34.907|60.594
Composting kitchen waste,6.43753,34.907,60.594,21.0,23.701,53.566,6.40945,1.27594,342.86,20.071,1.27438,26.908,49.76714893024,22.652,74.942,,,,,,,Segment A: calibrated,23.701,53.566,6.40945,Composting kitchen waste|6.438|34.907|60.594
Composting kitchen waste,6.71585,29.222,50.977,1.0,23.323,50.977,6.71585,0.88669,317.78,15.035,1.43883,41.319,72.48642520824,29.222,48.671,,,,,,,Segment A: calibrated,23.323,50.977,6.71585,Composting kitchen waste|6.716|29.222|50.977
Composting kitchen waste,6.71585,29.222,50.977,5.0,58.023,50.102,7.21023,1.38387,510.29,15.943,1.40916,40.015,70.087954584,28.85,46.628,,,,,,,Segment A: calibrated,58.023,50.102,7.21023,Composting kitchen waste|6.716|29.222|50.977
Composting kitchen waste,6.71585,29.222,50.977,9.0,52.072,48.232,7.11027,1.40701,679.6,15.2,1.56442,31.541,56.91875592832,21.104,41.778,,,,,,,Segment A: calibrated,52.072,48.232,7.11027,Composting kitchen waste|6.716|29.222|50.977
Composting kitchen waste,6.71585,29.222,50.977,13.0,26.121,45.699,6.86408,1.16836,489.98,22.052,1.67143,28.001,50.78147317436,17.623,65.597,,,,,,,Segment A: calibrated,26.121,45.699,6.86408,Composting kitchen waste|6.716|29.222|50.977
Composting kitchen waste,6.71585,29.222,50.977,17.0,25.496,44.89,6.7877,1.12073,280.71,31.132,1.74626,25.316,46.85322451112,15.563,88.813,,,,,,,Segment A: calibrated,25.496,44.89,6.7877,Composting kitchen waste|6.716|29.222|50.977
Composting kitchen waste,6.71585,29.222,50.977,21.0,23.96,44.347,6.82456,1.15329,205.37,37.983,1.84124,23.092,44.27193085872,13.947,95.39,,,,,,,Segment A: calibrated,23.96,44.347,6.82456,Composting kitchen waste|6.716|29.222|50.977
Composting kitchen waste,6.82433,25.491,54.624,1.0,21.375,54.624,6.82433,0.88669,403.5,17.182,1.7685,44.608,77.719356954,25.491,48.871,,,,,,,Segment A: calibrated,21.375,54.624,6.82433,Composting kitchen waste|6.824|25.491|54.624
Composting kitchen waste,6.82433,25.491,54.624,5.0,62.828,53.75,7.34229,1.33906,542.44,15.2,1.72675,42.976,75.304092432,25.296,51.839,,,,,,,Segment A: calibrated,62.828,53.75,7.34229,Composting kitchen waste|6.824|25.491|54.624
Composting kitchen waste,6.82433,25.491,54.624,9.0,55.189,49.757,7.05838,1.43531,743.88,19.163,2.04283,33.054,58.68088008504,16.662,56.814,,,,,,,Segment A: calibrated,55.189,49.757,7.05838,Composting kitchen waste|6.824|25.491|54.624
Composting kitchen waste,6.82433,25.491,54.624,13.0,28.589,48.02,6.96314,1.35938,454.25,20.153,2.21817,28.067,50.7461398116,13.27,64.794,,,,,,,Segment A: calibrated,28.589,48.02,6.96314,Composting kitchen waste|6.824|25.491|54.624
Composting kitchen waste,6.82433,25.491,54.624,17.0,25.236,46.814,7.10846,1.2646,241.42,34.104,2.26893,24.724,45.2380624758,11.565,61.348,,,,,,,Segment A: calibrated,25.236,46.814,7.10846,Composting kitchen waste|6.824|25.491|54.624
Composting kitchen waste,6.82433,25.491,54.624,21.0,24.61,45.342,7.05097,1.20989,189.29,40.873,2.32766,22.236,42.42021621464,10.571,66.722,,,,,,,Segment A: calibrated,24.61,45.342,7.05097,Composting kitchen waste|6.824|25.491|54.624
Composting kitchen waste,6.78186,29.488,58.936,1.0,19.428,58.936,6.78186,0.8584,207.07,17.017,1.39867,40.595,71.10462317504,29.488,43.458,,,,,,,Segment A: calibrated,19.428,58.936,6.78186,Composting kitchen waste|6.782|29.488|58.936
Composting kitchen waste,6.78186,29.488,58.936,5.0,48.672,59.786,6.01683,1.04661,187.08,18.007,1.36894,38.568,67.87747167816,28.761,51.238,,,,,,,Segment A: calibrated,48.672,59.786,6.01683,Composting kitchen waste|6.782|29.488|58.936
Composting kitchen waste,6.78186,29.488,58.936,9.0,52.851,58.048,6.14328,1.0721,268.87,15.118,1.37147,32.199,57.67042870348,24.391,53.606,,,,,,,Segment A: calibrated,52.851,58.048,6.14328,Composting kitchen waste|6.782|29.488|58.936
Composting kitchen waste,6.78186,29.488,58.936,13.0,28.199,56.245,6.38766,1.06222,322.12,19.08,1.45028,31.093,56.49888862384,22.597,68.803,,,,,,,Segment A: calibrated,28.199,56.245,6.38766,Composting kitchen waste|6.782|29.488|58.936
Composting kitchen waste,6.78186,29.488,58.936,17.0,24.976,54.508,6.52356,1.09479,293.2,17.182,1.34021,30.842,50.94238993792,22.048,63.552,,,,,,,Segment A: calibrated,24.976,54.508,6.52356,Composting kitchen waste|6.782|29.488|58.936
Composting kitchen waste,6.78186,29.488,58.936,21.0,23.441,54.031,6.43302,1.20283,321.44,17.925,1.21412,29.802,47.41387251776,22.652,68.326,,,,,,,Segment A: calibrated,23.441,54.031,6.43302,Composting kitchen waste|6.782|29.488|58.936
Composting kitchen waste,6.71111,23.27,49.915,1.0,21.765,49.915,6.71111,0.79706,303.49,16.274,1.83282,41.713,73.5281196936,23.27,51.477,,,,,,,Segment A: calibrated,21.765,49.915,6.71111,Composting kitchen waste|6.711|23.27|49.915
Composting kitchen waste,6.71111,23.27,49.915,5.0,56.204,50.168,7.37531,1.20463,378.15,15.118,1.86344,37.252,66.71224024896,20.766,45.826,,,,,,,Segment A: calibrated,56.204,50.168,7.37531,Composting kitchen waste|6.711|23.27|49.915
Composting kitchen waste,6.71111,23.27,49.915,9.0,43.89,48.298,7.12442,1.1971,433.16,14.953,1.84178,33.252,60.24043927584,18.972,60.221,,,,,,,Segment A: calibrated,43.89,48.298,7.12442,Composting kitchen waste|6.711|23.27|49.915
Composting kitchen waste,6.71111,23.27,49.915,13.0,26.252,45.765,7.10464,1.23203,357.82,17.182,1.98902,31.093,56.16474539192,16.379,60.383,,,,,,,Segment A: calibrated,26.252,45.765,7.10464,Composting kitchen waste|6.711|23.27|49.915
Composting kitchen waste,6.71111,23.27,49.915,17.0,25.366,44.824,6.99997,1.35422,280.7,16.108,2.09602,30.053,53.66827350496,14.852,71.371,,,,,,,Segment A: calibrated,25.366,44.824,6.99997,Composting kitchen waste|6.711|23.27|49.915
Composting kitchen waste,6.71111,23.27,49.915,21.0,23.441,44.612,6.91887,1.34198,346.43,16.108,2.13871,29.473,53.3897298592,14.48,77.948,,,,,,,Segment A: calibrated,23.441,44.612,6.91887,Composting kitchen waste|6.711|23.27|49.915
Composting kitchen waste,6.71112,33.486,54.956,1.0,20.207,54.956,6.71112,0.82065,167.77,15.035,1.16142,38.226,67.04861864688,33.486,48.269,,,,,,,Segment A: calibrated,20.207,54.956,6.71112,Composting kitchen waste|6.711|33.486|54.956
Composting kitchen waste,6.71112,33.486,54.956,5.0,53.347,55.806,6.05455,1.00652,174.58,17.017,1.18401,36.463,64.145754567,31.425,51.439,,,,,,,Segment A: calibrated,53.347,55.806,6.05455,Composting kitchen waste|6.711|33.486|54.956
Composting kitchen waste,6.71112,33.486,54.956,9.0,30.124,54.4,6.18573,1.02258,220.67,16.274,1.0579,33.778,60.3611334816,33.096,56.612,,,,,,,Segment A: calibrated,30.124,54.4,6.18573,Composting kitchen waste|6.711|33.486|54.956
Composting kitchen waste,6.71112,33.486,54.956,13.0,24.953,53.061,6.32162,1.05279,302.47,16.026,1.06841,32.343,57.65821150852,31.303,64.593,,,,,,,Segment A: calibrated,24.953,53.061,6.32162,Composting kitchen waste|6.711|33.486|54.956
Composting kitchen waste,6.71112,33.486,54.956,17.0,25.626,51.921,6.42922,1.083,330.7,15.118,0.98646,30.843,55.3223735112,32.53,60.746,,,,,,,Segment A: calibrated,25.626,51.921,6.42922,Composting kitchen waste|6.711|33.486|54.956
Composting kitchen waste,6.71112,33.486,54.956,21.0,24.221,50.582,6.38586,1.06131,342.86,14.953,0.96485,30.395,54.2302124428,32.602,66.922,,,,,,,Segment A: calibrated,24.221,50.582,6.38586,Composting kitchen waste|6.711|33.486|54.956
Composting kitchen waste,6.85301,25.2447,55.3021,0.0,20.59,55.3021,6.85301,0.90011,448.82,13.082,2.20347,52.0,95.899119023916,25.2447,51.79,,,,,,,Segment A: calibrated,20.59,55.3021,6.85301,Composting kitchen waste|6.853|25.245|55.302
Composting kitchen waste,6.85301,25.2447,55.3021,3.0,58.004,55.468,7.50988,1.41745,649.76,13.1,1.65047,51.099,87.944233688072,30.9074,41.167,,,,,,,Segment A: calibrated,58.004,55.468,7.50988,Composting kitchen waste|6.853|25.245|55.302
Composting kitchen waste,6.85301,25.2447,55.3021,6.0,58.105,45.4325,7.17724,1.42347,644.08,12.072,1.95389,38.714,67.442213236104,20.0214,27.557,,,,,,,Segment A: calibrated,58.105,45.4325,7.17724,Composting kitchen waste|6.853|25.245|55.302
Composting kitchen waste,6.85301,25.2447,55.3021,9.0,45.395,44.8104,7.10613,1.33515,443.13,21.306,2.31763,34.344,59.40849117322,14.8685,63.214,,,,,,,Segment A: calibrated,45.395,44.8104,7.10613,Composting kitchen waste|6.853|25.245|55.302
Composting kitchen waste,6.85301,25.2447,55.3021,12.0,26.217,44.4372,7.0562,1.25814,240.28,36.336,2.52858,33.095,57.295654553328,13.1434,93.751,,,,,,,Segment A: calibrated,26.217,44.4372,7.0562,Composting kitchen waste|6.853|25.245|55.302
Composting kitchen waste,6.85301,25.2447,55.3021,15.0,25.324,44.3128,7.00392,1.20754,191.0,37.304,2.64715,32.411,56.42679022838,12.3643,96.776,,,,,,,Segment A: calibrated,25.324,44.3128,7.00392,Composting kitchen waste|6.853|25.245|55.302
Composting kitchen waste,6.8648,25.0675,55.5095,0.0,20.59,55.5095,6.8648,0.89822,418.48,12.131,2.24251,52.0,96.9131418887,25.0675,50.937,,,,,,,Segment A: calibrated,20.59,55.5095,6.8648,Composting kitchen waste|6.865|25.068|55.51
Composting kitchen waste,6.8648,25.0675,55.5095,3.0,60.119,56.1315,7.63003,1.47217,683.89,12.054,1.62917,50.46,87.306976576168,31.0846,38.394,,,,,,,Segment A: calibrated,60.119,56.1315,7.63003,Composting kitchen waste|6.865|25.068|55.51
Composting kitchen waste,6.8648,25.0675,55.5095,6.0,59.971,46.096,7.34216,1.49139,704.74,13.402,2.00715,35.807,61.3048762089,17.7165,26.064,,,,,,,Segment A: calibrated,59.971,46.096,7.34216,Composting kitchen waste|6.865|25.068|55.51
Composting kitchen waste,6.8648,25.0675,55.5095,9.0,43.032,45.1836,7.0378,1.34834,490.52,24.062,2.28563,32.855,56.9588595646,14.455,66.839,,,,,,,Segment A: calibrated,43.032,45.1836,7.0378,Composting kitchen waste|6.865|25.068|55.51
Composting kitchen waste,6.8648,25.0675,55.5095,12.0,28.208,44.9348,6.99023,1.20719,244.08,37.381,2.4753,31.179,53.81938550124,12.6117,95.883,,,,,,,Segment A: calibrated,28.208,44.9348,6.99023,Composting kitchen waste|6.865|25.068|55.51
Composting kitchen waste,6.8648,25.0675,55.5095,15.0,24.826,44.6031,6.93325,1.17358,179.62,39.204,2.57254,30.709,53.525396070552,12.0687,102.748,,,,,,,Segment A: calibrated,24.826,44.6031,6.93325,Composting kitchen waste|6.865|25.068|55.51
Composting kitchen waste,6.83415,24.9492,55.0948,0.0,20.59,55.0948,6.83415,0.89633,433.65,13.081,2.25675,52.0,97.0682806404,24.9492,51.364,,,,,,,Segment A: calibrated,20.59,55.0948,6.83415,Composting kitchen waste|6.834|24.949|55.095
Composting kitchen waste,6.83415,24.9492,55.0948,3.0,60.118,54.1825,7.3379,1.33254,752.13,14.145,1.7287,52.0,91.93653450604,30.8483,44.792,,,,,,,Segment A: calibrated,60.118,54.1825,7.3379,Composting kitchen waste|6.834|24.949|55.095
Composting kitchen waste,6.83415,24.9492,55.0948,6.0,60.22,44.3543,7.06651,1.43855,628.91,12.833,1.85436,40.913,70.809465734352,22.1493,33.315,,,,,,,Segment A: calibrated,60.22,44.3543,7.06651,Composting kitchen waste|6.834|24.949|55.095
Composting kitchen waste,6.83415,24.9492,55.0948,9.0,33.206,43.2346,6.9789,1.36156,422.27,20.071,2.23942,36.897,63.792883105872,16.5234,63.213,,,,,,,Segment A: calibrated,33.206,43.2346,6.9789,Composting kitchen waste|6.834|24.949|55.095
Composting kitchen waste,6.83415,24.9492,55.0948,12.0,25.098,42.8199,7.01144,1.26568,280.09,32.156,2.47173,33.803,58.274043339756,13.6753,93.324,,,,,,,Segment A: calibrated,25.098,42.8199,7.01144,Composting kitchen waste|6.834|24.949|55.095
Composting kitchen waste,6.83415,24.9492,55.0948,15.0,23.831,42.032,7.06048,1.21321,230.81,35.119,2.4873,32.34,55.80668750436,13.0143,96.99,,,,,,,Segment A: calibrated,23.831,42.032,7.06048,Composting kitchen waste|6.834|24.949|55.095
Composting kitchen waste,5.65,20.9961,75.06,0.0,28.207,75.06,5.65,1.8654,1174.3307,423.4865,1.52333052328766,31.984,85.53,20.9961,32.8821,,,,,,,Segment A: calibrated,28.207,75.06,5.65,Composting kitchen waste|5.65|20.996|75.06
Composting kitchen waste,5.65,20.9961,75.06,3.0,40.095,75.06,7.7641,2.2212,3052.7105,476.162,1.43788888888889,25.882,80.53,18.0,39.4615,,,,,,,Segment A: calibrated,40.095,75.06,7.7641,Composting kitchen waste|5.65|20.996|75.06
Composting kitchen waste,5.65,20.9961,75.06,6.0,23.881,77.771,8.1862,2.5481,921.681399999999,653.1363,1.14608610456042,20.12,75.076,17.5554,30.5469,,,,,,,Segment A: calibrated,23.881,77.771,8.1862,Composting kitchen waste|5.65|20.996|75.06
Composting kitchen waste,5.65,20.9961,75.06,9.0,18.262,76.687,8.3421,2.7788,959.867899999999,532.297399999999,1.17823529411765,20.03,72.803,17.0,63.1219,,,,,,,Segment A: calibrated,18.262,76.687,8.3421,Composting kitchen waste|5.65|20.996|75.06
Composting kitchen waste,5.65,20.9961,75.06,12.0,19.195,79.217,8.2317,2.7115,957.812599999999,624.996199999999,0.933187375464318,15.174,70.758,16.2604,79.4691,,,,,,,Segment A: calibrated,19.195,79.217,8.2317,Composting kitchen waste|5.65|20.996|75.06
Composting kitchen waste,5.65,20.9961,75.06,15.0,23.214,79.036,8.1784,3.2404,884.922299999999,562.223899999999,0.850625,13.61,70.0,16.0,87.21,,,,,,,Segment A: calibrated,23.214,79.036,8.1784,Composting kitchen waste|5.65|20.996|75.06
Composting kitchen waste,5.65,20.9961,75.06,18.0,28.548,76.506,8.1633,3.5962,1261.2857,685.1596,1.08577789418544,16.582,69.091,15.272,94.5193,,,,,,,Segment A: calibrated,28.548,76.506,8.1633,Composting kitchen waste|5.65|20.996|75.06
Composting kitchen waste,5.65,20.9961,75.06,24.0,20.525,77.229,8.5323,3.6635,510.379199999999,717.949699999999,0.849729802302554,12.658,69.091,14.8965,95.4555,,,,,,,Segment A: calibrated,20.525,77.229,8.5323,Composting kitchen waste|5.65|20.996|75.06
Composting kitchen waste,5.65,20.9961,75.06,30.0,18.809,74.337,8.5018,3.1154,468.0153,786.170599999999,0.832619659339614,12.25,68.106,14.7126,97.99,,,,,,,Segment A: calibrated,18.809,74.337,8.5018,Composting kitchen waste|5.65|20.996|75.06
Composting kitchen waste,5.65,17.7629,59.699,0.0,33.326,59.699,5.65,2.4519,1757.4671,570.7682,2.04966531365937,36.408,78.485,17.7629,33.3853,,,,,,,Segment A: calibrated,33.326,59.699,5.65,Composting kitchen waste|5.65|17.763|59.699
Composting kitchen waste,5.65,17.7629,59.699,3.0,49.143,58.434,8.0304,2.8846,4050.8389,345.559599999999,2.447,39.152,71.818,16.0,32.8398,,,,,,,Segment A: calibrated,49.143,58.434,8.0304,Composting kitchen waste|5.65|17.763|59.699
Composting kitchen waste,5.65,17.7629,59.699,6.0,40.192,53.554,8.9849,3.7885,5000.0,487.9349,1.91756383073619,27.946,68.712,14.5737,32.0851,,,,,,,Segment A: calibrated,40.192,53.554,8.9849,Composting kitchen waste|5.65|17.763|59.699
Composting kitchen waste,5.65,17.7629,59.699,9.0,21.001,52.289,8.9505,4.0481,882.670899999999,609.069099999999,1.79528571428571,25.134,67.727,14.0,64.3224,,,,,,,Segment A: calibrated,21.001,52.289,8.9505,Composting kitchen waste|5.65|17.763|59.699
Composting kitchen waste,5.65,17.7629,59.699,12.0,22.047,51.205,8.8401,4.3173,841.777699999999,716.971799999999,1.78435372109068,23.794,66.591,13.3348,82.8707,,,,,,,Segment A: calibrated,22.047,51.205,8.8401,Composting kitchen waste|5.65|17.763|59.699
Composting kitchen waste,5.65,17.7629,59.699,15.0,27.977,48.494,8.977,4.5865,1059.6616,727.163799999999,1.55292307692308,20.188,64.697,13.0,85.9631,,,,,,,Segment A: calibrated,27.977,48.494,8.977,Composting kitchen waste|5.65|17.763|59.699
Composting kitchen waste,5.65,17.7629,59.699,18.0,29.977,43.253,8.9238,4.9423,1050.7842,553.605199999999,1.86389037981877,23.614,62.652,12.6692,94.1411,,,,,,,Segment A: calibrated,29.977,43.253,8.9238,Composting kitchen waste|5.65|17.763|59.699
Composting kitchen waste,5.65,17.7629,59.699,24.0,23.024,42.53,9.2546,5.0288,945.289499999999,1500.0,1.75010282141976,21.276,61.591,12.157,94.2222,,,,,,,Segment A: calibrated,23.024,42.53,9.2546,Composting kitchen waste|5.65|17.763|59.699
Composting kitchen waste,5.65,17.7629,59.699,30.0,22.024,38.373,9.3195,5.1154,901.190499999999,1500.0,1.82958060331925,22.004,61.136,12.0268,96.13,,,,,,,Segment A: calibrated,22.024,38.373,9.3195,Composting kitchen waste|5.65|17.763|59.699
Composting kitchen waste,5.65,26.9789,60.422,0.0,32.374,60.422,5.65,1.5192,1628.0086,290.8334,1.21494946050432,32.778,89.242,26.9789,35.2207,,,,,,,Segment A: calibrated,32.374,60.422,5.65,Composting kitchen waste|5.65|26.979|60.422
Composting kitchen waste,5.65,26.9789,60.422,3.0,52.12,57.349,7.4598,1.8269,1353.76749999999,195.5715,1.7825,42.78,86.515,24.0,40.424,,,,,,,Segment A: calibrated,52.12,57.349,7.4598,Composting kitchen waste|5.65|26.979|60.422
Composting kitchen waste,5.65,26.9789,60.422,6.0,44.953,56.988,8.3764,2.25,809.378099999999,297.249699999999,1.29745737614757,30.668,84.091,23.637,55.028,,,,,,,Segment A: calibrated,44.953,56.988,8.3764,Composting kitchen waste|5.65|26.979|60.422
Composting kitchen waste,5.65,26.9789,60.422,9.0,33.739,54.458,8.6651,2.0,1902.69879999999,379.935199999999,1.06509090909091,23.432,82.727,22.0,72.7975,,,,,,,Segment A: calibrated,33.739,54.458,8.6651,Composting kitchen waste|5.65|26.979|60.422
Composting kitchen waste,5.65,26.9789,60.422,12.0,23.954,52.651,8.441,2.1635,849.289,591.293799999999,0.946241520926584,20.506,81.742,21.671,88.3518,,,,,,,Segment A: calibrated,23.954,52.651,8.441,Composting kitchen waste|5.65|26.979|60.422
Composting kitchen waste,5.65,26.9789,60.422,15.0,35.0,49.217,8.2926,2.3077,1962.1508,717.4002,0.8846,17.692,80.227,20.0,90.2884,,,,,,,Segment A: calibrated,35.0,49.217,8.2926,Composting kitchen waste|5.65|26.979|60.422
Composting kitchen waste,5.65,26.9789,60.422,18.0,37.0,47.771,8.4105,2.5865,2091.16649999999,670.0596,0.712954790624694,14.54,78.561,20.394,95.0149,,,,,,,Segment A: calibrated,37.0,47.771,8.4105,Composting kitchen waste|5.65|26.979|60.422
Composting kitchen waste,5.65,26.9789,60.422,24.0,24.93,46.867,8.7414,2.3942,836.7061,679.443799999999,0.8077561395769,15.38,76.515,19.0404,92.5264,,,,,,,Segment A: calibrated,24.93,46.867,8.7414,Composting kitchen waste|5.65|26.979|60.422
Composting kitchen waste,5.65,26.9789,60.422,30.0,20.596,42.349,8.768,2.2981,575.6043,719.137499999999,0.777413766117411,14.404,74.773,18.5281,95.22,,,,,,,Segment A: calibrated,20.596,42.349,8.768,Composting kitchen waste|5.65|26.979|60.422
Composting kitchen waste,5.65,25.2963,58.976,0.0,35.588,58.976,5.65,2.0288,2003.8321,288.613399999999,1.50646537240624,38.108,87.576,25.2963,37.1074,,,,,,,Segment A: calibrated,35.588,58.976,5.65,Composting kitchen waste|5.65|25.296|58.976
Composting kitchen waste,5.65,25.2963,58.976,3.0,54.739,56.265,7.555,2.9135,1808.0481,237.9469,2.02278260869565,46.524,81.894,23.0,38.3426,,,,,,,Segment A: calibrated,54.739,56.265,7.555,Composting kitchen waste|5.65|25.296|58.976
Composting kitchen waste,5.65,25.2963,58.976,6.0,50.19,50.12,8.3193,3.3269,4551.65139999999,604.139299999999,2.30940713573931,44.96,77.424,19.4682,38.1081,,,,,,,Segment A: calibrated,50.19,50.12,8.3193,Composting kitchen waste|5.65|25.296|58.976
Composting kitchen waste,5.65,25.2963,58.976,9.0,33.262,43.976,8.3992,3.4519,1674.65509999999,482.990599999999,2.93282352941176,49.858,74.848,17.0,66.9373,,,,,,,Segment A: calibrated,33.262,43.976,8.3992,Composting kitchen waste|5.65|25.296|58.976
Composting kitchen waste,5.65,25.2963,58.976,12.0,24.666,42.53,8.2126,4.0577,798.222399999999,797.8202,3.01030052852899,46.818,74.242,15.5526,72.5405,,,,,,,Segment A: calibrated,24.666,42.53,8.2126,Composting kitchen waste|5.65|25.296|58.976
Composting kitchen waste,5.65,25.2963,58.976,15.0,26.072,39.819,8.0075,3.9327,702.105099999999,761.745199999999,2.89586666666667,43.438,72.879,15.0,84.3982,,,,,,,Segment A: calibrated,26.072,39.819,8.0075,Composting kitchen waste|5.65|25.296|58.976
Composting kitchen waste,5.65,25.2963,58.976,18.0,34.024,35.301,7.7452,4.4231,1397.85629999999,678.512799999999,2.65181555542967,37.45,71.439,14.1224,92.7374,,,,,,,Segment A: calibrated,34.024,35.301,7.7452,Composting kitchen waste|5.65|25.296|58.976
Composting kitchen waste,5.65,25.2963,58.976,24.0,21.119,26.988,7.5816,4.1442,797.773999999999,985.136399999999,2.28976879829229,30.464,69.091,13.3044,90.0993,,,,,,,Segment A: calibrated,21.119,26.988,7.5816,Composting kitchen waste|5.65|25.296|58.976
Composting kitchen waste,5.65,25.2963,58.976,30.0,20.118,21.566,7.5132,3.9327,505.493699999999,1147.54709999999,2.102774859403,27.22,67.576,12.9448,94.2,,,,,,,Segment A: calibrated,20.118,21.566,7.5132,Composting kitchen waste|5.65|25.296|58.976
Composting kitchen waste,7.0327,8.844,61.869,0.0,17.09,61.869,7.0327,5.3,5000.0,1500.0,3.4,32.0055516,68.778,8.844,4.044,,,,,,,Segment A: calibrated,17.09,61.869,7.0327,Composting kitchen waste|7.033|8.844|61.869
Composting kitchen waste,7.0327,8.844,61.869,5.0,23.115,65.064,8.3647,5.3,4831.2346,1500.0,3.3257,32.99493484,63.258,9.9212,2.258,,,,,,,Segment A: calibrated,23.115,65.064,8.3647,Composting kitchen waste|7.033|8.844|61.869
Composting kitchen waste,7.0327,8.844,61.869,10.0,21.325,62.69,9.1681,5.3,983.3837,1500.0,2.3436,32.32785276,59.729,13.7941,26.201,,,,,,,Segment A: calibrated,21.325,62.69,9.1681,Composting kitchen waste|7.033|8.844|61.869
Composting kitchen waste,7.0327,8.844,61.869,15.0,22.797,64.158,8.9329,5.3,816.2677,1500.0,2.4524,31.59843828,60.633,12.8847,7.575,,,,,,,Segment A: calibrated,22.797,64.158,8.9329,Composting kitchen waste|7.033|8.844|61.869
Composting kitchen waste,7.0327,8.844,61.869,20.0,18.094,62.285,8.4699,3.766,1325.31609999999,619.028499999999,2.6951,30.53144035,57.738,11.3285,23.563,,,,,,,Segment A: calibrated,18.094,62.285,8.4699,Composting kitchen waste|7.033|8.844|61.869
Composting kitchen waste,7.0327,8.844,61.869,25.0,19.449,61.693,8.7358,3.9877,4567.5219,646.7103,2.8421,31.05647933,57.919,10.9273,86.331,,,,,,,Segment A: calibrated,19.449,61.693,8.7358,Composting kitchen waste|7.033|8.844|61.869
Composting kitchen waste,6.5316,8.7748,59.253,0.0,9.515,59.253,6.5316,5.3,5000.0,1500.0,3.4,33.6030966,67.692,8.7748,2.642,,,,,,,Segment A: calibrated,9.515,59.253,6.5316,Composting kitchen waste|6.532|8.775|59.253
Composting kitchen waste,6.5316,8.7748,59.253,5.0,22.182,63.449,6.1414,5.3,5000.0,1500.0,3.4,34.6617152,70.86,8.512,1.79,,,,,,,Segment A: calibrated,22.182,63.449,6.1414,Composting kitchen waste|6.532|8.775|59.253
Composting kitchen waste,6.5316,8.7748,59.253,10.0,21.558,55.396,8.339,5.3,5000.0,1500.0,3.4,34.02872691,68.416,8.8041,5.617,,,,,,,Segment A: calibrated,21.558,55.396,8.339,Composting kitchen waste|6.532|8.775|59.253
Composting kitchen waste,6.5316,8.7748,59.253,15.0,23.612,59.202,8.9602,5.3,4385.53329999999,1500.0,3.0935,32.2119968,69.231,10.4128,40.786,,,,,,,Segment A: calibrated,23.612,59.202,8.9602,Composting kitchen waste|6.532|8.775|59.253
Composting kitchen waste,6.5316,8.7748,59.253,20.0,19.957,59.167,8.4152,3.6635,4574.4518,560.266899999999,3.3745,35.10931035,60.0,10.4043,6.721,,,,,,,Segment A: calibrated,19.957,59.167,8.4152,Composting kitchen waste|6.532|8.775|59.253
Composting kitchen waste,6.5316,8.7748,59.253,25.0,18.284,61.136,8.8178,4.2131,5000.0,1380.58629999999,3.4,33.23390784,60.814,9.5412,161.175,,,,,,,Segment A: calibrated,18.284,61.136,8.8178,Composting kitchen waste|6.532|8.775|59.253
Composting kitchen waste,5.6478,10.7384,57.75,0.0,13.478,57.75,5.6478,5.3,5000.0,1500.0,3.4,37.93661952,74.751,10.7384,8.255,,,,,,,Segment A: calibrated,13.478,57.75,5.6478,Composting kitchen waste|5.648|10.738|57.75
Composting kitchen waste,5.6478,10.7384,57.75,5.0,16.589,57.77,5.65,5.3,1001.1099,1500.0,3.1727,36.90072189,70.769,11.6307,20.97,,,,,,,Segment A: calibrated,16.589,57.77,5.65,Composting kitchen waste|5.648|10.738|57.75
Composting kitchen waste,5.6478,10.7384,57.75,10.0,15.149,50.273,5.65,5.3,850.364299999999,1500.0,3.0613,37.70205241,70.95,12.3157,28.07,,,,,,,Segment A: calibrated,15.149,50.273,5.65,Composting kitchen waste|5.648|10.738|57.75
Composting kitchen waste,5.6478,10.7384,57.75,15.0,18.718,61.875,5.65,5.3,866.158399999999,1500.0,2.95,35.078745,73.032,11.8911,33.77,,,,,,,Segment A: calibrated,18.718,61.875,5.65,Composting kitchen waste|5.648|10.738|57.75
Composting kitchen waste,5.6478,10.7384,57.75,20.0,18.56,58.499,7.0667,5.3,3616.5497,1500.0,3.4,39.54930184,61.991,11.1206,25.434,,,,,,,Segment A: calibrated,18.56,58.499,7.0667,Composting kitchen waste|5.648|10.738|57.75
Composting kitchen waste,5.6478,10.7384,57.75,25.0,25.275,58.853,8.5991,5.3,5000.0,357.980099999999,3.4,37.38364656,63.348,10.2804,54.054,,,,,,,Segment A: calibrated,25.275,58.853,8.5991,Composting kitchen waste|5.648|10.738|57.75
Composting kitchen waste,7.1637,34.009,47.962,0.0,32.708,47.962,7.1637,1.716,865.93,277.3234,1.36632,46.236,79.561,34.009,26.009,,,,,,,Segment A: calibrated,32.708,47.962,7.1637,Composting kitchen waste|7.164|34.009|47.962
Composting kitchen waste,7.1637,34.009,47.962,3.0,39.242,46.549,7.0879,2.4514,828.91,294.508399999999,0.97788,31.829,54.868,32.912,47.534,,,,,,,Segment A: calibrated,39.242,46.549,7.0879,Composting kitchen waste|7.164|34.009|47.962
Composting kitchen waste,7.1637,34.009,47.962,7.0,52.309,45.755,7.5453,1.3226,1004.88,57.1904999999999,1.0627,31.548,54.295,29.866,37.668,,,,,,,Segment A: calibrated,52.309,45.755,7.5453,Composting kitchen waste|7.164|34.009|47.962
Composting kitchen waste,7.1637,34.009,47.962,14.0,35.684,44.031,7.1788,1.6338,1087.35,107.7176,1.24444,31.516,51.722,25.568,38.117,,,,,,,Segment A: calibrated,35.684,44.031,7.1788,Composting kitchen waste|7.164|34.009|47.962
Composting kitchen waste,7.1637,34.009,47.962,21.0,33.311,44.167,7.3211,1.8667,1424.34,240.9453,1.40906,29.86,49.911,21.268,40.807,,,,,,,Segment A: calibrated,33.311,44.167,7.3211,Composting kitchen waste|7.164|34.009|47.962
Composting kitchen waste,7.1637,34.009,47.962,27.0,25.619,42.753,7.1485,1.3295,1086.04,123.825099999999,1.72195,28.704,50.132,16.83,50.224,,,,,,,Segment A: calibrated,25.619,42.753,7.1485,Composting kitchen waste|7.164|34.009|47.962
Composting kitchen waste,7.1637,34.009,47.962,34.0,23.004,40.874,8.2843,1.5402,1049.04,326.4794,1.63003,28.547,46.795,17.822,66.816,,,,,,,Segment A: calibrated,23.004,40.874,8.2843,Composting kitchen waste|7.164|34.009|47.962
Composting kitchen waste,7.1637,34.009,47.962,40.0,17.969,37.601,8.5235,1.5389,638.0,717.220699999999,1.42973,26.515,45.525,19.093,86.099,,,,,,,Segment A: calibrated,17.969,37.601,8.5235,Composting kitchen waste|7.164|34.009|47.962
Composting kitchen waste,7.0669,34.148,51.526,0.0,32.224,51.526,7.0669,1.6826,897.1,252.252099999999,1.30931,45.109,78.291,34.148,22.422,,,,,,,Segment A: calibrated,32.224,51.526,7.0669,Composting kitchen waste|7.067|34.148|51.526
Composting kitchen waste,7.0669,34.148,51.526,3.0,38.276,49.183,7.3787,1.8375,912.02,177.1297,0.92087,31.579,53.343,34.304,40.359,,,,,,,Segment A: calibrated,38.276,49.183,7.3787,Composting kitchen waste|7.067|34.148|51.526
Composting kitchen waste,7.0669,34.148,51.526,7.0,54.0,47.924,7.5453,1.6016,952.96,195.6567,1.01708,30.923,53.311,30.562,30.942,,,,,,,Segment A: calibrated,54.0,47.924,7.5453,Composting kitchen waste|7.067|34.148|51.526
Composting kitchen waste,7.0669,34.148,51.526,14.0,38.1,47.749,7.4696,1.4663,1050.96,89.012,1.29575,29.767,51.245,22.782,37.22,,,,,,,Segment A: calibrated,38.1,47.749,7.4696,Composting kitchen waste|7.067|34.148|51.526
Composting kitchen waste,7.0669,34.148,51.526,21.0,33.795,46.491,7.4665,1.9226,1336.04,245.3573,1.37486,29.235,50.705,21.825,43.946,,,,,,,Segment A: calibrated,33.795,46.491,7.4665,Composting kitchen waste|7.067|34.148|51.526
Composting kitchen waste,7.0669,34.148,51.526,27.0,26.343,44.457,7.0759,1.0393,1086.02,189.361199999999,1.5509,28.203,48.893,18.501,58.744,,,,,,,Segment A: calibrated,26.343,44.457,7.0759,Composting kitchen waste|7.067|34.148|51.526
Composting kitchen waste,7.0669,34.148,51.526,34.0,22.763,42.423,8.2116,1.6519,981.49,415.7573,1.64712,27.798,48.607,17.404,71.749,,,,,,,Segment A: calibrated,22.763,42.423,8.2116,Composting kitchen waste|7.067|34.148|51.526
Composting kitchen waste,7.0669,34.148,51.526,40.0,20.866,39.461,8.5235,1.1482,773.06,682.506599999999,1.40694,25.641,45.525,19.093,86.996,,,,,,,Segment A: calibrated,20.866,39.461,8.5235,Composting kitchen waste|7.067|34.148|51.526
Composting kitchen waste,6.873,38.743,59.428,0.0,32.224,59.428,6.873,1.5151,980.2,237.3189,1.18386,44.736,77.781,38.743,30.493,,,,,,,Segment A: calibrated,32.224,59.428,6.873,Composting kitchen waste|6.873|38.743|59.428
Composting kitchen waste,6.873,38.743,59.428,3.0,39.242,57.549,7.3787,1.8375,1005.52,207.147,1.01209,32.579,55.631,31.937,42.152,,,,,,,Segment A: calibrated,39.242,57.549,7.3787,Composting kitchen waste|6.873|38.743|59.428
Composting kitchen waste,6.873,38.743,59.428,7.0,53.275,55.36,7.5695,1.5123,1020.48,218.438099999999,1.0684,31.797,54.836,30.145,21.525,,,,,,,Segment A: calibrated,53.275,55.36,7.5695,Composting kitchen waste|6.873|38.743|59.428
Composting kitchen waste,6.873,38.743,59.428,14.0,37.618,49.608,7.3969,1.6672,1045.79,250.358,1.35276,28.391,48.956,20.972,45.291,,,,,,,Segment A: calibrated,37.618,49.608,7.3969,Composting kitchen waste|6.873|38.743|59.428
Composting kitchen waste,6.873,38.743,59.428,21.0,30.896,48.66,7.1031,1.8667,1424.36,317.6327,1.28933,28.361,49.434,21.825,56.502,,,,,,,Segment A: calibrated,30.896,48.66,7.1031,Composting kitchen waste|6.873|38.743|59.428
Composting kitchen waste,6.873,38.743,59.428,27.0,24.895,48.175,6.9304,1.2402,971.74,50.401,1.5167,28.704,49.402,18.362,72.197,,,,,,,Segment A: calibrated,24.895,48.175,6.9304,Composting kitchen waste|6.873|38.743|59.428
Composting kitchen waste,6.873,38.743,59.428,34.0,22.038,45.367,8.3085,1.3505,830.85,750.953199999999,1.63572,27.422,47.335,16.43,84.753,,,,,,,Segment A: calibrated,22.038,45.367,8.3085,Composting kitchen waste|6.873|38.743|59.428
Composting kitchen waste,6.873,38.743,59.428,40.0,21.591,41.01,8.6204,1.1481,440.58,715.123199999999,1.57794,25.39,42.982,16.169,90.583,,,,,,,Segment A: calibrated,21.591,41.01,8.6204,Composting kitchen waste|6.873|38.743|59.428
Composting kitchen waste,5.7584,36.097,49.047,0.0,32.224,49.047,5.7584,1.85,580.22,268.4386,1.26369,46.236,79.561,36.097,7.623,,,,,,,Segment A: calibrated,32.224,49.047,5.7584,Composting kitchen waste|5.758|36.097|49.047
Composting kitchen waste,5.7584,36.097,49.047,3.0,34.652,47.789,6.1672,2.6077,688.63,415.0998,0.9722,34.203,59.19,35.836,13.901,,,,,,,Segment A: calibrated,34.652,47.789,6.1672,Composting kitchen waste|5.758|36.097|49.047
Composting kitchen waste,5.7584,36.097,49.047,7.0,51.343,46.839,5.9219,1.97,786.69,300.961399999999,0.98286,33.297,56.869,33.904,24.664,,,,,,,Segment A: calibrated,51.343,46.839,5.9219,Composting kitchen waste|5.758|36.097|49.047
Composting kitchen waste,5.7584,36.097,49.047,14.0,41.241,45.426,6.4277,1.8123,853.58,278.1277,1.33566,30.89,53.535,23.339,31.839,,,,,,,Segment A: calibrated,41.241,45.426,6.4277,Composting kitchen waste|5.758|36.097|49.047
Composting kitchen waste,5.7584,36.097,49.047,21.0,37.418,44.166,6.7881,2.0342,878.92,288.1384,1.18671,30.484,52.485,25.863,40.359,,,,,,,Segment A: calibrated,37.418,44.166,6.7881,Composting kitchen waste|5.758|36.097|49.047
Composting kitchen waste,5.7584,36.097,49.047,27.0,30.691,43.683,6.7366,1.162,769.13,165.914099999999,1.49388,28.454,48.894,19.058,56.502,,,,,,,Segment A: calibrated,30.691,43.683,6.7366,Composting kitchen waste|5.758|36.097|49.047
Composting kitchen waste,5.7584,36.097,49.047,34.0,24.454,43.043,8.0904,0.9598,628.26,339.8454,1.49886,28.423,49.116,19.215,68.61,,,,,,,Segment A: calibrated,24.454,43.043,8.0904,Composting kitchen waste|5.758|36.097|49.047
Composting kitchen waste,5.7584,36.097,49.047,40.0,22.799,38.84,8.572,1.0365,554.88,615.8247,1.56658,26.641,46.033,17.561,81.166,,,,,,,Segment A: calibrated,22.799,38.84,8.572,Composting kitchen waste|5.758|36.097|49.047
Composting kitchen waste,8.133,39.718,51.061,0.0,32.224,51.061,8.133,1.7719,756.83,481.783599999999,1.10405,43.986,77.274,39.718,18.386,,,,,,,Segment A: calibrated,32.224,51.061,8.133,Composting kitchen waste|8.133|39.718|51.061
Composting kitchen waste,8.133,39.718,51.061,3.0,45.522,49.957,8.6386,2.563,875.66,253.3596,0.88666,30.954,53.597,35.418,38.117,,,,,,,Segment A: calibrated,45.522,49.957,8.6386,Composting kitchen waste|8.133|39.718|51.061
Composting kitchen waste,8.133,39.718,51.061,7.0,56.898,48.544,8.5871,1.97,880.2,146.8927,0.92584,30.423,52.295,32.512,35.874,,,,,,,Segment A: calibrated,56.898,48.544,8.5871,Composting kitchen waste|8.133|39.718|51.061
Composting kitchen waste,8.133,39.718,51.061,14.0,36.893,47.285,8.0268,2.4262,952.28,296.189,1.08479,29.892,52.008,28.213,43.498,,,,,,,Segment A: calibrated,36.893,47.285,8.0268,Composting kitchen waste|8.133|39.718|51.061
Composting kitchen waste,8.133,39.718,51.061,21.0,33.313,46.801,7.8784,2.503,1039.94,403.542299999999,1.08409,28.86,50.45,27.255,56.054,,,,,,,Segment A: calibrated,33.313,46.801,7.8784,Composting kitchen waste|8.133|39.718|51.061
Composting kitchen waste,8.133,39.718,51.061,27.0,27.792,45.697,7.8269,2.0663,857.46,419.376599999999,1.37415,28.077,48.894,21.008,64.574,,,,,,,Segment A: calibrated,27.792,45.697,7.8269,Composting kitchen waste|8.133|39.718|51.061
Composting kitchen waste,8.133,39.718,51.061,34.0,24.211,43.663,8.9384,2.0649,763.33,236.821,1.36773,26.547,46.065,19.911,78.027,,,,,,,Segment A: calibrated,24.211,43.663,8.9384,Composting kitchen waste|8.133|39.718|51.061
Composting kitchen waste,8.133,39.718,51.061,40.0,23.04,40.235,9.3715,1.9072,721.11,343.922799999999,1.35561,26.39,46.542,20.067,84.305,,,,,,,Segment A: calibrated,23.04,40.235,9.3715,Composting kitchen waste|8.133|39.718|51.061
Composting kitchen waste,6.61,18.0663507109005,54.5298,0.0,16.4,54.5298,6.61,1.45,643.573727049025,124.890481879729,2.11,38.12,89.5546218487393,18.0663507109005,57.0511,,,,,,,Segment A: calibrated,16.4,54.5298,6.61,Composting kitchen waste|6.61|18.066|54.53
Composting kitchen waste,6.61,18.0663507109005,54.5298,2.0,47.2,61.8634999999999,7.38,1.99933333333333,901.476433844407,39.0,2.18,37.95,87.7087650518059,17.4082568807339,36.5885,,,,,,,Segment A: calibrated,47.2,61.8634999999999,7.38,Composting kitchen waste|6.61|18.066|54.53
Composting kitchen waste,6.61,18.0663507109005,54.5298,5.0,47.3,48.9129999999999,7.44,2.05333333333333,1088.0,0.0,2.36,37.35,84.6244596290614,15.8262711864407,83.1622,,,,,,,Segment A: calibrated,47.3,48.9129999999999,7.44,Composting kitchen waste|6.61|18.066|54.53
Composting kitchen waste,6.61,18.0663507109005,54.5298,10.0,25.9,46.1087999999999,7.24,1.68,338.34942267651,0.0,2.43,36.68,83.6025096707234,15.0946502057613,92.44444,,,,,,,Segment A: calibrated,25.9,46.1087999999999,7.24,Composting kitchen waste|6.61|18.066|54.53
Composting kitchen waste,6.61,18.0663507109005,54.5298,15.0,21.5,45.0221999999999,7.49,1.96466666666667,160.893431762256,0.0,2.68,36.37,80.4778774402653,13.5708955223881,85.3333333333333,,,,,,,Segment A: calibrated,21.5,45.0221999999999,7.49,Composting kitchen waste|6.61|18.066|54.53
Composting kitchen waste,6.61,18.0663507109005,54.5298,20.0,21.4,40.6778,7.48,1.693,118.303993942836,0.0,2.86,36.07,79.2938637064448,12.6118881118881,134.723220158176,,,,,,,Segment A: calibrated,21.4,40.6778,7.48,Composting kitchen waste|6.61|18.066|54.53
Composting kitchen waste,6.61,18.0663507109005,54.5298,27.0,24.7,40.6091,7.78,1.83639999999999,119.0,0.0,3.02,35.95,75.4671532846714,11.9039735099338,99.3718009032554,,,,,,,Segment A: calibrated,24.7,40.6091,7.78,Composting kitchen waste|6.61|18.066|54.53
Composting kitchen waste,6.53,18.4593301435407,54.8322999999999,0.0,15.8,54.8322999999999,6.53,1.41533333333333,619.912928260458,119.4743130227,2.09,38.58,89.0552115583075,18.4593301435407,60.8133,,,,,,,Segment A: calibrated,15.8,54.8322999999999,6.53,Composting kitchen waste|6.53|18.459|54.832
Composting kitchen waste,6.53,18.4593301435407,54.8322999999999,2.0,53.9,61.2579,7.73,1.917,925.137232632974,25.0,2.15,37.91,87.4699622382423,17.6325581395349,29.1981,,,,,,,Segment A: calibrated,53.9,61.2579,7.73,Composting kitchen waste|6.53|18.459|54.832
Composting kitchen waste,6.53,18.4593301435407,54.8322999999999,5.0,17.3,47.9296,7.76,2.15666666666667,1095.49498391066,0.0,2.18,37.53,83.4240871236381,17.2155963302752,82.8132,,,,,,,Segment A: calibrated,17.3,47.9296,7.76,Composting kitchen waste|6.53|18.459|54.832
Composting kitchen waste,6.53,18.4593301435407,54.8322999999999,10.0,22.3,47.3787999999999,7.44,1.629,1128.62010221465,0.0,2.21,37.05,82.0289435600577,16.7647058823529,82.8888888888889,,,,,,,Segment A: calibrated,22.3,47.3787999999999,7.44,Composting kitchen waste|6.53|18.459|54.832
Composting kitchen waste,6.53,18.4593301435407,54.8322999999999,15.0,43.0,43.9045,7.65,1.977,300.492144614802,0.0,2.55,36.14,80.8607555171598,14.1725490196078,94.6666666666667,,,,,,,Segment A: calibrated,43.0,43.9045,7.65,Composting kitchen waste|6.53|18.459|54.832
Composting kitchen waste,6.53,18.4593301435407,54.8322999999999,20.0,26.3,43.006,7.79,1.80566666666667,229.509748249101,0.0,2.88,35.9,77.1925506604316,12.4652777777778,130.513673600117,,,,,,,Segment A: calibrated,26.3,43.006,7.79,Composting kitchen waste|6.53|18.459|54.832
Composting kitchen waste,6.53,18.4593301435407,54.8322999999999,27.0,25.1,43.0497,7.83,1.89379999999999,206.0,0.0,3.13,35.74,73.8539674163972,11.4185303514377,167.364702989998,,,,,,,Segment A: calibrated,25.1,43.0497,7.83,Composting kitchen waste|6.53|18.459|54.832
Composting kitchen waste,6.75,18.4593301435407,58.4867,0.0,15.7,58.4867,6.75,1.47766666666667,627.011167897028,194.145758661888,2.09,38.58,88.94,18.4593301435407,54.1098,,,,,,,Segment A: calibrated,15.7,58.4867,6.75,Composting kitchen waste|6.75|18.459|58.487
Composting kitchen waste,6.75,18.4593301435407,58.4867,2.0,51.8,60.6647999999999,7.63,1.858,960.628430815824,19.0,2.15,37.91,87.0236577418898,17.6325581395349,25.1604,,,,,,,Segment A: calibrated,51.8,60.6647999999999,7.63,Composting kitchen waste|6.75|18.459|58.487
Composting kitchen waste,6.75,18.4593301435407,58.4867,5.0,17.8,45.3368,7.8,1.74066666666667,979.557069846678,0.0,2.18,37.53,85.828488372093,17.2155963302752,91.9924,,,,,,,Segment A: calibrated,17.8,45.3368,7.8,Composting kitchen waste|6.75|18.459|58.487
Composting kitchen waste,6.75,18.4593301435407,58.4867,10.0,24.5,48.1934999999999,7.39,1.45366666666667,948.798031421541,0.0,2.21,37.05,83.1225153595952,16.7647058823529,80.88889,,,,,,,Segment A: calibrated,24.5,48.1934999999999,7.39,Composting kitchen waste|6.75|18.459|58.487
Composting kitchen waste,6.75,18.4593301435407,58.4867,15.0,35.7,44.1318999999999,7.55,1.83866666666667,305.224304372516,0.0,2.55,36.14,78.5136918508742,14.1725490196078,122.888888888889,,,,,,,Segment A: calibrated,35.7,44.1318999999999,7.55,Composting kitchen waste|6.75|18.459|58.487
Composting kitchen waste,6.75,18.4593301435407,58.4867,20.0,21.3,42.032,7.8,1.696,194.01855006625,0.0,2.88,35.9,77.2282937081308,12.4652777777778,131.336732803001,,,,,,,Segment A: calibrated,21.3,42.032,7.8,Composting kitchen waste|6.75|18.459|58.487
Composting kitchen waste,6.75,18.4593301435407,58.4867,27.0,23.0,42.7464,8.03,2.02879999999999,216.0,0.0,3.13,35.74,75.7720817457569,11.4185303514377,122.559067692883,,,,,,,Segment A: calibrated,23.0,42.7464,8.03,Composting kitchen waste|6.75|18.459|58.487
Composting kitchen waste,6.66,35.71875,54.9198,0.0,16.1,54.9198,6.66,1.51133333333333,797.368919174711,119.848466746316,2.09,38.59,88.78,35.71875,58.0568,,,,,,,Segment A: calibrated,16.1,54.9198,6.66,Composting kitchen waste|6.66|35.719|54.92
Composting kitchen waste,6.66,35.71875,54.9198,2.0,55.1,48.6197999999999,7.64,1.836,1048.17338633352,0.0,2.26,38.28,86.795827123696,16.9380530973451,73.4468,,,,,,,Segment A: calibrated,55.1,48.6197999999999,7.64,Composting kitchen waste|6.66|35.719|54.92
Composting kitchen waste,6.66,35.71875,54.9198,5.0,17.9,45.0425,7.59,1.987,1216.16505773235,0.0,2.41,37.62,85.7124318712696,15.6099585062241,89.6315,,,,,,,Segment A: calibrated,17.9,45.0425,7.59,Composting kitchen waste|6.66|35.719|54.92
Composting kitchen waste,6.66,35.71875,54.9198,10.0,40.4,45.1756,7.3,1.64033333333333,1026.87866742381,0.0,2.56,37.1,83.7920824651829,14.4921875,121.555555555556,,,,,,,Segment A: calibrated,40.4,45.1756,7.3,Composting kitchen waste|6.66|35.719|54.92
Composting kitchen waste,6.66,35.71875,54.9198,15.0,36.7,43.3257999999999,7.61,1.76433333333333,343.081582434223,0.0,2.78,36.7,78.0700424499699,13.2014388489209,101.111111111111,,,,,,,Segment A: calibrated,36.7,43.3257999999999,7.61,Composting kitchen waste|6.66|35.719|54.92
Composting kitchen waste,6.66,35.71875,54.9198,20.0,22.3,43.5202999999999,7.59,1.87733333333333,286.295665341662,0.0,2.96,36.39,77.2988738088362,12.2939189189189,107.232856147123,,,,,,,Segment A: calibrated,22.3,43.5202999999999,7.59,Composting kitchen waste|6.66|35.719|54.92
Composting kitchen waste,6.66,35.71875,54.9198,27.0,24.6,44.0166,7.84,1.93439999999999,299.0,0.0,3.01,35.9,76.8629534071941,11.9269102990033,126.643335681796,,,,,,,Segment A: calibrated,24.6,44.0166,7.84,Composting kitchen waste|6.66|35.719|54.92
Composting kitchen waste,6.4,35.71875,58.4189,0.0,16.4,58.4189,6.4,1.102,388.0371001325,59.6057347670251,1.6,52.0,89.77,35.71875,34.3277,,,,,,,Segment A: calibrated,16.4,58.4189,6.4,Composting kitchen waste|6.4|35.719|58.419
Composting kitchen waste,6.4,35.71875,58.4189,2.0,58.6,58.6796,7.76,1.56033333333333,579.689570319894,16.0,1.69,52.0,87.5666244802023,32.4497041420118,34.5094,,,,,,,Segment A: calibrated,58.6,58.6796,7.76,Composting kitchen waste|6.4|35.719|58.419
Composting kitchen waste,6.4,35.71875,58.4189,5.0,22.2,57.0309,7.62,1.34966666666667,603.350369108461,0.0,1.85,48.9,86.9888475836431,26.4324324324324,67.2833,,,,,,,Segment A: calibrated,22.2,57.0309,7.62,Composting kitchen waste|6.4|35.719|58.419
Composting kitchen waste,6.4,35.71875,58.4189,10.0,30.4,48.8504999999999,7.19,1.494,232.0,0.0,2.2,42.97,81.9806120047075,19.5318181818182,125.333333333333,,,,,,,Segment A: calibrated,30.4,48.8504999999999,7.19,Composting kitchen waste|6.4|35.719|58.419
Composting kitchen waste,6.4,35.71875,58.4189,15.0,33.9,40.8549,7.5,1.67166666666667,148.0,0.0,2.5,37.72,78.8419964282359,15.088,121.777777777778,,,,,,,Segment A: calibrated,33.9,40.8549,7.5,Composting kitchen waste|6.4|35.719|58.419
Composting kitchen waste,6.4,35.71875,58.4189,20.0,25.6,41.1559,7.36,1.17266666666667,59.1519969714178,0.0,2.65,37.56,77.9559702274869,14.1735849056604,165.387541214363,,,,,,,Segment A: calibrated,25.6,41.1559,7.36,Composting kitchen waste|6.4|35.719|58.419
Composting kitchen waste,6.4,35.71875,58.4189,27.0,27.2,40.5338,7.74,1.77879999999999,54.0,0.0,2.92,36.82,77.5378575434656,12.6095890410959,144.569369154124,,,,,,,Segment A: calibrated,27.2,40.5338,7.74,Composting kitchen waste|6.4|35.719|58.419
Composting kitchen waste,6.51,33.6783625730994,56.1172999999999,0.0,14.0,56.1172999999999,6.51,1.18733333333333,418.0,64.7152528872959,1.71,52.0,89.4549571405471,33.6783625730994,44.0898,,,,,,,Segment A: calibrated,14.0,56.1172999999999,6.51,Composting kitchen waste|6.51|33.678|56.117
Composting kitchen waste,6.51,33.6783625730994,56.1172999999999,2.0,55.2,58.5424,7.83,1.67066666666667,674.332765474162,1.0,1.87,52.0,87.5149164677804,30.4010695187166,42.0683,,,,,,,Segment A: calibrated,55.2,58.5424,7.83,Composting kitchen waste|6.51|33.678|56.117
Composting kitchen waste,6.51,33.6783625730994,56.1172999999999,5.0,31.2,58.9828,7.33,1.77133333333333,548.930531894757,0.0,1.89,52.0,86.5222810844498,28.037037037037,60.7063,,,,,,,Segment A: calibrated,31.2,58.9828,7.33,Composting kitchen waste|6.51|33.678|56.117
Composting kitchen waste,6.51,33.6783625730994,56.1172999999999,10.0,23.2,48.4974999999999,7.22,1.448,267.367026310808,0.0,2.18,45.56,82.4704142011841,20.8990825688073,114.222222222222,,,,,,,Segment A: calibrated,23.2,48.4974999999999,7.22,Composting kitchen waste|6.51|33.678|56.117
Composting kitchen waste,6.51,33.6783625730994,56.1172999999999,15.0,22.2,47.1162999999999,7.27,1.74766666666667,106.473594548552,0.0,2.39,40.9,81.070317782285,17.1129707112971,64.6666666666667,,,,,,,Segment A: calibrated,22.2,47.1162999999999,7.27,Composting kitchen waste|6.51|33.678|56.117
Composting kitchen waste,6.51,33.6783625730994,56.1172999999999,20.0,23.4,40.2084,7.42,1.535,82.8127957599848,0.0,2.66,37.85,79.7657557166763,14.2293233082707,151.783035144023,,,,,,,Segment A: calibrated,23.4,40.2084,7.42,Composting kitchen waste|6.51|33.678|56.117
Composting kitchen waste,6.51,33.6783625730994,56.1172999999999,27.0,24.0,39.7129,7.75,1.68439999999999,75.0,0.0,2.84,37.76,78.0220861359303,13.2957746478873,106.529243177765,,,,,,,Segment A: calibrated,24.0,39.7129,7.75,Composting kitchen waste|6.51|33.678|56.117
Composting kitchen waste,6.64,33.6783625730994,55.4898999999999,0.0,14.8,55.4898999999999,6.64,1.21733333333333,389.0,64.7152528872958,1.71,52.0,89.57,33.6783625730994,46.1073,,,,,,,Segment A: calibrated,14.8,55.4898999999999,6.64,Composting kitchen waste|6.64|33.678|55.49
Composting kitchen waste,6.64,33.6783625730994,55.4898999999999,2.0,48.0,58.9822,7.76,1.72333333333333,799.0,14.0,1.87,52.0,88.0869724100133,30.4010695187166,33.7005,,,,,,,Segment A: calibrated,48.0,58.9822,7.76,Composting kitchen waste|6.64|33.678|55.49
Composting kitchen waste,6.64,33.6783625730994,55.4898999999999,5.0,44.9,57.9922,7.34,1.63066666666667,525.26973310619,0.0,1.89,52.0,86.7610757034046,28.037037037037,58.5517,,,,,,,Segment A: calibrated,44.9,57.9922,7.34,Composting kitchen waste|6.64|33.678|55.49
Composting kitchen waste,6.64,33.6783625730994,55.4898999999999,10.0,22.3,47.1485999999999,7.2,1.203,132.500473215976,0.0,2.18,45.56,83.4879821129122,20.8990825688073,88.2222222222222,,,,,,,Segment A: calibrated,22.3,47.1485999999999,7.2,Composting kitchen waste|6.64|33.678|55.49
Composting kitchen waste,6.64,33.6783625730994,55.4898999999999,15.0,21.2,45.1086999999999,7.36,1.50833333333333,92.2771152754117,0.0,2.39,40.9,79.4584997780736,17.1129707112971,80.6666666666667,,,,,,,Segment A: calibrated,21.2,45.1086999999999,7.36,Composting kitchen waste|6.64|33.678|55.49
Composting kitchen waste,6.64,33.6783625730994,55.4898999999999,20.0,22.3,40.2109,7.45,1.407,73.348476244558,0.0,2.66,37.85,79.1800373134327,14.2293233082707,158.977804366509,,,,,,,Segment A: calibrated,22.3,40.2109,7.45,Composting kitchen waste|6.64|33.678|55.49
Composting kitchen waste,6.64,33.6783625730994,55.4898999999999,27.0,25.9,40.352,7.83,1.73229999999999,69.0,0.0,2.84,37.76,78.2702279620391,13.2957746478873,138.221688357281,,,,,,,Segment A: calibrated,25.9,40.352,7.83,Composting kitchen waste|6.64|33.678|55.49
Composting kitchen waste,6.63,35.6545454545455,55.4687,0.0,14.6,55.4687,6.63,1.152,350.179822070793,49.7809637594584,1.65,52.0,89.1359149582384,35.6545454545455,39.5102,,,,,,,Segment A: calibrated,14.6,55.4687,6.63,Composting kitchen waste|6.63|35.655|55.469
Composting kitchen waste,6.63,35.6545454545455,55.4687,2.0,59.4,57.9158,7.74,1.645,812.0,2.0,1.68,52.0,87.3549024450495,33.0714285714286,26.27,,,,,,,Segment A: calibrated,59.4,57.9158,7.74,Composting kitchen waste|6.63|35.655|55.469
Composting kitchen waste,6.63,35.6545454545455,55.4687,5.0,40.8,56.8008,7.32,1.51433333333333,522.903653227333,0.0,1.95,51.12,86.8205128205138,26.2153846153846,73.3899,,,,,,,Segment A: calibrated,40.8,56.8008,7.32,Composting kitchen waste|6.63|35.655|55.469
Composting kitchen waste,6.63,35.6545454545455,55.4687,10.0,17.6,45.5357999999999,7.23,1.387,179.82207079311,0.0,2.54,45.09,84.9075975359345,17.751968503937,148.222222222222,,,,,,,Segment A: calibrated,17.6,45.5357999999999,7.23,Composting kitchen waste|6.63|35.655|55.469
Composting kitchen waste,6.63,35.6545454545455,55.4687,15.0,20.2,40.388,7.42,1.519,146.696952489116,0.0,2.64,39.4,83.5119770041521,14.9242424242424,118.222222222222,,,,,,,Segment A: calibrated,20.2,40.388,7.42,Composting kitchen waste|6.63|35.655|55.469
Composting kitchen waste,6.63,35.6545454545455,55.4687,20.0,20.7,40.3495,7.53,1.63166666666667,108.839674427409,0.0,2.75,38.13,81.7328158257167,13.8654545454545,119.666929104972,,,,,,,Segment A: calibrated,20.7,40.3495,7.53,Composting kitchen waste|6.63|35.655|55.469
Composting kitchen waste,6.63,35.6545454545455,55.4687,27.0,24.1,40.4336,7.83,1.72709999999999,98.0,0.0,2.86,37.95,78.1061799314371,13.2692307692308,130.619495497631,,,,,,,Segment A: calibrated,24.1,40.4336,7.83,Composting kitchen waste|6.63|35.655|55.469
Composting kitchen waste,5.65,25.68904404,71.2959566402422,0.0,19.9,71.2959566402422,5.65,1.74,39.0,8.6,1.64852378056805,42.349,81.22,25.68904404,43.8344444444444,,,,,,,Segment A: calibrated,19.9,71.2959566402422,5.65,Composting kitchen waste|5.65|25.689|71.296
Composting kitchen waste,5.65,25.68904404,71.2959566402422,2.0,36.0,74.1194336118849,5.83,2.105,43.0,0.6,1.6823753169907,39.805,79.23,23.66,61.3157777777778,,,,,,,Segment A: calibrated,36.0,74.1194336118849,5.83,Composting kitchen waste|5.65|25.689|71.296
Composting kitchen waste,5.65,25.68904404,71.2959566402422,4.0,47.7,68.1306452529847,7.105,1.94,138.0,0.0,2.09185,41.837,75.56,20.0,66.4036666666667,,,,,,,Segment A: calibrated,47.7,68.1306452529847,7.105,Composting kitchen waste|5.65|25.689|71.296
Composting kitchen waste,5.65,25.68904404,71.2959566402422,7.0,54.1,62.9543959731543,8.605,2.905,362.0,13.93,2.14312534405128,40.818,69.08,19.04601619,72.6416666666667,,,,,,,Segment A: calibrated,54.1,62.9543959731543,8.605,Composting kitchen waste|5.65|25.689|71.296
Composting kitchen waste,5.65,25.68904404,71.2959566402422,10.0,39.8,58.0795986336465,8.57,3.035,508.0,13.93,2.36252486181685,38.104,67.01,16.12850752,80.2708888888889,,,,,,,Segment A: calibrated,39.8,58.0795986336465,8.57,Composting kitchen waste|5.65|25.689|71.296
Composting kitchen waste,5.65,25.68904404,71.2959566402422,15.0,44.2,52.4666637375513,8.36,3.03,434.0,86.9,2.78443414644556,38.881,63.76,13.96369889,78.3515555555555,,,,,,,Segment A: calibrated,44.2,52.4666637375513,8.36,Composting kitchen waste|5.65|25.689|71.296
Composting kitchen waste,5.65,25.68904404,71.2959566402422,20.0,28.3,50.2693229689067,8.38,3.04,440.0,53.73,2.25169965849379,35.781,61.75,15.8906628,82.5721111111111,,,,,,,Segment A: calibrated,28.3,50.2693229689067,8.38,Composting kitchen waste|5.65|25.689|71.296
Composting kitchen waste,5.65,25.68904404,71.2959566402422,30.0,22.7,44.33,8.48,3.335,267.0,47.1,2.40450208953416,34.448,61.27,14.32645875,88.9215555555556,,,,,,,Segment A: calibrated,22.7,44.33,8.48,Composting kitchen waste|5.65|25.689|71.296
Composting kitchen waste,6.35,30.21,72.3019879518072,0.0,24.8,72.3019879518072,6.35,1.53,26.0,1.1,1.59712015888779,48.249,82.75,30.21,48.6217777777778,,,,,,,Segment A: calibrated,24.8,72.3019879518072,6.35,Composting kitchen waste|6.35|30.21|72.302
Composting kitchen waste,6.35,30.21,72.3019879518072,2.0,37.4,63.1974850299401,7.215,1.69,41.0,0.0,1.81608961303462,44.585,76.8,24.55,62.8510222222222,,,,,,,Segment A: calibrated,37.4,63.1974850299401,7.215,Composting kitchen waste|6.35|30.21|72.302
Composting kitchen waste,6.35,30.21,72.3019879518072,4.0,63.9,68.9266666666666,8.59,1.9,251.0,0.0,2.03330262551819,44.143,63.19,21.71,81.5213333333333,,,,,,,Segment A: calibrated,63.9,68.9266666666666,8.59,Composting kitchen waste|6.35|30.21|72.302
Composting kitchen waste,6.35,30.21,72.3019879518072,7.0,52.0,62.1465827338129,8.67,2.045,452.0,7.3,2.46586791350088,42.191,59.88,17.11,87.8519132098765,,,,,,,Segment A: calibrated,52.0,62.1465827338129,8.67,Composting kitchen waste|6.35|30.21|72.302
Composting kitchen waste,6.35,30.21,72.3019879518072,10.0,49.9,54.9318723303275,8.58,3.295,520.0,19.61,2.68482668410726,41.051,56.46,15.29,87.6147777777778,,,,,,,Segment A: calibrated,49.9,54.9318723303275,8.58,Composting kitchen waste|6.35|30.21|72.302
Composting kitchen waste,6.35,30.21,72.3019879518072,15.0,49.2,50.9442526690392,8.375,3.27,347.0,60.36,2.96543396226415,39.292,54.29,13.25,91.8493333333333,,,,,,,Segment A: calibrated,49.2,50.9442526690392,8.375,Composting kitchen waste|6.35|30.21|72.302
Composting kitchen waste,6.35,30.21,72.3019879518072,20.0,29.1,42.409547920434,8.395,3.105,380.0,57.05,2.8815,34.578,54.65,12.0,100.029111111111,,,,,,,Segment A: calibrated,29.1,42.409547920434,8.395,Composting kitchen waste|6.35|30.21|72.302
Composting kitchen waste,6.35,30.21,72.3019879518072,30.0,21.9,33.335,8.47,3.37,99.4,60.36,2.43811442385173,30.257,51.2,12.41,104.608265864682,,,,,,,Segment A: calibrated,21.9,33.335,8.47,Composting kitchen waste|6.35|30.21|72.302
Composting kitchen waste,5.65,25.8912037,72.5030139026813,0.0,20.7,72.5030139026813,5.65,1.765,26.0,8.1,1.5877979439017,41.11,80.87,25.8912037,43.46,,,,,,,Segment A: calibrated,20.7,72.5030139026813,5.65,Composting kitchen waste|5.65|25.891|72.503
Composting kitchen waste,5.65,25.8912037,72.5030139026813,2.0,32.9,72.1931364724661,5.78,1.815,52.0,0.0,1.7953684149408,45.724,75.58,25.46775337,60.1673333333333,,,,,,,Segment A: calibrated,32.9,72.1931364724661,5.78,Composting kitchen waste|5.65|25.891|72.503
Composting kitchen waste,5.65,25.8912037,72.5030139026813,4.0,49.9,71.3903620032662,6.03,2.09,120.0,0.0,2.0334808259587,41.361,67.62,20.34,58.628,,,,,,,Segment A: calibrated,49.9,71.3903620032662,6.03,Composting kitchen waste|5.65|25.891|72.503
Composting kitchen waste,5.65,25.8912037,72.5030139026813,7.0,53.2,67.1071789528523,8.91,2.345,413.0,23.88,2.1976420132844,37.973,64.14,17.27897436,75.55,,,,,,,Segment A: calibrated,53.2,67.1071789528523,8.91,Composting kitchen waste|5.65|25.891|72.503
Composting kitchen waste,5.65,25.8912037,72.5030139026813,10.0,44.0,60.6150315276583,8.785,2.82,398.0,43.78,2.09018641708665,38.348,60.57,18.34668893,84.753,,,,,,,Segment A: calibrated,44.0,60.6150315276583,8.785,Composting kitchen waste|5.65|25.891|72.503
Composting kitchen waste,5.65,25.8912037,72.5030139026813,15.0,50.3,56.4514656562399,8.235,2.755,428.0,76.95,2.00348253025805,35.093,56.91,17.516,88.0633333333333,,,,,,,Segment A: calibrated,50.3,56.4514656562399,8.235,Composting kitchen waste|5.65|25.891|72.503
Composting kitchen waste,5.65,25.8912037,72.5030139026813,20.0,37.6,50.0570326223338,8.395,3.275,329.0,70.32,2.26839513245414,34.989,56.73,15.4245614,92.0236666666667,,,,,,,Segment A: calibrated,37.6,50.0570326223338,8.395,Composting kitchen waste|5.65|25.891|72.503
Composting kitchen waste,5.65,25.8912037,72.5030139026813,30.0,23.3,40.485,8.65,3.0,216.0,50.41,1.80000000000001,28.124,53.98,15.6244444444444,94.265,,,,,,,Segment A: calibrated,23.3,40.485,8.65,Composting kitchen waste|5.65|25.891|72.503
Composting kitchen waste,6.16,26.21551724,68.5172904737116,0.0,24.9,68.5172904737116,6.16,2.2,28.0,2.4,1.59115685638099,41.713,82.58,26.21551724,47.372,,,,,,,Segment A: calibrated,24.9,68.5172904737116,6.16,Composting kitchen waste|6.16|26.216|68.517
Composting kitchen waste,6.16,26.21551724,68.5172904737116,2.0,58.3,71.0655555555555,7.34,1.905,67.0,0.0,1.83578820233096,45.576,75.42,24.82639334,64.8383333333333,,,,,,,Segment A: calibrated,58.3,71.0655555555555,7.34,Composting kitchen waste|6.16|26.216|68.517
Composting kitchen waste,6.16,26.21551724,68.5172904737116,4.0,62.1,69.2106459217351,8.565,2.12,314.0,0.0,2.06091515729266,43.238,63.44,20.98,75.794,,,,,,,Segment A: calibrated,62.1,69.2106459217351,8.565,Composting kitchen waste|6.16|26.216|68.517
Composting kitchen waste,6.16,26.21551724,68.5172904737116,7.0,49.0,66.2793693693693,8.33,2.145,467.0,33.83,2.25963141705168,39.219,56.03,17.35637047,88.0283333333333,,,,,,,Segment A: calibrated,49.0,66.2793693693693,8.33,Composting kitchen waste|6.16|26.216|68.517
Composting kitchen waste,6.16,26.21551724,68.5172904737116,10.0,53.7,58.1617875806947,8.675,3.05,443.0,47.1,2.24064594684648,40.493,55.04,18.07202073,91.9543333333333,,,,,,,Segment A: calibrated,53.7,58.1617875806947,8.675,Composting kitchen waste|6.16|26.216|68.517
Composting kitchen waste,6.16,26.21551724,68.5172904737116,15.0,56.9,54.0971803766105,8.51,2.455,461.0,143.28,2.74084651435267,37.429,51.81,13.656,93.978,,,,,,,Segment A: calibrated,56.9,54.0971803766105,8.51,Composting kitchen waste|6.16|26.216|68.517
Composting kitchen waste,6.16,26.21551724,68.5172904737116,20.0,36.8,43.4455159142916,8.605,3.225,374.0,76.95,2.72042473506766,36.6,50.78,13.45378151,103.730666666667,,,,,,,Segment A: calibrated,36.8,43.4455159142916,8.605,Composting kitchen waste|6.16|26.216|68.517
Composting kitchen waste,6.16,26.21551724,68.5172904737116,30.0,22.8,31.475,8.805,3.385,90.4,80.27,2.80077922077922,32.349,49.68,11.55,103.208464260714,,,,,,,Segment A: calibrated,22.8,31.475,8.805,Composting kitchen waste|6.16|26.216|68.517
livestock manure compost,5.7345,26.7755,60.0,0.0,35.463,60.0,5.7345,1.7846,2515.0,325.49,1.80632,48.36512116,83.38146888,26.7755,32.8821,,,,,,,Segment A: calibrated,35.463,60.0,5.7345,livestock manure compost|5.734|26.776|60.0
livestock manure compost,5.7345,26.7755,60.0,3.0,41.866,56.8814,7.1327,2.4366,3449.1,302.42,1.92498,44.36963401,76.49324904,23.0494,39.4615,,,,,,,Segment A: calibrated,41.866,56.8814,7.1327,livestock manure compost|5.734|26.776|60.0
livestock manure compost,5.7345,26.7755,60.0,6.0,59.134,53.0847,7.9646,3.0118,5197.6,243.4,1.83675,37.59772148,64.81847182,20.4697,30.5469,,,,,,,Segment A: calibrated,59.134,53.0847,7.9646,livestock manure compost|5.734|26.776|60.0
livestock manure compost,5.7345,26.7755,60.0,9.0,53.119,49.4237,8.177,3.1566,1940.1,203.99,1.7855,33.478125,57.7162875,18.75,63.1219,,,,,,,Segment A: calibrated,53.119,49.4237,8.177,livestock manure compost|5.734|26.776|60.0
livestock manure compost,5.7345,26.7755,60.0,12.0,38.955,45.2203,8.0177,3.5596,814.4,200.52,1.91893,32.67995358,56.34023997,17.0303,79.4691,,,,,,,Segment A: calibrated,38.955,45.2203,8.0177,livestock manure compost|5.734|26.776|60.0
livestock manure compost,5.7345,26.7755,60.0,15.0,37.403,41.2881,7.5044,4.0488,263.5,309.81,2.12992,34.59416064,59.64033294,16.242,87.21,,,,,,,Segment A: calibrated,37.403,41.2881,7.5044,livestock manure compost|5.734|26.776|60.0
livestock manure compost,5.7345,26.7755,60.0,20.0,28.478,32.4746,7.4159,3.7828,167.7,420.59,2.24149,34.800253,59.99563616,15.5255,94.5193,,,,,,,Segment A: calibrated,28.478,32.4746,7.4159,livestock manure compost|5.734|26.776|60.0
livestock manure compost,5.7345,26.7755,60.0,25.0,26.925,25.9661,7.3451,3.5742,167.7,497.05,2.24961,33.63661864,57.98953054,14.9522,95.4555,,,,,,,Segment A: calibrated,26.925,25.9661,7.3451,livestock manure compost|5.734|26.776|60.0
livestock manure compost,6.1593,28.2086,57.8305,0.0,35.269,57.8305,6.1593,1.9569,2515.0,302.62,1.72506,48.66152752,83.89247344,28.2086,33.3853,,,,,,,Segment A: calibrated,35.269,57.8305,6.1593,livestock manure compost|6.159|28.209|57.83
livestock manure compost,6.1593,28.2086,57.8305,3.0,46.91,54.3051,7.4159,2.7332,3880.2,312.23,1.79568,42.41863037,73.12971875,23.6226,32.8398,,,,,,,Segment A: calibrated,46.91,54.3051,7.4159,livestock manure compost|6.159|28.209|57.83
livestock manure compost,6.1593,28.2086,57.8305,6.0,62.435,50.1017,8.0885,2.8492,6299.4,222.16,1.95867,36.44438509,62.83011989,18.6067,32.0851,,,,,,,Segment A: calibrated,62.435,50.1017,8.0885,livestock manure compost|6.159|28.209|57.83
livestock manure compost,6.1593,28.2086,57.8305,9.0,53.896,44.678,8.3186,3.3479,2802.4,189.28,1.92958,32.86132627,56.6529265,17.0303,64.3224,,,,,,,Segment A: calibrated,53.896,44.678,8.3186,livestock manure compost|6.159|28.209|57.83
livestock manure compost,6.1593,28.2086,57.8305,12.0,37.015,42.1017,8.3186,4.0476,1173.7,246.27,2.09253,32.48757452,56.00857846,15.5255,82.8707,,,,,,,Segment A: calibrated,37.015,42.1017,8.3186,livestock manure compost|6.159|28.209|57.83
livestock manure compost,6.1593,28.2086,57.8305,15.0,30.806,40.2034,7.8584,4.2402,766.5,365.37,2.2075,32.05797725,55.26795278,14.5223,85.9631,,,,,,,Segment A: calibrated,30.806,40.2034,7.8584,livestock manure compost|6.159|28.209|57.83
livestock manure compost,6.1593,28.2086,57.8305,20.0,30.03,33.6949,7.8053,4.0029,215.6,432.02,2.36707,33.01825943,56.92347926,13.949,94.1411,,,,,,,Segment A: calibrated,30.03,33.6949,7.8053,livestock manure compost|6.159|28.209|57.83
livestock manure compost,6.1593,28.2086,57.8305,25.0,27.119,27.5932,7.646,3.7272,263.5,541.18,2.32719,31.128028,53.66472028,13.3758,94.2222,,,,,,,Segment A: calibrated,27.119,27.5932,7.646,livestock manure compost|6.159|28.209|57.83
livestock manure compost,5.9292,26.9188,57.9661,0.0,34.104,57.9661,5.9292,1.9952,2203.6,322.22,1.77677,47.82851628,82.45636206,26.9188,35.2207,,,,,,,Segment A: calibrated,34.104,57.9661,5.9292,livestock manure compost|5.929|26.919|57.966
livestock manure compost,5.9292,26.9188,57.9661,3.0,45.94,53.2203,7.2389,2.8193,3664.7,289.34,1.9656,44.46069264,76.65023411,22.6194,40.424,,,,,,,Segment A: calibrated,45.94,53.2203,7.2389,livestock manure compost|5.929|26.919|57.966
livestock manure compost,5.9292,26.9188,57.9661,6.0,60.687,48.339,7.9646,3.0693,6682.6,267.91,1.88109,36.34867829,62.66512137,19.3232,55.028,,,,,,,Segment A: calibrated,60.687,48.339,7.9646,livestock manure compost|5.929|26.919|57.966
livestock manure compost,5.9292,26.9188,57.9661,9.0,52.149,43.5932,8.2301,3.3671,2634.7,246.47,1.74854,31.15635999,53.71356462,17.8185,72.7975,,,,,,,Segment A: calibrated,52.149,43.5932,8.2301,livestock manure compost|5.929|26.919|57.966
livestock manure compost,5.9292,26.9188,57.9661,12.0,33.91,40.8814,8.2478,3.7893,1556.9,213.59,2.01867,30.61757162,52.78469348,15.1672,88.3518,,,,,,,Segment A: calibrated,33.91,40.8814,8.2478,livestock manure compost|5.929|26.919|57.966
livestock manure compost,5.9292,26.9188,57.9661,15.0,32.164,38.7119,7.8761,4.1445,526.9,334.31,2.25182,32.37891978,55.8212577,14.379,90.2884,,,,,,,Segment A: calibrated,32.164,38.7119,7.8761,livestock manure compost|5.929|26.919|57.966
livestock manure compost,5.9292,26.9188,57.9661,20.0,31.194,30.3051,7.8407,4.0985,239.5,430.4,2.32275,32.06718968,55.283835,13.8057,95.0149,,,,,,,Segment A: calibrated,31.194,30.3051,7.8407,livestock manure compost|5.929|26.919|57.966
livestock manure compost,5.9292,26.9188,57.9661,25.0,26.149,26.6441,7.6814,3.8708,263.5,488.89,2.35305,30.12492263,51.93536661,12.8025,92.5264,,,,,,,Segment A: calibrated,26.149,26.6441,7.6814,livestock manure compost|5.929|26.919|57.966
livestock manure compost,5.2389,26.8471,57.4237,0.0,32.164,57.4237,5.2389,2.4163,2395.2,335.3,1.76569,47.403656,81.72390294,26.8471,37.1074,,,,,,,Segment A: calibrated,32.164,57.4237,5.2389,livestock manure compost|5.239|26.847|57.424
livestock manure compost,5.2389,26.8471,57.4237,3.0,42.642,54.8475,6.8319,3.2308,4263.5,299.16,1.86218,43.32231417,74.68766964,23.2643,38.3426,,,,,,,Segment A: calibrated,42.642,54.8475,6.8319,livestock manure compost|5.239|26.847|57.424
livestock manure compost,5.2389,26.8471,57.4237,6.0,62.045,52.1356,7.646,3.5095,7401.2,233.59,1.89956,36.9779747,63.75002838,19.4666,38.1081,,,,,,,Segment A: calibrated,62.045,52.1356,7.646,livestock manure compost|5.239|26.847|57.424
livestock manure compost,5.2389,26.8471,57.4237,9.0,52.925,47.5254,8.0354,3.7881,3281.4,212.15,1.8557,30.1402794,51.96184169,16.242,66.9373,,,,,,,Segment A: calibrated,52.925,47.5254,8.0354,livestock manure compost|5.239|26.847|57.424
livestock manure compost,5.2389,26.8471,57.4237,12.0,36.045,45.3559,7.8938,4.306,2155.7,220.13,2.11469,30.71016259,52.9443203,14.5223,72.5405,,,,,,,Segment A: calibrated,36.045,45.3559,7.8938,livestock manure compost|5.239|26.847|57.424
livestock manure compost,5.2389,26.8471,57.4237,15.0,32.164,43.0508,7.6991,4.6325,1413.2,308.18,2.33309,32.71155496,56.39472076,14.0207,84.3982,,,,,,,Segment A: calibrated,32.164,43.0508,7.6991,livestock manure compost|5.239|26.847|57.424
livestock manure compost,5.2389,26.8471,57.4237,20.0,28.672,31.5254,7.5221,4.5388,958.1,399.34,2.44465,32.17354972,55.46719972,13.1608,92.7374,,,,,,,Segment A: calibrated,28.672,31.5254,7.5221,livestock manure compost|5.239|26.847|57.424
livestock manure compost,5.2389,26.8471,57.4237,25.0,28.672,25.2881,7.4867,4.3302,694.6,487.25,2.40846,30.48917683,52.56334086,12.6592,90.0993,,,,,,,Segment A: calibrated,28.672,25.2881,7.4867,livestock manure compost|5.239|26.847|57.424
livestock manure compost,4.2814,20.9961,75.06,0.0,28.207,75.06,4.2814,1.8654,1174.3307,423.4865,1.523330523,31.984,85.53,20.9961,32.8821,,,,,,,Segment A: calibrated,28.207,75.06,4.2814,livestock manure compost|4.281|20.996|75.06
livestock manure compost,4.2814,20.9961,75.06,3.0,40.095,75.06,7.7641,2.2212,3052.7105,476.162,1.437888889,25.882,80.53,18.0,39.4615,,,,,,,Segment A: calibrated,40.095,75.06,7.7641,livestock manure compost|4.281|20.996|75.06
livestock manure compost,4.2814,20.9961,75.06,6.0,23.881,77.771,8.1862,2.5481,921.6814,653.1363,1.146086105,20.12,75.076,17.5554,30.5469,,,,,,,Segment A: calibrated,23.881,77.771,8.1862,livestock manure compost|4.281|20.996|75.06
livestock manure compost,4.2814,20.9961,75.06,9.0,18.262,76.687,8.3421,2.7788,959.8679,532.2974,1.178235294,20.03,72.803,17.0,63.1219,,,,,,,Segment A: calibrated,18.262,76.687,8.3421,livestock manure compost|4.281|20.996|75.06
livestock manure compost,4.2814,20.9961,75.06,12.0,19.195,79.217,8.2317,2.7115,957.8126,624.9962,0.933187375,15.174,70.758,16.2604,79.4691,,,,,,,Segment A: calibrated,19.195,79.217,8.2317,livestock manure compost|4.281|20.996|75.06
livestock manure compost,4.2814,20.9961,75.06,15.0,23.214,79.036,8.1784,3.2404,884.9223,562.2239,0.850625,13.61,70.0,16.0,87.21,,,,,,,Segment A: calibrated,23.214,79.036,8.1784,livestock manure compost|4.281|20.996|75.06
livestock manure compost,4.2814,20.9961,75.06,18.0,28.548,76.506,8.1633,3.5962,1261.2857,685.1596,1.085777894,16.582,69.091,15.272,94.5193,,,,,,,Segment A: calibrated,28.548,76.506,8.1633,livestock manure compost|4.281|20.996|75.06
livestock manure compost,4.2814,20.9961,75.06,24.0,20.525,77.229,8.5323,3.6635,510.3792,717.9497,0.849729802,12.658,69.091,14.8965,95.4555,,,,,,,Segment A: calibrated,20.525,77.229,8.5323,livestock manure compost|4.281|20.996|75.06
livestock manure compost,4.2814,20.9961,75.06,30.0,18.809,74.337,8.5018,3.1154,468.0153,786.1706,0.832619659,12.25,68.106,14.7126,97.99,,,,,,,Segment A: calibrated,18.809,74.337,8.5018,livestock manure compost|4.281|20.996|75.06
livestock manure compost,5.0608,17.7629,59.699,0.0,33.326,59.699,5.0608,2.4519,1757.4671,570.7682,2.049665314,36.408,78.485,17.7629,33.3853,,,,,,,Segment A: calibrated,33.326,59.699,5.0608,livestock manure compost|5.061|17.763|59.699
livestock manure compost,5.0608,17.7629,59.699,3.0,49.143,58.434,8.0304,2.8846,4050.8389,345.5596,2.447,39.152,71.818,16.0,32.8398,,,,,,,Segment A: calibrated,49.143,58.434,8.0304,livestock manure compost|5.061|17.763|59.699
livestock manure compost,5.0608,17.7629,59.699,6.0,40.192,53.554,8.9849,3.7885,5343.5666,487.9349,1.917563831,27.946,68.712,14.5737,32.0851,,,,,,,Segment A: calibrated,40.192,53.554,8.9849,livestock manure compost|5.061|17.763|59.699
livestock manure compost,5.0608,17.7629,59.699,9.0,21.001,52.289,8.9505,4.0481,882.6709,609.0691,1.795285714,25.134,67.727,14.0,64.3224,,,,,,,Segment A: calibrated,21.001,52.289,8.9505,livestock manure compost|5.061|17.763|59.699
livestock manure compost,5.0608,17.7629,59.699,12.0,22.047,51.205,8.8401,4.3173,841.7777,716.9718,1.784353721,23.794,66.591,13.3348,82.8707,,,,,,,Segment A: calibrated,22.047,51.205,8.8401,livestock manure compost|5.061|17.763|59.699
livestock manure compost,5.0608,17.7629,59.699,15.0,27.977,48.494,8.977,4.5865,1059.6616,727.1638,1.552923077,20.188,64.697,13.0,85.9631,,,,,,,Segment A: calibrated,27.977,48.494,8.977,livestock manure compost|5.061|17.763|59.699
livestock manure compost,5.0608,17.7629,59.699,18.0,29.977,43.253,8.9238,4.9423,1050.7842,553.6052,1.86389038,23.614,62.652,12.6692,94.1411,,,,,,,Segment A: calibrated,29.977,43.253,8.9238,livestock manure compost|5.061|17.763|59.699
livestock manure compost,5.0608,17.7629,59.699,24.0,23.024,42.53,9.2546,5.0288,945.2895,2076.4053,1.750102821,21.276,61.591,12.157,94.2222,,,,,,,Segment A: calibrated,23.024,42.53,9.2546,livestock manure compost|5.061|17.763|59.699
livestock manure compost,5.0608,17.7629,59.699,30.0,22.024,38.373,9.3195,5.1154,901.1905,2082.5363,1.829580603,22.004,61.136,12.0268,96.13,,,,,,,Segment A: calibrated,22.024,38.373,9.3195,livestock manure compost|5.061|17.763|59.699
livestock manure compost,5.2507,26.9789,60.422,0.0,32.374,60.422,5.2507,1.5192,1628.0086,290.8334,1.214949461,32.778,89.242,26.9789,35.2207,,,,,,,Segment A: calibrated,32.374,60.422,5.2507,livestock manure compost|5.251|26.979|60.422
livestock manure compost,5.2507,26.9789,60.422,3.0,52.12,57.349,7.4598,1.8269,1353.7675,195.5715,1.7825,42.78,86.515,24.0,40.424,,,,,,,Segment A: calibrated,52.12,57.349,7.4598,livestock manure compost|5.251|26.979|60.422
livestock manure compost,5.2507,26.9789,60.422,6.0,44.953,56.988,8.3764,2.25,809.3781,297.2497,1.297457376,30.668,84.091,23.637,55.028,,,,,,,Segment A: calibrated,44.953,56.988,8.3764,livestock manure compost|5.251|26.979|60.422
livestock manure compost,5.2507,26.9789,60.422,9.0,33.739,54.458,8.6651,2.0,1902.6988,379.9352,1.065090909,23.432,82.727,22.0,72.7975,,,,,,,Segment A: calibrated,33.739,54.458,8.6651,livestock manure compost|5.251|26.979|60.422
livestock manure compost,5.2507,26.9789,60.422,12.0,23.954,52.651,8.441,2.1635,849.289,591.2938,0.946241521,20.506,81.742,21.671,88.3518,,,,,,,Segment A: calibrated,23.954,52.651,8.441,livestock manure compost|5.251|26.979|60.422
livestock manure compost,5.2507,26.9789,60.422,15.0,35.0,49.217,8.2926,2.3077,1962.1508,717.4002,0.8846,17.692,80.227,20.0,90.2884,,,,,,,Segment A: calibrated,35.0,49.217,8.2926,livestock manure compost|5.251|26.979|60.422
livestock manure compost,5.2507,26.9789,60.422,18.0,37.0,47.771,8.4105,2.5865,2091.1665,670.0596,0.712954791,14.54,78.561,20.394,95.0149,,,,,,,Segment A: calibrated,37.0,47.771,8.4105,livestock manure compost|5.251|26.979|60.422
livestock manure compost,5.2507,26.9789,60.422,24.0,24.93,46.867,8.7414,2.3942,836.7061,679.4438,0.80775614,15.38,76.515,19.0404,92.5264,,,,,,,Segment A: calibrated,24.93,46.867,8.7414,livestock manure compost|5.251|26.979|60.422
livestock manure compost,5.2507,26.9789,60.422,30.0,20.596,42.349,8.768,2.2981,575.6043,719.1375,0.777413766,14.404,74.773,18.5281,95.22,,,,,,,Segment A: calibrated,20.596,42.349,8.768,livestock manure compost|5.251|26.979|60.422
livestock manure compost,5.0227,25.2963,58.976,0.0,35.588,58.976,5.0227,2.0288,2003.8321,288.6134,1.506465372,38.108,87.576,25.2963,37.1074,,,,,,,Segment A: calibrated,35.588,58.976,5.0227,livestock manure compost|5.023|25.296|58.976
livestock manure compost,5.0227,25.2963,58.976,3.0,54.739,56.265,7.555,2.9135,1808.0481,237.9469,2.022782609,46.524,81.894,23.0,38.3426,,,,,,,Segment A: calibrated,54.739,56.265,7.555,livestock manure compost|5.023|25.296|58.976
livestock manure compost,5.0227,25.2963,58.976,6.0,50.19,50.12,8.3193,3.3269,4551.6514,604.1393,2.309407136,44.96,77.424,19.4682,38.1081,,,,,,,Segment A: calibrated,50.19,50.12,8.3193,livestock manure compost|5.023|25.296|58.976
livestock manure compost,5.0227,25.2963,58.976,9.0,33.262,43.976,8.3992,3.4519,1674.6551,482.9906,2.932823529,49.858,74.848,17.0,66.9373,,,,,,,Segment A: calibrated,33.262,43.976,8.3992,livestock manure compost|5.023|25.296|58.976
livestock manure compost,5.0227,25.2963,58.976,12.0,24.666,42.53,8.2126,4.0577,798.2224,797.8202,3.010300529,46.818,74.242,15.5526,72.5405,,,,,,,Segment A: calibrated,24.666,42.53,8.2126,livestock manure compost|5.023|25.296|58.976
livestock manure compost,5.0227,25.2963,58.976,15.0,26.072,39.819,8.0075,3.9327,702.1051,761.7452,2.895866667,43.438,72.879,15.0,84.3982,,,,,,,Segment A: calibrated,26.072,39.819,8.0075,livestock manure compost|5.023|25.296|58.976
livestock manure compost,5.0227,25.2963,58.976,18.0,34.024,35.301,7.7452,4.4231,1397.8563,678.5128,2.651815555,37.45,71.439,14.1224,92.7374,,,,,,,Segment A: calibrated,34.024,35.301,7.7452,livestock manure compost|5.023|25.296|58.976
livestock manure compost,5.0227,25.2963,58.976,24.0,21.119,26.988,7.5816,4.1442,797.774,985.1364,2.289768798,30.464,69.091,13.3044,90.0993,,,,,,,Segment A: calibrated,21.119,26.988,7.5816,livestock manure compost|5.023|25.296|58.976
livestock manure compost,5.0227,25.2963,58.976,30.0,20.118,21.566,7.5132,3.9327,505.4937,1147.5471,2.102774859,27.22,67.576,12.9448,94.2,,,,,,,Segment A: calibrated,20.118,21.566,7.5132,livestock manure compost|5.023|25.296|58.976
livestock manure compost,5.79,30.21986971,74.62,0.0,31.4,74.62,5.79,4.88,339.0,280.3,1.662,40.811,86.58863004,30.21986971,22.47,,,,,,,Segment A: calibrated,31.4,74.62,5.79,livestock manure compost|5.79|30.22|74.62
livestock manure compost,5.79,30.21986971,74.62,5.0,66.4,69.52,5.98,4.35,1044.0,416.9,1.228,37.11,51.9854545,24.55535499,51.19,,,,,,,Segment A: calibrated,66.4,69.52,5.98,livestock manure compost|5.79|30.22|74.62
livestock manure compost,5.79,30.21986971,74.62,12.0,40.9,38.51,6.62,4.25,916.0,679.2,1.927,32.977,56.85234801,17.11312922,80.83,,,,,,,Segment A: calibrated,40.9,38.51,6.62,livestock manure compost|5.79|30.22|74.62
livestock manure compost,5.79,30.21986971,74.62,20.0,32.5,32.68,6.85,5.54,403.0,663.8,2.4,34.205,58.96941999,14.25208333,99.58,,,,,,,Segment A: calibrated,32.5,32.68,6.85,livestock manure compost|5.79|30.22|74.62
livestock manure compost,5.79,30.21986971,74.62,25.0,37.1,35.35,6.65,3.88,675.0,544.8,2.655,31.865,54.93526,12.00188324,76.97,,,,,,,Segment A: calibrated,37.1,35.35,6.65,livestock manure compost|5.79|30.22|74.62
livestock manure compost,5.79,30.21986971,74.62,30.0,33.4,20.85,7.09,3.25,589.0,643.9,2.638,32.75,56.46099999,12.41470811,80.03,,,,,,,Segment A: calibrated,33.4,20.85,7.09,livestock manure compost|5.79|30.22|74.62
livestock manure compost,6.05,25.2318314,75.13,0.0,27.6,75.13,6.05,7.58,951.0,323.5,1.376,34.719,59.85555601,25.2318314,13.45,,,,,,,Segment A: calibrated,27.6,75.13,6.05,livestock manure compost|6.05|25.232|75.13
livestock manure compost,6.05,25.2318314,75.13,5.0,67.9,59.39,6.43,4.25,1181.0,432.4,1.372,32.664,56.31273599,23.80758017,77.93,,,,,,,Segment A: calibrated,67.9,59.39,6.43,livestock manure compost|6.05|25.232|75.13
livestock manure compost,6.05,25.2318314,75.13,12.0,59.7,43.55,6.55,3.86,480.0,506.7,1.285,30.782,53.06816799,23.95486381,95.87,,,,,,,Segment A: calibrated,59.7,43.55,6.55,livestock manure compost|6.05|25.232|75.13
livestock manure compost,6.05,25.2318314,75.13,20.0,60.6,33.13,6.63,5.16,1531.0,597.7,1.638,29.63,51.08212,18.08913309,96.19,,,,,,,Segment A: calibrated,60.6,33.13,6.63,livestock manure compost|6.05|25.232|75.13
livestock manure compost,6.05,25.2318314,75.13,25.0,43.8,25.06,6.73,4.33,271.0,553.7,1.785,25.737,44.37058798,14.41848739,86.12,,,,,,,Segment A: calibrated,43.8,25.06,6.73,livestock manure compost|6.05|25.232|75.13
livestock manure compost,6.05,25.2318314,75.13,30.0,32.2,20.04,7.39,3.45,156.0,434.8,2.078,22.5,38.79,10.82771896,87.3,,,,,,,Segment A: calibrated,32.2,20.04,7.39,livestock manure compost|6.05|25.232|75.13
livestock manure compost,6.28,21.21418827,70.39,0.0,16.6,70.39,6.28,4.98,955.0,203.6,2.199,46.65,80.42460001,21.21418827,28.93,,,,,,,Segment A: calibrated,16.6,70.39,6.28,livestock manure compost|6.28|21.214|70.39
livestock manure compost,6.28,21.21418827,70.39,5.0,54.8,67.7,6.23,7.04,1149.0,856.1,1.866,40.526,69.86682399,21.71811361,64.64,,,,,,,Segment A: calibrated,54.8,67.7,6.23,livestock manure compost|6.28|21.214|70.39
livestock manure compost,6.28,21.21418827,70.39,12.0,31.6,29.1,6.65,7.26,734.0,649.2,2.023,37.111,63.97936402,18.34453782,85.65,,,,,,,Segment A: calibrated,31.6,29.1,6.65,livestock manure compost|6.28|21.214|70.39
livestock manure compost,6.28,21.21418827,70.39,20.0,67.2,20.48,7.05,11.14,1470.0,898.7,2.4,32.443,55.93173201,13.51791667,93.18,,,,,,,Segment A: calibrated,67.2,20.48,7.05,livestock manure compost|6.28|21.214|70.39
livestock manure compost,6.28,21.21418827,70.39,25.0,45.8,22.61,6.99,7.21,969.0,386.4,2.59,29.885,51.52174001,11.53861004,98.27,,,,,,,Segment A: calibrated,45.8,22.61,6.99,livestock manure compost|6.28|21.214|70.39
livestock manure compost,6.28,21.21418827,70.39,30.0,34.5,15.37,7.01,4.52,708.0,748.5,2.374,26.724,46.07217598,11.25695029,87.01,,,,,,,Segment A: calibrated,34.5,15.37,7.01,livestock manure compost|6.28|21.214|70.39
livestock manure compost,5.88,25.8912037,75.23,0.0,25.0,75.23,5.88,8.25,1081.0,179.7,1.728,44.74,77.13175999,25.8912037,47.81,,,,,,,Segment A: calibrated,25.0,75.23,5.88,livestock manure compost|5.88|25.891|75.23
livestock manure compost,5.88,25.8912037,75.23,5.0,66.6,62.02,6.59,7.25,1141.0,543.1,1.411,35.935,61.95194001,25.46775337,54.78,,,,,,,Segment A: calibrated,66.6,62.02,6.59,livestock manure compost|5.88|25.891|75.23
livestock manure compost,5.88,25.8912037,75.23,12.0,66.7,70.59,6.98,6.13,1041.0,339.1,1.95,33.694,58.088456,17.27897436,89.68,,,,,,,Segment A: calibrated,66.7,70.59,6.98,livestock manure compost|5.88|25.891|75.23
livestock manure compost,5.88,25.8912037,75.23,20.0,50.7,32.01,7.34,7.81,554.0,916.9,1.797,32.969,56.83855601,18.34668893,114.36,,,,,,,Segment A: calibrated,50.7,32.01,7.34,livestock manure compost|5.88|25.891|75.23
livestock manure compost,5.88,25.8912037,75.23,25.0,34.0,17.33,7.7,5.15,586.0,827.9,1.75,30.653,52.845772,17.516,97.02,,,,,,,Segment A: calibrated,34.0,17.33,7.7,livestock manure compost|5.88|25.891|75.23
livestock manure compost,5.88,25.8912037,75.23,30.0,30.3,15.11,7.7,4.91,589.0,778.7,1.71,26.376,45.47222399,15.4245614,90.54,,,,,,,Segment A: calibrated,30.3,15.11,7.7,livestock manure compost|5.88|25.891|75.23
livestock manure compost,5.74,23.70598007,79.04,0.0,26.6,79.04,5.74,9.78,1441.0,277.8,1.806,42.813,73.80961201,23.70598007,26.74,,,,,,,Segment A: calibrated,26.6,79.04,5.74,livestock manure compost|5.74|23.706|79.04
livestock manure compost,5.74,23.70598007,79.04,5.0,68.8,67.62,6.0,3.13,1084.0,346.6,2.721,41.606,71.72874401,15.29070195,50.11,,,,,,,Segment A: calibrated,68.8,67.62,6.0,livestock manure compost|5.74|23.706|79.04
livestock manure compost,5.74,23.70598007,79.04,12.0,63.4,29.79,6.9,8.64,1466.0,206.2,2.987,37.906,65.349944,12.69032474,97.53,,,,,,,Segment A: calibrated,63.4,29.79,6.9,livestock manure compost|5.74|23.706|79.04
livestock manure compost,5.74,23.70598007,79.04,20.0,57.6,34.46,7.12,7.5,262.0,530.4,3.06,33.733,58.155692,11.02385621,105.32,,,,,,,Segment A: calibrated,57.6,34.46,7.12,livestock manure compost|5.74|23.706|79.04
livestock manure compost,5.74,23.70598007,79.04,25.0,59.7,32.01,7.19,6.0,196.0,354.7,2.983,30.913,53.29401198,10.36305732,87.96,,,,,,,Segment A: calibrated,59.7,32.01,7.19,livestock manure compost|5.74|23.706|79.04
livestock manure compost,5.74,23.70598007,79.04,30.0,34.4,17.33,7.37,3.89,248.0,534.8,2.405,27.589,47.56343599,11.47151767,117.98,,,,,,,Segment A: calibrated,34.4,17.33,7.37,livestock manure compost|5.74|23.706|79.04
livestock manure compost,6.22,25.68904404,73.28,0.0,18.9,73.28,6.22,6.99,442.0,175.4,1.862,47.833,82.464092,25.68904404,42.37,,,,,,,Segment A: calibrated,18.9,73.28,6.22,livestock manure compost|6.22|25.689|73.28
livestock manure compost,6.22,25.68904404,73.28,5.0,56.8,66.51,6.81,5.96,822.0,388.7,2.347,44.701,77.064524,19.04601619,42.14,,,,,,,Segment A: calibrated,56.8,66.51,6.81,livestock manure compost|6.22|25.689|73.28
livestock manure compost,6.22,25.68904404,73.28,12.0,67.2,45.79,5.98,6.13,561.0,593.2,2.459,39.66,68.37383999,16.12850752,77.45,,,,,,,Segment A: calibrated,67.2,45.79,5.98,livestock manure compost|6.22|25.689|73.28
livestock manure compost,6.22,25.68904404,73.28,20.0,63.6,21.72,6.25,6.26,257.0,624.3,2.617,36.543,63.00013199,13.96369889,84.83,,,,,,,Segment A: calibrated,63.6,21.72,6.25,livestock manure compost|6.22|25.689|73.28
livestock manure compost,6.22,25.68904404,73.28,25.0,50.4,29.17,6.14,5.01,114.0,575.7,2.067,32.846,56.62650401,15.8906628,82.83,,,,,,,Segment A: calibrated,50.4,29.17,6.14,livestock manure compost|6.22|25.689|73.28
livestock manure compost,6.22,25.68904404,73.28,30.0,33.7,19.0,6.47,4.31,95.0,586.8,1.988,28.481,49.10124399,14.32645875,88.47,,,,,,,Segment A: calibrated,33.7,19.0,6.47,livestock manure compost|6.22|25.689|73.28
livestock manure compost,5.89,23.34650456,71.02,0.0,30.7,71.02,5.89,5.63,520.0,274.5,1.974,46.086,79.452264,23.34650456,67.54,,,,,,,Segment A: calibrated,30.7,71.02,5.89,livestock manure compost|5.89|23.347|71.02
livestock manure compost,5.89,23.34650456,71.02,5.0,66.4,64.53,6.11,5.25,458.0,343.6,1.719,34.969,60.286556,20.34264107,71.59,,,,,,,Segment A: calibrated,66.4,64.53,6.11,livestock manure compost|5.89|23.347|71.02
livestock manure compost,5.89,23.34650456,71.02,12.0,53.3,53.82,7.11,6.19,812.0,575.1,2.014,35.052,60.42964798,17.4041708,96.23,,,,,,,Segment A: calibrated,53.3,53.82,7.11,livestock manure compost|5.89|23.347|71.02
livestock manure compost,5.89,23.34650456,71.02,20.0,47.1,29.38,7.61,6.11,197.0,853.6,1.554,31.697,54.64562801,20.3970399,110.22,,,,,,,Segment A: calibrated,47.1,29.38,7.61,livestock manure compost|5.89|23.347|71.02
livestock manure compost,5.89,23.34650456,71.02,25.0,37.5,23.14,7.14,6.54,686.0,753.6,1.876,28.713,49.501212,15.3054371,86.95,,,,,,,Segment A: calibrated,37.5,23.14,7.14,livestock manure compost|5.89|23.347|71.02
livestock manure compost,5.89,23.34650456,71.02,30.0,34.2,18.15,7.33,4.0,598.0,702.4,1.743,26.673,45.984252,15.30292599,87.93,,,,,,,Segment A: calibrated,34.2,18.15,7.33,livestock manure compost|5.89|23.347|71.02
livestock manure compost,5.95,23.22417154,63.13,0.0,22.4,63.13,5.95,8.12,588.0,322.3,2.052,47.656,82.158944,23.22417154,17.11,,,,,,,Segment A: calibrated,22.4,63.13,5.95,livestock manure compost|5.95|23.224|63.13
livestock manure compost,5.95,23.22417154,63.13,5.0,64.8,58.1,6.17,5.88,952.0,379.9,1.875,36.957,63.713868,19.7104,54.55,,,,,,,Segment A: calibrated,64.8,58.1,6.17,livestock manure compost|5.95|23.224|63.13
livestock manure compost,5.95,23.22417154,63.13,12.0,58.7,59.27,7.17,5.23,448.0,332.5,2.269,33.303,57.414372,14.67739092,86.75,,,,,,,Segment A: calibrated,58.7,59.27,7.17,livestock manure compost|5.95|23.224|63.13
livestock manure compost,5.95,23.22417154,63.13,20.0,60.1,22.46,7.42,6.22,163.0,441.5,2.526,32.052,55.25764798,12.6888361,90.54,,,,,,,Segment A: calibrated,60.1,22.46,7.42,livestock manure compost|5.95|23.224|63.13
livestock manure compost,5.95,23.22417154,63.13,25.0,35.8,11.01,7.13,7.25,116.0,332.5,2.09,31.014,53.468136,14.83923445,144.17,,,,,,,Segment A: calibrated,35.8,11.01,7.13,livestock manure compost|5.95|23.224|63.13
livestock manure compost,5.95,23.22417154,63.13,30.0,28.1,11.89,7.25,4.25,128.0,344.9,2.596,29.62,51.06488002,11.40986133,106.06,,,,,,,Segment A: calibrated,28.1,11.89,7.25,livestock manure compost|5.95|23.224|63.13
livestock manure compost,5.38,26.21551724,73.14,0.0,28.8,73.14,5.38,7.22,633.0,253.4,1.74,45.615,78.64026,26.21551724,21.04,,,,,,,Segment A: calibrated,28.8,73.14,5.38,livestock manure compost|5.38|26.216|73.14
livestock manure compost,5.38,26.21551724,73.14,5.0,62.2,68.86,5.98,6.41,583.0,381.5,1.561,38.754,66.81189601,24.82639334,58.19,,,,,,,Segment A: calibrated,62.2,68.86,5.98,livestock manure compost|5.38|26.216|73.14
livestock manure compost,5.38,26.21551724,73.14,12.0,58.6,49.21,6.98,7.65,555.0,224.4,2.127,36.917,63.64490798,17.35637047,77.64,,,,,,,Segment A: calibrated,58.6,49.21,6.98,livestock manure compost|5.38|26.216|73.14
livestock manure compost,5.38,26.21551724,73.14,20.0,43.7,21.6,7.22,6.56,200.0,763.8,1.93,34.879,60.13139602,18.07202073,96.09,,,,,,,Segment A: calibrated,43.7,21.6,7.22,livestock manure compost|5.38|26.216|73.14
livestock manure compost,5.38,26.21551724,73.14,25.0,37.3,21.39,7.45,6.36,617.0,762.1,2.5,34.14,58.85736,13.656,82.94,,,,,,,Segment A: calibrated,37.3,21.39,7.45,livestock manure compost|5.38|26.216|73.14
livestock manure compost,5.38,26.21551724,73.14,30.0,33.2,14.95,7.51,4.74,258.0,732.8,2.38,32.02,55.20247999,13.45378151,85.51,,,,,,,Segment A: calibrated,33.2,14.95,7.51,livestock manure compost|5.38|26.216|73.14
livestock manure compost,5.71,22.3655914,73.3,0.0,22.4,73.3,5.71,5.56,522.0,196.0,2.139,47.84,82.47616001,22.3655914,46.18,,,,,,,Segment A: calibrated,22.4,73.3,5.71,livestock manure compost|5.71|22.366|73.3
livestock manure compost,5.71,22.3655914,73.3,5.0,68.2,63.59,6.87,7.64,876.0,387.2,2.351,37.642,64.89480798,16.01105912,78.12,,,,,,,Segment A: calibrated,68.2,63.59,6.87,livestock manure compost|5.71|22.366|73.3
livestock manure compost,5.71,22.3655914,73.3,12.0,53.3,61.49,7.87,6.89,213.0,612.6,2.467,34.535,59.53834001,13.99878395,95.45,,,,,,,Segment A: calibrated,53.3,61.49,7.87,livestock manure compost|5.71|22.366|73.3
livestock manure compost,5.71,22.3655914,73.3,20.0,50.7,30.4,7.88,7.34,692.0,799.9,2.215,32.133,55.39729199,14.50699774,99.98,,,,,,,Segment A: calibrated,50.7,30.4,7.88,livestock manure compost|5.71|22.366|73.3
livestock manure compost,5.71,22.3655914,73.3,25.0,32.1,20.04,7.72,6.0,844.0,953.3,2.425,32.061,55.27316401,13.22103093,99.12,,,,,,,Segment A: calibrated,32.1,20.04,7.72,livestock manure compost|5.71|22.366|73.3
livestock manure compost,5.71,22.3655914,73.3,30.0,32.1,24.23,7.24,4.72,150.0,717.8,2.084,28.305,48.79781999,13.58205374,113.12,,,,,,,Segment A: calibrated,32.1,24.23,7.24,livestock manure compost|5.71|22.366|73.3
livestock manure compost,7.0598,29.258,60.575,1.0,25.505,60.575,7.0598,0.73896,561.7,347.4142,0.29721,8.69577018,83.892,29.258,44.9645,,,,,,,Segment A: calibrated,25.505,60.575,7.0598,livestock manure compost|7.06|29.258|60.575
livestock manure compost,7.0598,29.258,60.575,4.0,55.825,58.852,7.3663,0.81221,2385.7,325.4938,0.31581,9.54219915,81.873,30.215,46.8464,,,,,,,Segment A: calibrated,55.825,58.852,7.3663,livestock manure compost|7.06|29.258|60.575
livestock manure compost,7.0598,29.258,60.575,7.0,57.904,56.935,8.6766,1.02035,3976.1,476.8103,0.3493,7.5455786,81.579,21.602,36.7017,,,,,,,Segment A: calibrated,57.904,56.935,8.6766,livestock manure compost|7.06|29.258|60.575
livestock manure compost,7.0598,29.258,60.575,10.0,46.805,53.834,8.3292,1.17268,2041.3,464.2251,0.31085,6.5023603,79.089,20.918,52.0023,,,,,,,Segment A: calibrated,46.805,53.834,8.3292,livestock manure compost|7.06|29.258|60.575
livestock manure compost,7.0598,29.258,60.575,13.0,38.445,43.055,8.1454,1.31569,1950.9,774.4561,0.31829,5.61368073,73.462,17.637,66.4303,,,,,,,Segment A: calibrated,38.445,43.055,8.1454,livestock manure compost|7.06|29.258|60.575
livestock manure compost,7.0598,29.258,60.575,16.0,28.03,40.94,7.5881,1.31915,1953.8,1069.5184,0.29597,3.43946737,68.775,11.621,83.7669,,,,,,,Segment A: calibrated,28.03,40.94,7.5881,livestock manure compost|7.06|29.258|60.575
livestock manure compost,7.0598,29.258,60.575,19.0,23.606,37.839,7.0074,1.34595,1840.0,327.4587,0.28729,2.23885097,67.54,7.793,88.0149,,,,,,,Segment A: calibrated,23.606,37.839,7.0074,livestock manure compost|7.06|29.258|60.575
livestock manure compost,7.0598,29.258,60.575,22.0,20.379,37.299,6.9402,1.32614,1095.8,235.1989,0.27612,1.81189944,57.05,6.562,87.2319,,,,,,,Segment A: calibrated,20.379,37.299,6.9402,livestock manure compost|7.06|29.258|60.575
livestock manure compost,7.0365,29.805,60.772,1.0,23.451,60.772,7.0365,0.79478,701.8,352.9873,0.30589,9.11705145,85.618,29.805,48.2472,,,,,,,Segment A: calibrated,23.451,60.772,7.0365,livestock manure compost|7.036|29.805|60.772
livestock manure compost,7.0365,29.805,60.772,4.0,57.707,60.034,7.6697,0.91452,2035.5,351.5306,0.33194,9.66642474,83.756,29.121,42.6227,,,,,,,Segment A: calibrated,57.707,60.034,7.6697,livestock manure compost|7.036|29.805|60.772
livestock manure compost,7.0365,29.805,60.772,7.0,58.246,55.753,8.6999,1.06221,4653.2,399.9634,0.36667,8.47191035,80.638,23.105,38.6584,,,,,,,Segment A: calibrated,58.246,55.753,8.6999,livestock manure compost|7.036|29.805|60.772
livestock manure compost,7.0365,29.805,60.772,10.0,44.237,51.864,8.0957,1.20987,3582.2,684.2351,0.34062,6.84578076,75.01,20.098,46.9946,,,,,,,Segment A: calibrated,44.237,51.864,8.0957,livestock manure compost|7.036|29.805|60.772
livestock manure compost,7.0365,29.805,60.772,13.0,31.22,45.616,7.7719,1.35288,1624.0,811.8354,0.33566,6.05765602,71.736,18.047,72.076,,,,,,,Segment A: calibrated,31.22,45.616,7.7719,livestock manure compost|7.036|29.805|60.772
livestock manure compost,7.0365,29.805,60.772,16.0,25.463,41.923,7.4013,1.38428,1510.2,839.3314,0.30465,5.03982495,66.892,16.543,84.0724,,,,,,,Segment A: calibrated,25.463,41.923,7.4013,livestock manure compost|7.036|29.805|60.772
livestock manure compost,7.0365,29.805,60.772,19.0,21.552,36.855,7.1941,1.36915,1302.9,632.1981,0.26744,3.10792024,62.99,11.621,89.7756,,,,,,,Segment A: calibrated,21.552,36.855,7.1941,livestock manure compost|7.036|29.805|60.772
livestock manure compost,7.0365,29.805,60.772,22.0,20.037,35.331,7.1036,1.38662,1399.3,249.3063,0.21907,1.9168625,57.677,8.75,88.4115,,,,,,,Segment A: calibrated,20.037,35.331,7.1036,livestock manure compost|7.036|29.805|60.772
livestock manure compost,7.2933,29.531,60.181,1.0,23.452,60.181,7.2933,0.69244,725.2,353.9346,0.30961,9.14309291,85.304,29.531,48.6498,,,,,,,Segment A: calibrated,23.452,60.181,7.2933,livestock manure compost|7.293|29.531|60.181
livestock manure compost,7.2933,29.531,60.181,4.0,57.878,62.4,7.9733,0.85408,1405.2,411.5254,0.36047,11.92651042,84.697,33.086,33.0938,,,,,,,Segment A: calibrated,57.878,62.4,7.9733,livestock manure compost|7.293|29.531|60.181
livestock manure compost,7.2933,29.531,60.181,7.0,60.128,59.494,8.7933,1.15055,4116.3,369.1504,0.34434,8.23867884,79.697,23.926,38.5183,,,,,,,Segment A: calibrated,60.128,59.494,8.7933,livestock manure compost|7.293|29.531|60.181
livestock manure compost,7.2933,29.531,60.181,10.0,47.318,55.41,8.6328,1.21916,2788.4,412.3033,0.35426,7.55565728,73.912,21.328,47.1112,,,,,,,Segment A: calibrated,47.318,55.41,8.6328,livestock manure compost|7.293|29.531|60.181
livestock manure compost,7.2933,29.531,60.181,13.0,32.112,51.521,7.9587,1.28778,1997.6,800.5075,0.29101,5.4506173,74.716,18.73,54.701,,,,,,,Segment A: calibrated,32.112,51.521,7.9587,livestock manure compost|7.293|29.531|60.181
livestock manure compost,7.2933,29.531,60.181,16.0,26.49,43.892,7.5414,1.32847,1323.5,989.9212,0.28481,4.43904866,69.873,15.586,79.4569,,,,,,,Segment A: calibrated,26.49,43.892,7.5414,livestock manure compost|7.293|29.531|60.181
livestock manure compost,7.2933,29.531,60.181,19.0,19.498,39.808,7.3108,1.33196,999.6,952.6446,0.27364,3.44184392,67.383,12.578,87.8938,,,,,,,Segment A: calibrated,19.498,39.808,7.3108,livestock manure compost|7.293|29.531|60.181
livestock manure compost,7.2933,29.531,60.181,22.0,18.326,35.92,7.2671,1.3773,815.7,480.281,0.26,2.80826,56.578,10.801,89.0827,,,,,,,Segment A: calibrated,18.326,35.92,7.2671,livestock manure compost|7.293|29.531|60.181
livestock manure compost,6.9766,29.961,60.625,1.0,24.016,60.625,6.9766,0.74414,695.0,353.8872,0.30786,9.22379346,83.634,29.961,49.3007,,,,,,,Segment A: calibrated,24.016,60.625,6.9766,livestock manure compost|6.977|29.961|60.625
livestock manure compost,6.9766,29.961,60.625,4.0,59.161,62.773,8.7344,0.94766,4911.2,373.5137,0.38242,10.5203742,80.359,27.51,37.4141,,,,,,,Segment A: calibrated,59.161,62.773,8.7344,livestock manure compost|6.977|29.961|60.625
livestock manure compost,6.9766,29.961,60.625,7.0,58.106,61.406,8.8516,1.10414,3938.2,376.1275,0.34988,8.4338574,76.773,24.105,35.8784,,,,,,,Segment A: calibrated,58.106,61.406,8.8516,livestock manure compost|6.977|29.961|60.625
livestock manure compost,6.9766,29.961,60.625,10.0,45.728,51.836,8.2422,1.19001,2386.1,427.3981,0.32981,7.41116051,70.707,22.471,52.5818,,,,,,,Segment A: calibrated,45.728,51.836,8.2422,livestock manure compost|6.977|29.961|60.625
livestock manure compost,6.9766,29.961,60.625,13.0,36.951,41.094,7.7734,1.30414,2015.4,724.1914,0.28731,5.55628809,69.913,19.339,80.6194,,,,,,,Segment A: calibrated,36.951,41.094,7.7734,livestock manure compost|6.977|29.961|60.625
livestock manure compost,6.9766,29.961,60.625,16.0,30.406,36.406,7.0469,1.35237,1413.1,874.5527,0.26226,3.42878724,65.088,13.074,92.5491,,,,,,,Segment A: calibrated,30.406,36.406,7.0469,livestock manure compost|6.977|29.961|60.625
livestock manure compost,6.9766,29.961,60.625,19.0,27.292,34.844,6.8359,1.4194,787.6,222.9891,0.25463,1.76865998,57.936,6.946,86.6833,,,,,,,Segment A: calibrated,27.292,34.844,6.8359,livestock manure compost|6.977|29.961|60.625
livestock manure compost,6.9766,29.961,60.625,22.0,23.835,34.844,6.9297,1.41117,1343.6,177.133,0.24327,1.1263401,52.8,4.63,88.2153,,,,,,,Segment A: calibrated,23.835,34.844,6.9297,livestock manure compost|6.977|29.961|60.625
livestock manure compost,7.2344,28.191,62.383,1.0,23.158,62.383,7.2344,0.69237,556.0,359.7326,0.32032,9.03014112,84.254,28.191,46.8313,,,,,,,Segment A: calibrated,23.158,62.383,7.2344,livestock manure compost|7.234|28.191|62.383
livestock manure compost,7.2344,28.191,62.383,4.0,41.833,63.359,7.7031,0.94763,2200.8,358.2093,0.35004,9.91558308,77.258,28.327,43.5646,,,,,,,Segment A: calibrated,41.833,63.359,7.7031,livestock manure compost|7.234|28.191|62.383
livestock manure compost,7.2344,28.191,62.383,7.0,57.249,55.547,8.3359,1.1559,5027.0,380.7599,0.2951,8.8013575,75.689,29.825,41.4938,,,,,,,Segment A: calibrated,57.249,55.547,8.3359,livestock manure compost|7.234|28.191|62.383
livestock manure compost,7.2344,28.191,62.383,10.0,55.164,49.883,8.6172,1.33116,2687.3,323.6826,0.28249,7.84813718,69.932,27.782,41.3911,,,,,,,Segment A: calibrated,55.164,49.883,8.6172,livestock manure compost|7.234|28.191|62.383
livestock manure compost,7.2344,28.191,62.383,13.0,42.27,45.781,7.8906,1.38881,1853.3,402.4424,0.24871,6.36772213,71.463,25.603,60.8829,,,,,,,Segment A: calibrated,42.27,45.781,7.8906,livestock manure compost|7.234|28.191|62.383
livestock manure compost,7.2344,28.191,62.383,16.0,31.95,40.703,7.3984,1.41353,1575.3,582.3329,0.24109,4.92498652,66.793,20.428,84.026,,,,,,,Segment A: calibrated,31.95,40.703,7.3984,livestock manure compost|7.234|28.191|62.383
livestock manure compost,7.2344,28.191,62.383,19.0,29.18,37.969,7.3047,1.40525,787.6,424.1274,0.19362,4.08712458,55.611,21.109,85.4103,,,,,,,Segment A: calibrated,29.18,37.969,7.3047,livestock manure compost|7.234|28.191|62.383
livestock manure compost,7.2344,28.191,62.383,22.0,23.493,37.578,7.0938,1.38764,810.8,310.8454,0.16109,3.22486071,55.901,20.019,87.0895,,,,,,,Segment A: calibrated,23.493,37.578,7.0938,livestock manure compost|7.234|28.191|62.383
livestock manure compost,7.0938,30.097,59.063,1.0,23.844,59.063,7.0938,0.7112,440.2,340.637,0.29665,8.92827505,83.014,30.097,46.3335,,,,,,,Segment A: calibrated,23.844,59.063,7.0938,livestock manure compost|7.094|30.097|59.063
livestock manure compost,7.0938,30.097,59.063,4.0,45.779,61.406,7.7969,0.99472,1853.3,361.8701,0.31641,9.2644848,78.343,29.28,42.6241,,,,,,,Segment A: calibrated,45.779,61.406,7.7969,livestock manure compost|7.094|30.097|59.063
livestock manure compost,7.0938,30.097,59.063,7.0,56.219,53.789,8.4531,1.0712,4471.0,391.4318,0.33993,8.74945827,78.479,25.739,43.1519,,,,,,,Segment A: calibrated,56.219,53.789,8.4531,livestock manure compost|7.094|30.097|59.063
livestock manure compost,7.0938,30.097,59.063,10.0,50.188,50.664,8.5938,1.27,2223.9,356.3431,0.29494,8.6358432,73.653,29.28,40.8443,,,,,,,Segment A: calibrated,50.188,50.664,8.5938,livestock manure compost|7.094|30.097|59.063
livestock manure compost,7.0938,30.097,59.063,13.0,50.163,44.414,8.1719,1.37473,903.5,357.8596,0.2649,7.5758751,66.502,28.599,55.3976,,,,,,,Segment A: calibrated,50.163,44.414,8.1719,livestock manure compost|7.094|30.097|59.063
livestock manure compost,7.0938,30.097,59.063,16.0,34.524,41.094,7.8203,1.34295,880.3,428.1493,0.25603,5.71843005,59.196,22.335,75.5718,,,,,,,Segment A: calibrated,34.524,41.094,7.8203,livestock manure compost|7.094|30.097|59.063
livestock manure compost,7.0938,30.097,59.063,19.0,30.038,38.555,7.2109,1.40999,718.1,262.1141,0.24342,4.07752842,55.456,16.751,90.3549,,,,,,,Segment A: calibrated,30.038,38.555,7.2109,livestock manure compost|7.094|30.097|59.063
livestock manure compost,7.0938,30.097,59.063,22.0,23.492,33.672,6.9063,1.42531,973.0,354.4825,0.20093,2.92795196,54.041,14.572,95.2546,,,,,,,Segment A: calibrated,23.492,33.672,6.9063,livestock manure compost|7.094|30.097|59.063
livestock manure compost,7.686,19.73577101,67.805,1.0,30.165,67.805,7.686,2.6778,2299.7,44.32,2.46,32.71627219,87.143,19.73577101,50.571,,,,,,,Segment A: calibrated,30.165,67.805,7.686,livestock manure compost|7.686|19.736|67.805
livestock manure compost,7.686,19.73577101,67.805,3.0,47.159,70.549,6.0235,4.1306,3464.5,8.21,2.5422,32.71627219,80.238,19.73577101,47.332,,,,,,,Segment A: calibrated,47.159,70.549,6.0235,livestock manure compost|7.686|19.736|67.805
livestock manure compost,7.686,19.73577101,67.805,5.0,52.945,68.262,5.1546,4.9223,6732.7,69.58,2.6297,32.71627219,76.19,19.73577101,45.772,,,,,,,Segment A: calibrated,52.945,68.262,5.1546,livestock manure compost|7.686|19.736|67.805
livestock manure compost,7.686,19.73577101,67.805,7.0,47.027,66.28,6.1686,4.4744,8386.6,104.34,2.5009,32.71627219,74.643,19.73577101,51.653,,,,,,,Segment A: calibrated,47.027,66.28,6.1686,livestock manure compost|7.686|19.736|67.805
livestock manure compost,7.686,19.73577101,67.805,9.0,43.747,64.756,7.1305,3.3653,11459.5,108.1,2.4051,32.71627219,72.143,19.73577101,62.399,,,,,,,Segment A: calibrated,43.747,64.756,7.1305,livestock manure compost|7.686|19.736|67.805
livestock manure compost,7.686,19.73577101,67.805,11.0,37.665,62.774,7.5743,3.0826,13407.0,196.04,2.4001,32.71627219,70.238,19.73577101,71.285,,,,,,,Segment A: calibrated,37.665,62.774,7.5743,livestock manure compost|7.686|19.736|67.805
livestock manure compost,7.686,19.73577101,67.805,13.0,37.681,60.488,7.7454,2.0066,13299.2,339.37,2.3863,32.71627219,69.405,19.73577101,84.601,,,,,,,Segment A: calibrated,37.681,60.488,7.7454,livestock manure compost|7.686|19.736|67.805
livestock manure compost,7.686,19.73577101,67.805,15.0,35.061,58.506,7.8917,2.0876,12066.0,480.5,2.2866,32.71627219,68.69,19.73577101,83.225,,,,,,,Segment A: calibrated,35.061,58.506,7.8917,livestock manure compost|7.686|19.736|67.805
livestock manure compost,7.686,19.73577101,67.805,17.0,34.252,57.591,7.8148,1.9537,11958.2,566.23,2.2388,32.71627219,67.976,19.73577101,84.515,,,,,,,Segment A: calibrated,34.252,57.591,7.8148,livestock manure compost|7.686|19.736|67.805
livestock manure compost,7.686,19.73577101,67.805,19.0,35.093,56.524,8.0851,3.1586,12291.0,658.59,2.2,32.71627219,68.095,19.73577101,89.692,,,,,,,Segment A: calibrated,35.093,56.524,8.0851,livestock manure compost|7.686|19.736|67.805
livestock manure compost,7.686,19.73577101,67.805,21.0,34.45,55.762,7.9586,2.843,11449.5,638.02,2.1771,32.71627219,66.19,19.73577101,97.714,,,,,,,Segment A: calibrated,34.45,55.762,7.9586,livestock manure compost|7.686|19.736|67.805
sludge waste composting,6.2436,23.4545,64.8892,0.0,27.127,64.8892,6.2436,2.26279,494.97,400.4,1.8111,42.47844495,68.6895,23.4545,60.774,,,,,,,Segment A: calibrated,27.127,64.8892,6.2436,sludge waste composting|6.244|23.454|64.889
sludge waste composting,6.2436,23.4545,64.8892,4.0,50.686,58.1953,8.0527,2.91739,1269.16,624.85,1.8141,36.22993533,60.7333,19.9713,58.75,,,,,,,Segment A: calibrated,50.686,58.1953,8.0527,sludge waste composting|6.244|23.454|64.889
sludge waste composting,6.2436,23.4545,64.8892,9.0,33.562,54.08775,8.6699,2.64903,930.47,803.77,1.8448,33.25934576,57.6838,18.0287,68.2,,,,,,,Segment A: calibrated,33.562,54.08775,8.6699,sludge waste composting|6.244|23.454|64.889
sludge waste composting,6.2436,23.4545,64.8892,15.0,27.348,50.6679,8.4028,2.32317,779.53,1269.08,1.9354,32.5592342,55.8743,16.823,80.197,,,,,,,Segment A: calibrated,27.348,50.6679,8.4028,sludge waste composting|6.244|23.454|64.889
sludge waste composting,6.2436,23.4545,64.8892,21.0,23.945,49.3773,8.5716,2.21527,609.4,1522.71,1.9611,31.67784441,54.9445,16.1531,88.731,,,,,,,Segment A: calibrated,23.945,49.3773,8.5716,sludge waste composting|6.244|23.454|64.889
sludge waste composting,6.2436,23.4545,64.8892,27.0,21.319,48.4825,8.3041,2.11999,477.66,1684.77,1.9211,30.06655977,54.097,15.6507,91.071,,,,,,,Segment A: calibrated,21.319,48.4825,8.3041,sludge waste composting|6.244|23.454|64.889
sludge waste composting,6.2436,23.4545,64.8892,32.0,19.158,47.2609,8.2298,1.98664,434.38,1777.89,1.9285,29.5365203,52.7924,15.3158,87.401,,,,,,,Segment A: calibrated,19.158,47.2609,8.2298,sludge waste composting|6.244|23.454|64.889
sludge waste composting,6.4231,23.4545,64.037,0.0,27.127,64.037,6.4231,2.17307,494.97,400.4,1.8122,42.5042449,68.5438,23.4545,59.864,,,,,,,Segment A: calibrated,27.127,64.037,6.4231,sludge waste composting|6.423|23.454|64.037
sludge waste composting,6.4231,23.4545,64.037,4.0,56.608,55.9498,8.2194,3.28919,1461.0,607.65,1.8008,35.24057552,57.9452,19.5694,53.647,,,,,,,Segment A: calibrated,56.608,55.9498,8.2194,sludge waste composting|6.423|23.454|64.037
sludge waste composting,6.4231,23.4545,64.037,9.0,36.992,50.17725,8.6891,2.604165,972.63,712.22,1.9259,31.8832745,55.2995,16.555,76.947,,,,,,,Segment A: calibrated,36.992,50.17725,8.6891,sludge waste composting|6.423|23.454|64.037
sludge waste composting,6.4231,23.4545,64.037,15.0,29.843,46.2543,8.3003,1.91294,714.28,1400.59,1.9182,29.44302726,52.4258,15.3493,88.033,,,,,,,Segment A: calibrated,29.843,46.2543,8.3003,sludge waste composting|6.423|23.454|64.037
sludge waste composting,6.4231,23.4545,64.037,21.0,27.375,45.3505,8.469,1.80501,521.2,1814.43,1.9534,29.06737336,51.4232,14.8804,81.989,,,,,,,Segment A: calibrated,27.375,45.3505,8.469,sludge waste composting|6.423|23.454|64.037
sludge waste composting,6.4231,23.4545,64.037,27.0,23.657,44.3004,8.3041,1.7482,404.79,1987.97,1.9106,27.91845144,50.2811,14.6124,94.715,,,,,,,Segment A: calibrated,23.657,44.3004,8.3041,sludge waste composting|6.423|23.454|64.037
sludge waste composting,6.4231,23.4545,64.037,32.0,21.652,42.8459,8.063,1.65973,376.89,2029.59,1.8872,27.1973828,48.4619,14.4115,101.068,,,,,,,Segment A: calibrated,21.652,42.8459,8.063,sludge waste composting|6.423|23.454|64.037
sludge waste composting,6.3076,23.4545,64.1145,0.0,27.127,64.1145,6.3076,2.07692,494.97,400.4,1.812,42.499554,68.5438,23.4545,59.864,,,,,,,Segment A: calibrated,27.127,64.1145,6.3076,sludge waste composting|6.308|23.454|64.115
sludge waste composting,6.3076,23.4545,64.1145,4.0,46.632,52.7755,8.322,2.48788,1180.92,670.6,1.7899,36.22614408,60.9524,20.2392,63.487,,,,,,,Segment A: calibrated,46.632,52.7755,8.322,sludge waste composting|6.308|23.454|64.115
sludge waste composting,6.3076,23.4545,64.1145,9.0,31.535,46.6536,8.75965,2.350975,861.37,900.96,1.8483,33.44628231,58.12355,18.0957,81.503,,,,,,,Segment A: calibrated,31.535,46.6536,8.75965,sludge waste composting|6.308|23.454|64.115
sludge waste composting,6.3076,23.4545,64.1145,15.0,24.386,42.9244,8.5951,2.21424,737.33,1297.62,1.9454,32.0105843,55.1396,16.4545,86.029,,,,,,,Segment A: calibrated,24.386,42.9244,8.5951,sludge waste composting|6.308|23.454|64.115
sludge waste composting,6.3076,23.4545,64.1145,21.0,22.228,41.8657,8.3153,2.17042,574.87,1579.88,1.9217,30.01157324,54.2852,15.6172,93.47,,,,,,,Segment A: calibrated,22.228,41.8657,8.3153,sludge waste composting|6.308|23.454|64.115
sludge waste composting,6.3076,23.4545,64.1145,27.0,17.578,40.739,8.1118,2.13282,431.69,1770.62,1.937,29.4720361,52.628,15.2153,105.285,,,,,,,Segment A: calibrated,17.578,40.739,8.1118,sludge waste composting|6.308|23.454|64.115
sludge waste composting,6.3076,23.4545,64.1145,32.0,16.508,39.8272,8.0887,2.05073,384.55,1840.8,1.939,29.2426407,50.8119,15.0813,94.326,,,,,,,Segment A: calibrated,16.508,39.8272,8.0887,sludge waste composting|6.308|23.454|64.115
sludge waste composting,6.5,24.1514,66.4665,0.0,22.765,66.4665,6.5,2.01602,528.74,49.778,1.7792,42.97017088,66.4828,24.1514,55.792,,,,,,,Segment A: calibrated,22.765,66.4665,6.5,sludge waste composting|6.5|24.151|66.466
sludge waste composting,6.5,24.1514,66.4665,4.0,56.538,54.9136,8.0674,3.22426,1472.3,65.699,1.7027,35.79790534,58.062,21.0242,52.407,,,,,,,Segment A: calibrated,56.538,54.9136,8.0674,sludge waste composting|6.5|24.151|66.466
sludge waste composting,6.5,24.1514,66.4665,9.0,33.795,49.489,8.0794,2.52403,965.43,90.934,1.8174,33.51430992,54.6743,18.4408,69.768,,,,,,,Segment A: calibrated,33.795,49.489,8.0794,sludge waste composting|6.5|24.151|66.466
sludge waste composting,6.5,24.1514,66.4665,15.0,30.571,46.5205,8.4348,2.16018,710.93,137.514,1.8543,31.98686043,51.7656,17.2501,82.955,,,,,,,Segment A: calibrated,30.571,46.5205,8.4348,sludge waste composting|6.5|24.151|66.466
sludge waste composting,6.5,24.1514,66.4665,21.0,27.489,45.3667,8.2271,2.08467,503.21,175.342,1.8547,30.40298428,50.6552,16.3924,94.046,,,,,,,Segment A: calibrated,27.489,45.3667,8.2271,sludge waste composting|6.5|24.151|66.466
sludge waste composting,6.5,24.1514,66.4665,27.0,27.975,44.1423,8.1703,2.01602,435.34,194.571,1.8485,29.6687947,50.0948,16.0502,92.203,,,,,,,Segment A: calibrated,27.975,44.1423,8.1703,sludge waste composting|6.5|24.151|66.466
sludge waste composting,6.5,24.1514,66.4665,32.0,28.463,43.3738,8.3605,1.94737,395.0,202.845,1.8453,29.15574,49.3929,15.8,89.778,,,,,,,Segment A: calibrated,28.463,43.3738,8.3605,sludge waste composting|6.5|24.151|66.466
sludge waste composting,6.5,24.1514,66.4665,39.0,27.875,42.6051,8.1104,1.93364,381.31,210.053,1.8434,28.60348478,48.8983,15.5167,97.075,,,,,,,Segment A: calibrated,27.875,42.6051,8.1104,sludge waste composting|6.5|24.151|66.466
sludge waste composting,6.3899,24.1514,66.4665,0.0,22.765,66.4665,6.3899,2.03661,528.74,49.782,1.7804,42.99915256,66.4828,24.1514,55.792,,,,,,,Segment A: calibrated,22.765,66.4665,6.3899,sludge waste composting|6.39|24.151|66.466
sludge waste composting,6.3899,24.1514,66.4665,4.0,57.468,54.8464,7.9298,3.4508,1686.08,63.51,1.7537,35.5948489,57.5795,20.297,66.868,,,,,,,Segment A: calibrated,57.468,54.8464,7.9298,sludge waste composting|6.39|24.151|66.466
sludge waste composting,6.3899,24.1514,66.4665,9.0,39.835,48.0885,8.5611,2.79176,1222.02,74.521,1.8269,32.52722374,52.3981,17.8046,75.477,,,,,,,Segment A: calibrated,39.835,48.0885,8.5611,sludge waste composting|6.39|24.151|66.466
sludge waste composting,6.3899,24.1514,66.4665,15.0,33.978,44.7206,8.4623,2.2357,742.05,129.856,1.8433,30.45647724,50.5934,16.5228,94.371,,,,,,,Segment A: calibrated,33.978,44.7206,8.4623,sludge waste composting|6.39|24.151|66.466
sludge waste composting,6.3899,24.1514,66.4665,21.0,31.98,43.5001,8.1858,2.01602,499.28,186.281,1.8466,29.0396316,49.4136,15.726,86.247,,,,,,,Segment A: calibrated,31.98,43.5001,8.1858,sludge waste composting|6.39|24.151|66.466
sludge waste composting,6.3899,24.1514,66.4665,27.0,30.914,42.3416,8.0464,1.94737,431.45,218.64,1.8602,28.27838836,48.6463,15.2018,99.241,,,,,,,Segment A: calibrated,30.914,42.3416,8.0464,sludge waste composting|6.39|24.151|66.466
sludge waste composting,6.3899,24.1514,66.4665,32.0,31.713,41.8403,7.9614,1.89245,379.39,226.365,1.8382,27.42833366,48.0135,14.9213,118.128,,,,,,,Segment A: calibrated,31.713,41.8403,7.9614,sludge waste composting|6.39|24.151|66.466
sludge waste composting,6.3899,24.1514,66.4665,39.0,30.504,41.1384,7.904,1.83753,357.97,228.106,1.836,27.0982584,47.7259,14.7594,105.636,,,,,,,Segment A: calibrated,30.504,41.1384,7.904,sludge waste composting|6.39|24.151|66.466
sludge waste composting,6.3899,24.1514,66.4665,0.0,22.765,66.4665,6.3899,2.0778,528.74,49.782,1.7804,42.99915256,66.4828,24.1514,55.792,,,,,,,Segment A: calibrated,22.765,66.4665,6.3899,sludge waste composting|6.39|24.151|66.466
sludge waste composting,6.3899,24.1514,66.4665,4.0,44.623,56.0469,7.7922,3.08009,1378.94,64.605,1.7118,35.72971668,57.9929,20.8726,75.24,,,,,,,Segment A: calibrated,44.623,56.0469,7.7922,sludge waste composting|6.39|24.151|66.466
sludge waste composting,6.3899,24.1514,66.4665,9.0,33.948,50.5556,8.0519,2.92906,899.36,102.42,1.8239,33.57909334,55.0188,18.4106,82.137,,,,,,,Segment A: calibrated,33.948,50.5556,8.0519,sludge waste composting|6.39|24.151|66.466
sludge waste composting,6.3899,24.1514,66.4665,15.0,29.797,47.4534,8.2559,2.65446,675.96,138.062,1.8374,32.3079229,52.7311,17.5835,86.759,,,,,,,Segment A: calibrated,29.797,47.4534,8.2559,sludge waste composting|6.39|24.151|66.466
sludge waste composting,6.3899,24.1514,66.4665,21.0,28.727,46.3669,8.3784,2.52403,518.76,164.401,1.8542,31.18152514,51.8963,16.8167,95.57,,,,,,,Segment A: calibrated,28.727,46.3669,8.3784,sludge waste composting|6.39|24.151|66.466
sludge waste composting,6.3899,24.1514,66.4665,27.0,27.818,45.3418,8.129,2.42105,454.81,183.081,1.8579,30.43909044,51.681,16.3836,90.49,,,,,,,Segment A: calibrated,27.818,45.3418,8.129,sludge waste composting|6.39|24.151|66.466
sludge waste composting,6.3899,24.1514,66.4665,32.0,28.773,44.7071,8.0165,2.34554,402.78,191.358,1.8574,30.13501482,50.9793,16.2243,103.286,,,,,,,Segment A: calibrated,28.773,44.7071,8.0165,sludge waste composting|6.39|24.151|66.466
sludge waste composting,6.3899,24.1514,66.4665,39.0,28.646,44.672,7.9315,2.29062,389.11,198.563,1.8659,29.85719885,50.5533,16.0015,99.168,,,,,,,Segment A: calibrated,28.646,44.672,7.9315,sludge waste composting|6.39|24.151|66.466
sludge waste composting,6.3541,25.3008,65.8464,0.0,15.453,65.8464,6.3541,2.5391,478.6,40.304,1.909,48.2992272,71.2157,25.3008,51.92,,,,,,,Segment A: calibrated,15.453,65.8464,6.3541,sludge waste composting|6.354|25.301|65.846
sludge waste composting,6.3541,25.3008,65.8464,4.0,59.942,53.9921,8.3609,3.38415,1878.32,54.663,1.8755,37.3209496,63.2262,19.8992,69.354,,,,,,,Segment A: calibrated,59.942,53.9921,8.3609,sludge waste composting|6.354|25.301|65.846
sludge waste composting,6.3541,25.3008,65.8464,9.0,48.173,46.2136,8.5544,2.54243,1623.11,64.294,1.937,33.3714108,57.2054,17.2284,85.794,,,,,,,Segment A: calibrated,48.173,46.2136,8.5544,sludge waste composting|6.354|25.301|65.846
sludge waste composting,6.3541,25.3008,65.8464,15.0,31.617,42.5078,8.3051,2.05661,889.11,151.631,1.981,29.4172557,53.0108,14.8497,102.447,,,,,,,Segment A: calibrated,31.617,42.5078,8.3051,sludge waste composting|6.354|25.301|65.846
sludge waste composting,6.3541,25.3008,65.8464,21.0,27.27,41.1154,8.4979,1.74734,547.22,194.496,1.975,28.9327625,51.7885,14.6495,97.086,,,,,,,Segment A: calibrated,27.27,41.1154,8.4979,sludge waste composting|6.354|25.301|65.846
sludge waste composting,6.3541,25.3008,65.8464,27.0,24.767,40.1826,8.3108,1.68262,398.8,224.312,1.9912,28.57790152,51.2239,14.3521,120.61,,,,,,,Segment A: calibrated,24.767,40.1826,8.3108,sludge waste composting|6.354|25.301|65.846
sludge waste composting,6.3541,25.3008,65.8464,32.0,23.519,39.0922,8.2138,1.61861,372.73,237.51,1.9156,27.67160824,50.159,14.4454,127.15,,,,,,,Segment A: calibrated,23.519,39.0922,8.2138,sludge waste composting|6.354|25.301|65.846
sludge waste composting,6.3541,25.3008,65.8464,39.0,22.255,38.3095,8.1929,1.60638,351.43,242.46,1.9339,27.61087047,49.6016,14.2773,117.962,,,,,,,Segment A: calibrated,22.255,38.3095,8.1929,sludge waste composting|6.354|25.301|65.846
sludge waste composting,6.2907,25.3008,65.0002,0.0,15.453,65.0002,6.2907,2.5391,478.6,40.314,1.9046,48.18790368,70.7071,25.3008,51.92,,,,,,,Segment A: calibrated,15.453,65.0002,6.2907,sludge waste composting|6.291|25.301|65.0
sludge waste composting,6.2907,25.3008,65.0002,4.0,37.382,59.5307,6.8513,2.97715,951.65,82.524,1.8091,42.00078924,67.1561,23.2164,58.244,,,,,,,Segment A: calibrated,37.382,59.5307,6.8513,sludge waste composting|6.291|25.301|65.0
sludge waste composting,6.2907,25.3008,65.0002,9.0,22.992,56.675,7.9708,2.81619,793.14,101.642,1.804,40.6426768,63.7542,22.5292,68.016,,,,,,,Segment A: calibrated,22.992,56.675,7.9708,sludge waste composting|6.291|25.301|65.0
sludge waste composting,6.2907,25.3008,65.0002,15.0,15.7,54.4306,8.0387,2.693,705.83,110.718,1.8177,40.46981811,62.8338,22.2643,64.063,,,,,,,Segment A: calibrated,15.7,54.4306,8.0387,sludge waste composting|6.291|25.301|65.0
sludge waste composting,6.2907,25.3008,65.0002,21.0,13.054,53.8079,8.2696,2.56126,684.71,117.419,1.8164,40.4321558,62.6305,22.2595,72.641,,,,,,,Segment A: calibrated,13.054,53.8079,8.2696,sludge waste composting|6.291|25.301|65.0
sludge waste composting,6.2907,25.3008,65.0002,27.0,12.255,53.1058,8.2982,2.39295,678.84,119.373,1.8144,40.2016608,62.8669,22.157,68.688,,,,,,,Segment A: calibrated,12.255,53.1058,8.2982,sludge waste composting|6.291|25.301|65.0
sludge waste composting,6.2907,25.3008,65.0002,32.0,12.083,52.0152,8.3026,2.43253,678.2,118.336,1.8131,39.98828312,62.6013,22.0552,75.435,,,,,,,Segment A: calibrated,12.083,52.0152,8.3026,sludge waste composting|6.291|25.301|65.0
sludge waste composting,6.2907,25.3008,65.0002,39.0,11.284,51.5406,8.4084,2.36856,692.6,119.138,1.8118,39.9492841,62.7001,22.0495,78.569,,,,,,,Segment A: calibrated,11.284,51.5406,8.4084,sludge waste composting|6.291|25.301|65.0
sludge waste composting,6.3667,25.3008,65.6926,0.0,15.453,65.6926,6.3667,2.5391,478.6,40.314,1.9039,48.17019312,70.7071,25.3008,51.92,,,,,,,Segment A: calibrated,15.453,65.6926,6.3667,sludge waste composting|6.367|25.301|65.693
sludge waste composting,6.3667,25.3008,65.6926,4.0,48.972,60.2231,7.6885,3.31758,1160.39,62.364,1.8237,40.44164172,65.3372,22.1756,64.102,,,,,,,Segment A: calibrated,48.972,60.2231,7.6885,sludge waste composting|6.367|25.301|65.693
sludge waste composting,6.3667,25.3008,65.6926,9.0,33.653,59.7519,7.9834,2.89761,991.72,98.688,1.7931,37.36497642,61.7166,20.8382,79.329,,,,,,,Segment A: calibrated,33.653,59.7519,7.9834,sludge waste composting|6.367|25.301|65.693
sludge waste composting,6.3667,25.3008,65.6926,15.0,20.645,58.5848,7.1253,3.21102,919.68,85.823,1.7849,36.08246746,58.6859,20.2154,72.145,,,,,,,Segment A: calibrated,20.645,58.5848,7.1253,sludge waste composting|6.367|25.301|65.693
sludge waste composting,6.3667,25.3008,65.6926,21.0,16.919,58.5003,7.1278,3.19019,837.43,75.324,1.8325,36.0229185,57.027,19.6578,76.882,,,,,,,Segment A: calibrated,16.919,58.5003,7.1278,sludge waste composting|6.367|25.301|65.693
sludge waste composting,6.3667,25.3008,65.6926,27.0,14.573,57.8751,6.6237,3.07371,836.68,70.76,1.8182,34.60925518,56.027,19.0349,73.136,,,,,,,Segment A: calibrated,14.573,57.8751,6.6237,sludge waste composting|6.367|25.301|65.693
sludge waste composting,6.3667,25.3008,65.6926,32.0,13.475,57.323,6.755,2.91352,830.96,72.095,1.8203,34.04980368,55.4709,18.7056,70.383,,,,,,,Segment A: calibrated,13.475,57.323,6.755,sludge waste composting|6.367|25.301|65.693
sludge waste composting,6.3667,25.3008,65.6926,39.0,13.138,57.6943,6.5184,2.88656,835.17,69.931,1.8185,34.3609212,54.8414,18.8952,67.658,,,,,,,Segment A: calibrated,13.138,57.6943,6.5184,sludge waste composting|6.367|25.301|65.693
sludge waste composting,6.5217,30.0,54.586,1.0,46.772,54.586,6.5217,4.3,358.2,129.68,1.186366667,35.591,61.358884,30.0,0.582,,,,,,,Segment A: calibrated,46.772,54.586,6.5217,sludge waste composting|6.522|30.0|54.586
sludge waste composting,6.5217,30.0,54.586,3.0,59.697,62.574,7.2867,2.9,339.6,169.54,0.882566667,26.477,45.646348,30.0,22.014,,,,,,,Segment A: calibrated,59.697,62.574,7.2867,sludge waste composting|6.522|30.0|54.586
sludge waste composting,6.5217,30.0,54.586,7.0,52.406,41.539,7.2504,2.5667,339.6,164.75,0.7516,22.548,38.872752,30.0,17.959,,,,,,,Segment A: calibrated,52.406,41.539,7.2504,sludge waste composting|6.522|30.0|54.586
sludge waste composting,6.5217,30.0,54.586,14.0,50.749,27.81,7.3655,3.2333,414.2,165.01,0.750350732,20.859,35.960916,27.799,31.693,,,,,,,Segment A: calibrated,50.749,27.81,7.3655,sludge waste composting|6.522|30.0|54.586
sludge waste composting,6.5217,30.0,54.586,21.0,26.722,24.601,7.7476,3.05,153.0,165.28,0.606299213,20.713,35.709212,34.163,70.507,,,,,,,Segment A: calibrated,26.722,24.601,7.7476,sludge waste composting|6.522|30.0|54.586
sludge waste composting,6.5217,30.0,54.586,35.0,24.568,26.17,7.783,3.0,41.0,230.44,0.96985457,20.14,34.72136,20.766,88.268,,,,,,,Segment A: calibrated,24.568,26.17,7.783,sludge waste composting|6.522|30.0|54.586
sludge waste composting,6.5217,30.0,54.586,49.0,29.207,34.752,7.4718,3.3,59.7,598.95,0.738248354,19.286,33.249064,26.124,82.165,,,,,,,Segment A: calibrated,29.207,34.752,7.4718,sludge waste composting|6.522|30.0|54.586
sludge waste composting,6.5217,30.0,54.586,63.0,22.082,37.684,7.7958,2.9333,41.0,992.3,0.726423544,17.031,29.361444,23.445,113.681,,,,,,,Segment A: calibrated,22.082,37.684,7.7958,sludge waste composting|6.522|30.0|54.586
sludge waste composting,6.5217,30.0,54.586,84.0,16.945,38.48,7.3399,2.55,59.7,1564.92,0.682481922,14.629,25.220396,21.435,97.852,,,,,,,Segment A: calibrated,16.945,38.48,7.3399,sludge waste composting|6.522|30.0|54.586
sludge waste composting,6.5217,30.0,54.586,120.0,10.317,45.13,6.8543,2.2,3.7,1730.4,0.672300152,11.934,20.574216,17.751,138.612,,,,,,,Segment A: calibrated,10.317,45.13,6.8543,sludge waste composting|6.522|30.0|54.586
sludge waste composting,6.89037,23.892,60.793,1.0,21.115,60.793,6.89037,0.83716,519.56,15.2,1.8328,43.424,75.4926801,23.892,50.157,,,,,,,Segment A: calibrated,21.115,60.793,6.89037,sludge waste composting|6.89|23.892|60.793
sludge waste composting,6.89037,23.892,60.793,5.0,56.334,59.984,6.38475,1.20935,565.65,15.943,1.84333,42.515,74.46139646,23.431,52.932,,,,,,,Segment A: calibrated,56.334,59.984,6.38475,sludge waste composting|6.89|23.892|60.793
sludge waste composting,6.89037,23.892,60.793,9.0,56.487,55.461,6.648,1.28437,649.24,19.08,1.98251,34.962,62.71749685,18.35,46.866,,,,,,,Segment A: calibrated,56.487,55.461,6.648,sludge waste composting|6.89|23.892|60.793
sludge waste composting,6.89037,23.892,60.793,13.0,33.264,54.122,6.74144,1.35232,464.97,23.125,2.17395,31.224,56.39449782,15.047,69.734,,,,,,,Segment A: calibrated,33.264,54.122,6.74144,sludge waste composting|6.89|23.892|60.793
sludge waste composting,6.89037,23.892,60.793,17.0,25.236,53.314,6.84432,1.22215,318.2,27.913,2.24478,29.658,53.35182993,13.786,86.174,,,,,,,Segment A: calibrated,25.236,53.314,6.84432,sludge waste composting|6.89|23.892|60.793
sludge waste composting,6.89037,23.892,60.793,21.0,23.7,52.771,6.91417,1.16509,292.87,28.903,2.26336,26.645,49.56752063,12.703,88.748,,,,,,,Segment A: calibrated,23.7,52.771,6.91417,sludge waste composting|6.89|23.892|60.793
sludge waste composting,6.51301,34.463,49.584,1.0,21.246,49.584,6.51301,0.85839,453.49,14.21,1.22174,41.187,72.58871937,34.463,45.133,,,,,,,Segment A: calibrated,21.246,49.584,6.51301,sludge waste composting|6.513|34.463|49.584
sludge waste composting,6.51301,34.463,49.584,5.0,58.282,48.178,6.59702,1.29662,467.43,15.118,1.21619,41.002,72.03671907,34.357,44.09,,,,,,,Segment A: calibrated,58.282,48.178,6.59702,sludge waste composting|6.513|34.463|49.584
sludge waste composting,6.51301,34.463,49.584,9.0,47.267,45.712,6.5678,1.24664,606.38,16.191,1.29507,34.896,61.59797906,27.589,53.295,,,,,,,Segment A: calibrated,47.267,45.712,6.5678,sludge waste composting|6.513|34.463|49.584
sludge waste composting,6.51301,34.463,49.584,13.0,28.979,44.837,6.74145,1.12826,447.11,19.163,1.38596,30.895,56.11733191,23.486,68.127,,,,,,,Segment A: calibrated,28.979,44.837,6.74145,sludge waste composting|6.513|34.463|49.584
sludge waste composting,6.51301,34.463,49.584,17.0,23.418,44.028,6.68865,1.17498,450.34,21.061,1.47292,28.737,51.92643362,20.449,82.757,,,,,,,Segment A: calibrated,23.418,44.028,6.68865,sludge waste composting|6.513|34.463|49.584
sludge waste composting,6.51301,34.463,49.584,21.0,24.09,43.087,6.76794,1.12263,421.43,22.795,1.45531,28.684,51.70704205,20.609,85.532,,,,,,,Segment A: calibrated,24.09,43.087,6.76794,sludge waste composting|6.513|34.463|49.584
sludge waste composting,6.71583,30.377,55.885,1.0,22.414,55.885,6.71583,0.83717,512.43,14.21,1.41069,42.569,73.87776194,30.377,56.186,,,,,,,Segment A: calibrated,22.414,55.885,6.71583,sludge waste composting|6.716|30.377|55.885
sludge waste composting,6.71583,30.377,55.885,5.0,56.594,54.744,6.87531,1.25417,528.15,15.2,1.41318,41.002,72.23452047,29.649,52.53,,,,,,,Segment A: calibrated,56.594,54.744,6.87531,sludge waste composting|6.716|30.377|55.885
sludge waste composting,6.71583,30.377,55.885,9.0,48.176,50.487,6.80837,1.38579,709.95,16.108,1.53223,32.199,58.09328692,21.992,43.047,,,,,,,Segment A: calibrated,48.176,50.487,6.80837,sludge waste composting|6.716|30.377|55.885
sludge waste composting,6.71583,30.377,55.885,13.0,32.226,48.617,6.8971,1.26977,456.04,21.061,1.63123,28.856,52.80825248,18.778,71.141,,,,,,,Segment A: calibrated,32.226,48.617,6.8971,sludge waste composting|6.716|30.377|55.885
sludge waste composting,6.71583,30.377,55.885,17.0,23.288,47.941,6.91034,1.31413,486.06,29.068,1.74224,26.369,49.41258157,16.451,89.388,,,,,,,Segment A: calibrated,23.288,47.941,6.91034,sludge waste composting|6.716|30.377|55.885
sludge waste composting,6.71583,30.377,55.885,21.0,23.571,47.597,6.99908,1.27829,410.73,34.186,1.78494,25.394,47.0170974,15.279,90.556,,,,,,,Segment A: calibrated,23.571,47.597,6.99908,sludge waste composting|6.716|30.377|55.885
sludge waste composting,6.43753,34.907,60.594,1.0,22.154,60.594,6.43753,0.86311,217.77,14.375,1.12928,38.358,67.95969548,34.907,55.487,,,,,,,Segment A: calibrated,22.154,60.594,6.43753,sludge waste composting|6.438|34.907|60.594
sludge waste composting,6.43753,34.907,60.594,5.0,59.191,61.311,6.11587,0.98293,206.72,15.366,1.15185,37.647,66.46238543,33.469,49.434,,,,,,,Segment A: calibrated,59.191,61.311,6.11587,sludge waste composting|6.438|34.907|60.594
sludge waste composting,6.43753,34.907,60.594,9.0,50.124,56.125,6.25177,1.10513,304.6,18.172,1.12222,31.673,57.15705717,29.543,42.58,,,,,,,Segment A: calibrated,50.124,56.125,6.25177,sludge waste composting|6.438|34.907|60.594
sludge waste composting,6.43753,34.907,60.594,13.0,30.797,55.449,6.33578,1.15656,389.97,20.153,1.18095,29.514,53.96509745,26.506,65.796,,,,,,,Segment A: calibrated,30.797,55.449,6.33578,sludge waste composting|6.438|34.907|60.594
sludge waste composting,6.43753,34.907,60.594,17.0,23.287,54.044,6.47638,1.24337,332.49,20.979,1.23977,28.145,51.1107729,23.913,74.98,,,,,,,Segment A: calibrated,23.287,54.044,6.47638,sludge waste composting|6.438|34.907|60.594
sludge waste composting,6.43753,34.907,60.594,21.0,23.701,53.566,6.40945,1.27594,342.86,20.071,1.27438,26.908,49.76714893,22.652,74.942,,,,,,,Segment A: calibrated,23.701,53.566,6.40945,sludge waste composting|6.438|34.907|60.594
sludge waste composting,6.71585,29.222,50.977,1.0,23.323,50.977,6.71585,0.88669,317.78,15.035,1.43883,41.319,72.48642521,29.222,48.671,,,,,,,Segment A: calibrated,23.323,50.977,6.71585,sludge waste composting|6.716|29.222|50.977
sludge waste composting,6.71585,29.222,50.977,5.0,58.023,50.102,7.21023,1.38387,510.29,15.943,1.40916,40.015,70.08795458,28.85,46.628,,,,,,,Segment A: calibrated,58.023,50.102,7.21023,sludge waste composting|6.716|29.222|50.977
sludge waste composting,6.71585,29.222,50.977,9.0,52.072,48.232,7.11027,1.40701,679.6,15.2,1.56442,31.541,56.91875593,21.104,41.778,,,,,,,Segment A: calibrated,52.072,48.232,7.11027,sludge waste composting|6.716|29.222|50.977
sludge waste composting,6.71585,29.222,50.977,13.0,26.121,45.699,6.86408,1.16836,489.98,22.052,1.67143,28.001,50.78147317,17.623,65.597,,,,,,,Segment A: calibrated,26.121,45.699,6.86408,sludge waste composting|6.716|29.222|50.977
sludge waste composting,6.71585,29.222,50.977,17.0,25.496,44.89,6.7877,1.12073,280.71,31.132,1.74626,25.316,46.85322451,15.563,88.813,,,,,,,Segment A: calibrated,25.496,44.89,6.7877,sludge waste composting|6.716|29.222|50.977
sludge waste composting,6.71585,29.222,50.977,21.0,23.96,44.347,6.82456,1.15329,205.37,37.983,1.84124,23.092,44.27193086,13.947,95.39,,,,,,,Segment A: calibrated,23.96,44.347,6.82456,sludge waste composting|6.716|29.222|50.977
sludge waste composting,6.82433,25.491,54.624,1.0,21.375,54.624,6.82433,0.88669,403.5,17.182,1.7685,44.608,77.71935695,25.491,48.871,,,,,,,Segment A: calibrated,21.375,54.624,6.82433,sludge waste composting|6.824|25.491|54.624
sludge waste composting,6.82433,25.491,54.624,5.0,62.828,53.75,7.34229,1.33906,542.44,15.2,1.72675,42.976,75.30409243,25.296,51.839,,,,,,,Segment A: calibrated,62.828,53.75,7.34229,sludge waste composting|6.824|25.491|54.624
sludge waste composting,6.82433,25.491,54.624,9.0,55.189,49.757,7.05838,1.43531,743.88,19.163,2.04283,33.054,58.68088009,16.662,56.814,,,,,,,Segment A: calibrated,55.189,49.757,7.05838,sludge waste composting|6.824|25.491|54.624
sludge waste composting,6.82433,25.491,54.624,13.0,28.589,48.02,6.96314,1.35938,454.25,20.153,2.21817,28.067,50.74613981,13.27,64.794,,,,,,,Segment A: calibrated,28.589,48.02,6.96314,sludge waste composting|6.824|25.491|54.624
sludge waste composting,6.82433,25.491,54.624,17.0,25.236,46.814,7.10846,1.2646,241.42,34.104,2.26893,24.724,45.23806248,11.565,61.348,,,,,,,Segment A: calibrated,25.236,46.814,7.10846,sludge waste composting|6.824|25.491|54.624
sludge waste composting,6.82433,25.491,54.624,21.0,24.61,45.342,7.05097,1.20989,189.29,40.873,2.32766,22.236,42.42021621,10.571,66.722,,,,,,,Segment A: calibrated,24.61,45.342,7.05097,sludge waste composting|6.824|25.491|54.624
sludge waste composting,6.78186,29.488,58.936,1.0,19.428,58.936,6.78186,0.8584,207.07,17.017,1.39867,40.595,71.10462318,29.488,43.458,,,,,,,Segment A: calibrated,19.428,58.936,6.78186,sludge waste composting|6.782|29.488|58.936
sludge waste composting,6.78186,29.488,58.936,5.0,48.672,59.786,6.01683,1.04661,187.08,18.007,1.36894,38.568,67.87747168,28.761,51.238,,,,,,,Segment A: calibrated,48.672,59.786,6.01683,sludge waste composting|6.782|29.488|58.936
sludge waste composting,6.78186,29.488,58.936,9.0,52.851,58.048,6.14328,1.0721,268.87,15.118,1.37147,32.199,57.6704287,24.391,53.606,,,,,,,Segment A: calibrated,52.851,58.048,6.14328,sludge waste composting|6.782|29.488|58.936
sludge waste composting,6.78186,29.488,58.936,13.0,28.199,56.245,6.38766,1.06222,322.12,19.08,1.45028,31.093,56.49888862,22.597,68.803,,,,,,,Segment A: calibrated,28.199,56.245,6.38766,sludge waste composting|6.782|29.488|58.936
sludge waste composting,6.78186,29.488,58.936,17.0,24.976,54.508,6.52356,1.09479,293.2,17.182,1.34021,30.842,50.94238994,22.048,63.552,,,,,,,Segment A: calibrated,24.976,54.508,6.52356,sludge waste composting|6.782|29.488|58.936
sludge waste composting,6.78186,29.488,58.936,21.0,23.441,54.031,6.43302,1.20283,321.44,17.925,1.21412,29.802,47.41387252,22.652,68.326,,,,,,,Segment A: calibrated,23.441,54.031,6.43302,sludge waste composting|6.782|29.488|58.936
sludge waste composting,6.71111,23.27,49.915,1.0,21.765,49.915,6.71111,0.79706,303.49,16.274,1.83282,41.713,73.52811969,23.27,51.477,,,,,,,Segment A: calibrated,21.765,49.915,6.71111,sludge waste composting|6.711|23.27|49.915
sludge waste composting,6.71111,23.27,49.915,5.0,56.204,50.168,7.37531,1.20463,378.15,15.118,1.86344,37.252,66.71224025,20.766,45.826,,,,,,,Segment A: calibrated,56.204,50.168,7.37531,sludge waste composting|6.711|23.27|49.915
sludge waste composting,6.71111,23.27,49.915,9.0,43.89,48.298,7.12442,1.1971,433.16,14.953,1.84178,33.252,60.24043928,18.972,60.221,,,,,,,Segment A: calibrated,43.89,48.298,7.12442,sludge waste composting|6.711|23.27|49.915
sludge waste composting,6.71111,23.27,49.915,13.0,26.252,45.765,7.10464,1.23203,357.82,17.182,1.98902,31.093,56.16474539,16.379,60.383,,,,,,,Segment A: calibrated,26.252,45.765,7.10464,sludge waste composting|6.711|23.27|49.915
sludge waste composting,6.71111,23.27,49.915,17.0,25.366,44.824,6.99997,1.35422,280.7,16.108,2.09602,30.053,53.6682735,14.852,71.371,,,,,,,Segment A: calibrated,25.366,44.824,6.99997,sludge waste composting|6.711|23.27|49.915
sludge waste composting,6.71111,23.27,49.915,21.0,23.441,44.612,6.91887,1.34198,346.43,16.108,2.13871,29.473,53.38972986,14.48,77.948,,,,,,,Segment A: calibrated,23.441,44.612,6.91887,sludge waste composting|6.711|23.27|49.915
sludge waste composting,6.71112,33.486,54.956,1.0,20.207,54.956,6.71112,0.82065,167.77,15.035,1.16142,38.226,67.04861865,33.486,48.269,,,,,,,Segment A: calibrated,20.207,54.956,6.71112,sludge waste composting|6.711|33.486|54.956
sludge waste composting,6.71112,33.486,54.956,5.0,53.347,55.806,6.05455,1.00652,174.58,17.017,1.18401,36.463,64.14575457,31.425,51.439,,,,,,,Segment A: calibrated,53.347,55.806,6.05455,sludge waste composting|6.711|33.486|54.956
sludge waste composting,6.71112,33.486,54.956,9.0,30.124,54.4,6.18573,1.02258,220.67,16.274,1.0579,33.778,60.36113348,33.096,56.612,,,,,,,Segment A: calibrated,30.124,54.4,6.18573,sludge waste composting|6.711|33.486|54.956
sludge waste composting,6.71112,33.486,54.956,13.0,24.953,53.061,6.32162,1.05279,302.47,16.026,1.06841,32.343,57.65821151,31.303,64.593,,,,,,,Segment A: calibrated,24.953,53.061,6.32162,sludge waste composting|6.711|33.486|54.956
sludge waste composting,6.71112,33.486,54.956,17.0,25.626,51.921,6.42922,1.083,330.7,15.118,0.98646,30.843,55.32237351,32.53,60.746,,,,,,,Segment A: calibrated,25.626,51.921,6.42922,sludge waste composting|6.711|33.486|54.956
sludge waste composting,6.71112,33.486,54.956,21.0,24.221,50.582,6.38586,1.06131,342.86,14.953,0.96485,30.395,54.23021244,32.602,66.922,,,,,,,Segment A: calibrated,24.221,50.582,6.38586,sludge waste composting|6.711|33.486|54.956
sludge waste composting,6.85301,25.2447,55.3021,0.0,20.59,55.3021,6.85301,0.90011,448.82,13.082,2.20347,55.611,95.89911902,25.2447,51.79,,,,,,,Segment A: calibrated,20.59,55.3021,6.85301,sludge waste composting|6.853|25.245|55.302
sludge waste composting,6.85301,25.2447,55.3021,3.0,58.004,55.468,7.50988,1.41745,649.76,13.1,1.65047,51.099,87.94423369,30.9074,41.167,,,,,,,Segment A: calibrated,58.004,55.468,7.50988,sludge waste composting|6.853|25.245|55.302
sludge waste composting,6.85301,25.2447,55.3021,6.0,58.105,45.4325,7.17724,1.42347,644.08,12.072,1.95389,38.714,67.44221324,20.0214,27.557,,,,,,,Segment A: calibrated,58.105,45.4325,7.17724,sludge waste composting|6.853|25.245|55.302
sludge waste composting,6.85301,25.2447,55.3021,9.0,45.395,44.8104,7.10613,1.33515,443.13,21.306,2.31763,34.344,59.40849117,14.8685,63.214,,,,,,,Segment A: calibrated,45.395,44.8104,7.10613,sludge waste composting|6.853|25.245|55.302
sludge waste composting,6.85301,25.2447,55.3021,12.0,26.217,44.4372,7.0562,1.25814,240.28,36.336,2.52858,33.095,57.29565455,13.1434,93.751,,,,,,,Segment A: calibrated,26.217,44.4372,7.0562,sludge waste composting|6.853|25.245|55.302
sludge waste composting,6.85301,25.2447,55.3021,15.0,25.324,44.3128,7.00392,1.20754,191.0,37.304,2.64715,32.411,56.42679023,12.3643,96.776,,,,,,,Segment A: calibrated,25.324,44.3128,7.00392,sludge waste composting|6.853|25.245|55.302
sludge waste composting,6.8648,25.0675,55.5095,0.0,20.59,55.5095,6.8648,0.89822,418.48,12.131,2.24251,55.611,96.91314189,25.0675,50.937,,,,,,,Segment A: calibrated,20.59,55.5095,6.8648,sludge waste composting|6.865|25.068|55.51
sludge waste composting,6.8648,25.0675,55.5095,3.0,60.119,56.1315,7.63003,1.47217,683.89,12.054,1.62917,50.46,87.30697658,31.0846,38.394,,,,,,,Segment A: calibrated,60.119,56.1315,7.63003,sludge waste composting|6.865|25.068|55.51
sludge waste composting,6.8648,25.0675,55.5095,6.0,59.971,46.096,7.34216,1.49139,704.74,13.402,2.00715,35.807,61.30487621,17.7165,26.064,,,,,,,Segment A: calibrated,59.971,46.096,7.34216,sludge waste composting|6.865|25.068|55.51
sludge waste composting,6.8648,25.0675,55.5095,9.0,43.032,45.1836,7.0378,1.34834,490.52,24.062,2.28563,32.855,56.95885956,14.455,66.839,,,,,,,Segment A: calibrated,43.032,45.1836,7.0378,sludge waste composting|6.865|25.068|55.51
sludge waste composting,6.8648,25.0675,55.5095,12.0,28.208,44.9348,6.99023,1.20719,244.08,37.381,2.4753,31.179,53.8193855,12.6117,95.883,,,,,,,Segment A: calibrated,28.208,44.9348,6.99023,sludge waste composting|6.865|25.068|55.51
sludge waste composting,6.8648,25.0675,55.5095,15.0,24.826,44.6031,6.93325,1.17358,179.62,39.204,2.57254,30.709,53.52539607,12.0687,102.748,,,,,,,Segment A: calibrated,24.826,44.6031,6.93325,sludge waste composting|6.865|25.068|55.51
sludge waste composting,6.83415,24.9492,55.0948,0.0,20.59,55.0948,6.83415,0.89633,433.65,13.081,2.25675,55.611,97.06828064,24.9492,51.364,,,,,,,Segment A: calibrated,20.59,55.0948,6.83415,sludge waste composting|6.834|24.949|55.095
sludge waste composting,6.83415,24.9492,55.0948,3.0,60.118,54.1825,7.3379,1.33254,752.13,14.145,1.7287,53.226,91.93653451,30.8483,44.792,,,,,,,Segment A: calibrated,60.118,54.1825,7.3379,sludge waste composting|6.834|24.949|55.095
sludge waste composting,6.83415,24.9492,55.0948,6.0,60.22,44.3543,7.06651,1.43855,628.91,12.833,1.85436,40.913,70.80946573,22.1493,33.315,,,,,,,Segment A: calibrated,60.22,44.3543,7.06651,sludge waste composting|6.834|24.949|55.095
sludge waste composting,6.83415,24.9492,55.0948,9.0,33.206,43.2346,6.9789,1.36156,422.27,20.071,2.23942,36.897,63.79288311,16.5234,63.213,,,,,,,Segment A: calibrated,33.206,43.2346,6.9789,sludge waste composting|6.834|24.949|55.095
sludge waste composting,6.83415,24.9492,55.0948,12.0,25.098,42.8199,7.01144,1.26568,280.09,32.156,2.47173,33.803,58.27404334,13.6753,93.324,,,,,,,Segment A: calibrated,25.098,42.8199,7.01144,sludge waste composting|6.834|24.949|55.095
sludge waste composting,6.83415,24.9492,55.0948,15.0,23.831,42.032,7.06048,1.21321,230.81,35.119,2.4873,32.34,55.8066875,13.0143,96.99,,,,,,,Segment A: calibrated,23.831,42.032,7.06048,sludge waste composting|6.834|24.949|55.095
sludge waste composting,7.0327,8.844,61.869,0.0,17.09,61.869,7.0327,7.1621,5554.0949,5645.0226,3.6189,32.0055516,68.778,8.844,4.044,,,,,,,Segment A: calibrated,17.09,61.869,7.0327,sludge waste composting|7.033|8.844|61.869
sludge waste composting,7.0327,8.844,61.869,5.0,23.115,65.064,8.3647,7.8346,4831.2346,4253.8922,3.3257,32.99493484,63.258,9.9212,2.258,,,,,,,Segment A: calibrated,23.115,65.064,8.3647,sludge waste composting|7.033|8.844|61.869
sludge waste composting,7.0327,8.844,61.869,10.0,21.325,62.69,9.1681,6.5604,983.3837,3767.0438,2.3436,32.32785276,59.729,13.7941,26.201,,,,,,,Segment A: calibrated,21.325,62.69,9.1681,sludge waste composting|7.033|8.844|61.869
sludge waste composting,7.0327,8.844,61.869,15.0,22.797,64.158,8.9329,6.8025,816.2677,3719.3672,2.4524,31.59843828,60.633,12.8847,7.575,,,,,,,Segment A: calibrated,22.797,64.158,8.9329,sludge waste composting|7.033|8.844|61.869
sludge waste composting,7.0327,8.844,61.869,20.0,18.094,62.285,8.4699,3.766,1325.3161,619.0285,2.6951,30.53144035,57.738,11.3285,23.563,,,,,,,Segment A: calibrated,18.094,62.285,8.4699,sludge waste composting|7.033|8.844|61.869
sludge waste composting,7.0327,8.844,61.869,25.0,19.449,61.693,8.7358,3.9877,4567.5219,646.7103,2.8421,31.05647933,57.919,10.9273,86.331,,,,,,,Segment A: calibrated,19.449,61.693,8.7358,sludge waste composting|7.033|8.844|61.869
sludge waste composting,6.5316,8.3212,59.253,0.0,9.515,59.253,6.5316,8.0022,5478.7092,5771.8329,3.8295,33.6030966,67.692,8.3212,2.642,,,,,,,Segment A: calibrated,9.515,59.253,6.5316,sludge waste composting|6.532|8.321|59.253
sludge waste composting,6.5316,8.3212,59.253,5.0,22.182,63.449,6.1414,7.0969,5477.7609,3529.5202,4.0721,34.6617152,70.86,8.512,1.79,,,,,,,Segment A: calibrated,22.182,63.449,6.1414,sludge waste composting|6.532|8.321|59.253
sludge waste composting,6.5316,8.3212,59.253,10.0,21.558,55.396,8.339,6.8062,5304.0359,4048.8634,3.8651,34.02872691,68.416,8.8041,5.617,,,,,,,Segment A: calibrated,21.558,55.396,8.339,sludge waste composting|6.532|8.321|59.253
sludge waste composting,6.5316,8.3212,59.253,15.0,23.612,59.202,8.9602,6.5361,4385.5333,3641.0139,3.0935,32.2119968,69.231,10.4128,40.786,,,,,,,Segment A: calibrated,23.612,59.202,8.9602,sludge waste composting|6.532|8.321|59.253
sludge waste composting,6.5316,8.3212,59.253,20.0,19.957,59.167,8.4152,3.6635,4574.4518,560.2669,3.3745,35.10931035,60.0,10.4043,6.721,,,,,,,Segment A: calibrated,19.957,59.167,8.4152,sludge waste composting|6.532|8.321|59.253
sludge waste composting,6.5316,8.3212,59.253,25.0,18.284,61.136,8.8178,4.2131,6871.8708,1380.5863,3.4832,33.23390784,60.814,9.5412,161.175,,,,,,,Segment A: calibrated,18.284,61.136,8.8178,sludge waste composting|6.532|8.321|59.253
sludge waste composting,5.6478,10.7384,57.75,0.0,13.478,57.75,5.6478,8.658,5554.4655,5482.9643,3.5328,37.93661952,74.751,10.7384,8.255,,,,,,,Segment A: calibrated,13.478,57.75,5.6478,sludge waste composting|5.648|10.738|57.75
sludge waste composting,5.6478,10.7384,57.75,5.0,16.589,57.77,5.3396,9.105,1001.1099,5602.3963,3.1727,36.90072189,70.769,11.6307,20.97,,,,,,,Segment A: calibrated,16.589,57.77,5.3396,sludge waste composting|5.648|10.738|57.75
sludge waste composting,5.6478,10.7384,57.75,10.0,15.149,50.273,5.3139,10.8021,850.3643,6048.2334,3.0613,37.70205241,70.95,12.3157,28.07,,,,,,,Segment A: calibrated,15.149,50.273,5.3139,sludge waste composting|5.648|10.738|57.75
sludge waste composting,5.6478,10.7384,57.75,15.0,18.718,61.875,5.2518,9.9582,866.1584,3798.9982,2.95,35.078745,73.032,11.8911,33.77,,,,,,,Segment A: calibrated,18.718,61.875,5.2518,sludge waste composting|5.648|10.738|57.75
sludge waste composting,5.6478,10.7384,57.75,20.0,18.56,58.499,7.0667,7.5774,3616.5497,6017.5597,3.5564,39.54930184,61.991,11.1206,25.434,,,,,,,Segment A: calibrated,18.56,58.499,7.0667,sludge waste composting|5.648|10.738|57.75
sludge waste composting,5.6478,10.7384,57.75,25.0,25.275,58.853,8.5991,6.7335,5165.4949,357.9801,3.6364,37.38364656,63.348,10.2804,54.054,,,,,,,Segment A: calibrated,25.275,58.853,8.5991,sludge waste composting|5.648|10.738|57.75
sludge waste composting,7.1637,34.009,47.962,0.0,32.708,47.962,7.1637,1.716,865.93,277.3234,1.36632,46.236,79.561,34.009,26.009,,,,,,,Segment A: calibrated,32.708,47.962,7.1637,sludge waste composting|7.164|34.009|47.962
sludge waste composting,7.1637,34.009,47.962,3.0,39.242,46.549,7.0879,2.4514,828.91,294.5084,0.97788,31.829,54.868,32.912,47.534,,,,,,,Segment A: calibrated,39.242,46.549,7.0879,sludge waste composting|7.164|34.009|47.962
sludge waste composting,7.1637,34.009,47.962,7.0,52.309,45.755,7.5453,1.3226,1004.88,57.1905,1.0627,31.548,54.295,29.866,37.668,,,,,,,Segment A: calibrated,52.309,45.755,7.5453,sludge waste composting|7.164|34.009|47.962
sludge waste composting,7.1637,34.009,47.962,14.0,35.684,44.031,7.1788,1.6338,1087.35,107.7176,1.24444,31.516,51.722,25.568,38.117,,,,,,,Segment A: calibrated,35.684,44.031,7.1788,sludge waste composting|7.164|34.009|47.962
sludge waste composting,7.1637,34.009,47.962,21.0,33.311,44.167,7.3211,1.8667,1424.34,240.9453,1.40906,29.86,49.911,21.268,40.807,,,,,,,Segment A: calibrated,33.311,44.167,7.3211,sludge waste composting|7.164|34.009|47.962
sludge waste composting,7.1637,34.009,47.962,27.0,25.619,42.753,7.1485,1.3295,1086.04,123.8251,1.72195,28.704,50.132,16.83,50.224,,,,,,,Segment A: calibrated,25.619,42.753,7.1485,sludge waste composting|7.164|34.009|47.962
sludge waste composting,7.1637,34.009,47.962,34.0,23.004,40.874,8.2843,1.5402,1049.04,326.4794,1.63003,28.547,46.795,17.822,66.816,,,,,,,Segment A: calibrated,23.004,40.874,8.2843,sludge waste composting|7.164|34.009|47.962
sludge waste composting,7.1637,34.009,47.962,40.0,17.969,37.601,8.5235,1.5389,638.0,717.2207,1.42973,26.515,45.525,19.093,86.099,,,,,,,Segment A: calibrated,17.969,37.601,8.5235,sludge waste composting|7.164|34.009|47.962
sludge waste composting,7.0669,34.148,51.526,0.0,32.224,51.526,7.0669,1.6826,897.1,252.2521,1.30931,45.109,78.291,34.148,22.422,,,,,,,Segment A: calibrated,32.224,51.526,7.0669,sludge waste composting|7.067|34.148|51.526
sludge waste composting,7.0669,34.148,51.526,3.0,38.276,49.183,7.3787,1.8375,912.02,177.1297,0.92087,31.579,53.343,34.304,40.359,,,,,,,Segment A: calibrated,38.276,49.183,7.3787,sludge waste composting|7.067|34.148|51.526
sludge waste composting,7.0669,34.148,51.526,7.0,54.0,47.924,7.5453,1.6016,952.96,195.6567,1.01708,30.923,53.311,30.562,30.942,,,,,,,Segment A: calibrated,54.0,47.924,7.5453,sludge waste composting|7.067|34.148|51.526
sludge waste composting,7.0669,34.148,51.526,14.0,38.1,47.749,7.4696,1.4663,1050.96,89.012,1.29575,29.767,51.245,22.782,37.22,,,,,,,Segment A: calibrated,38.1,47.749,7.4696,sludge waste composting|7.067|34.148|51.526
sludge waste composting,7.0669,34.148,51.526,21.0,33.795,46.491,7.4665,1.9226,1336.04,245.3573,1.37486,29.235,50.705,21.825,43.946,,,,,,,Segment A: calibrated,33.795,46.491,7.4665,sludge waste composting|7.067|34.148|51.526
sludge waste composting,7.0669,34.148,51.526,27.0,26.343,44.457,7.0759,1.0393,1086.02,189.3612,1.5509,28.203,48.893,18.501,58.744,,,,,,,Segment A: calibrated,26.343,44.457,7.0759,sludge waste composting|7.067|34.148|51.526
sludge waste composting,7.0669,34.148,51.526,34.0,22.763,42.423,8.2116,1.6519,981.49,415.7573,1.64712,27.798,48.607,17.404,71.749,,,,,,,Segment A: calibrated,22.763,42.423,8.2116,sludge waste composting|7.067|34.148|51.526
sludge waste composting,7.0669,34.148,51.526,40.0,20.866,39.461,8.5235,1.1482,773.06,682.5066,1.40694,25.641,45.525,19.093,86.996,,,,,,,Segment A: calibrated,20.866,39.461,8.5235,sludge waste composting|7.067|34.148|51.526
sludge waste composting,6.873,38.743,59.428,0.0,32.224,59.428,6.873,1.5151,980.2,237.3189,1.18386,44.736,77.781,38.743,30.493,,,,,,,Segment A: calibrated,32.224,59.428,6.873,sludge waste composting|6.873|38.743|59.428
sludge waste composting,6.873,38.743,59.428,3.0,39.242,57.549,7.3787,1.8375,1005.52,207.147,1.01209,32.579,55.631,31.937,42.152,,,,,,,Segment A: calibrated,39.242,57.549,7.3787,sludge waste composting|6.873|38.743|59.428
sludge waste composting,6.873,38.743,59.428,7.0,53.275,55.36,7.5695,1.5123,1020.48,218.4381,1.0684,31.797,54.836,30.145,21.525,,,,,,,Segment A: calibrated,53.275,55.36,7.5695,sludge waste composting|6.873|38.743|59.428
sludge waste composting,6.873,38.743,59.428,14.0,37.618,49.608,7.3969,1.6672,1045.79,250.358,1.35276,28.391,48.956,20.972,45.291,,,,,,,Segment A: calibrated,37.618,49.608,7.3969,sludge waste composting|6.873|38.743|59.428
sludge waste composting,6.873,38.743,59.428,21.0,30.896,48.66,7.1031,1.8667,1424.36,317.6327,1.28933,28.361,49.434,21.825,56.502,,,,,,,Segment A: calibrated,30.896,48.66,7.1031,sludge waste composting|6.873|38.743|59.428
sludge waste composting,6.873,38.743,59.428,27.0,24.895,48.175,6.9304,1.2402,971.74,50.401,1.5167,28.704,49.402,18.362,72.197,,,,,,,Segment A: calibrated,24.895,48.175,6.9304,sludge waste composting|6.873|38.743|59.428
sludge waste composting,6.873,38.743,59.428,34.0,22.038,45.367,8.3085,1.3505,830.85,750.9532,1.63572,27.422,47.335,16.43,84.753,,,,,,,Segment A: calibrated,22.038,45.367,8.3085,sludge waste composting|6.873|38.743|59.428
sludge waste composting,6.873,38.743,59.428,40.0,21.591,41.01,8.6204,1.1481,440.58,715.1232,1.57794,25.39,42.982,16.169,90.583,,,,,,,Segment A: calibrated,21.591,41.01,8.6204,sludge waste composting|6.873|38.743|59.428
sludge waste composting,5.7584,36.097,49.047,0.0,32.224,49.047,5.7584,1.85,580.22,268.4386,1.26369,46.236,79.561,36.097,7.623,,,,,,,Segment A: calibrated,32.224,49.047,5.7584,sludge waste composting|5.758|36.097|49.047
sludge waste composting,5.7584,36.097,49.047,3.0,34.652,47.789,6.1672,2.6077,688.63,415.0998,0.9722,34.203,59.19,35.836,13.901,,,,,,,Segment A: calibrated,34.652,47.789,6.1672,sludge waste composting|5.758|36.097|49.047
sludge waste composting,5.7584,36.097,49.047,7.0,51.343,46.839,5.9219,1.97,786.69,300.9614,0.98286,33.297,56.869,33.904,24.664,,,,,,,Segment A: calibrated,51.343,46.839,5.9219,sludge waste composting|5.758|36.097|49.047
sludge waste composting,5.7584,36.097,49.047,14.0,41.241,45.426,6.4277,1.8123,853.58,278.1277,1.33566,30.89,53.535,23.339,31.839,,,,,,,Segment A: calibrated,41.241,45.426,6.4277,sludge waste composting|5.758|36.097|49.047
sludge waste composting,5.7584,36.097,49.047,21.0,37.418,44.166,6.7881,2.0342,878.92,288.1384,1.18671,30.484,52.485,25.863,40.359,,,,,,,Segment A: calibrated,37.418,44.166,6.7881,sludge waste composting|5.758|36.097|49.047
sludge waste composting,5.7584,36.097,49.047,27.0,30.691,43.683,6.7366,1.162,769.13,165.9141,1.49388,28.454,48.894,19.058,56.502,,,,,,,Segment A: calibrated,30.691,43.683,6.7366,sludge waste composting|5.758|36.097|49.047
sludge waste composting,5.7584,36.097,49.047,34.0,24.454,43.043,8.0904,0.9598,628.26,339.8454,1.49886,28.423,49.116,19.215,68.61,,,,,,,Segment A: calibrated,24.454,43.043,8.0904,sludge waste composting|5.758|36.097|49.047
sludge waste composting,5.7584,36.097,49.047,40.0,22.799,38.84,8.572,1.0365,554.88,615.8247,1.56658,26.641,46.033,17.561,81.166,,,,,,,Segment A: calibrated,22.799,38.84,8.572,sludge waste composting|5.758|36.097|49.047
sludge waste composting,8.133,39.718,51.061,0.0,32.224,51.061,8.133,1.7719,756.83,481.7836,1.10405,43.986,77.274,39.718,18.386,,,,,,,Segment A: calibrated,32.224,51.061,8.133,sludge waste composting|8.133|39.718|51.061
sludge waste composting,8.133,39.718,51.061,3.0,45.522,49.957,8.6386,2.563,875.66,253.3596,0.88666,30.954,53.597,35.418,38.117,,,,,,,Segment A: calibrated,45.522,49.957,8.6386,sludge waste composting|8.133|39.718|51.061
sludge waste composting,8.133,39.718,51.061,7.0,56.898,48.544,8.5871,1.97,880.2,146.8927,0.92584,30.423,52.295,32.512,35.874,,,,,,,Segment A: calibrated,56.898,48.544,8.5871,sludge waste composting|8.133|39.718|51.061
sludge waste composting,8.133,39.718,51.061,14.0,36.893,47.285,8.0268,2.4262,952.28,296.189,1.08479,29.892,52.008,28.213,43.498,,,,,,,Segment A: calibrated,36.893,47.285,8.0268,sludge waste composting|8.133|39.718|51.061
sludge waste composting,8.133,39.718,51.061,21.0,33.313,46.801,7.8784,2.503,1039.94,403.5423,1.08409,28.86,50.45,27.255,56.054,,,,,,,Segment A: calibrated,33.313,46.801,7.8784,sludge waste composting|8.133|39.718|51.061
sludge waste composting,8.133,39.718,51.061,27.0,27.792,45.697,7.8269,2.0663,857.46,419.3766,1.37415,28.077,48.894,21.008,64.574,,,,,,,Segment A: calibrated,27.792,45.697,7.8269,sludge waste composting|8.133|39.718|51.061
sludge waste composting,8.133,39.718,51.061,34.0,24.211,43.663,8.9384,2.0649,763.33,236.821,1.36773,26.547,46.065,19.911,78.027,,,,,,,Segment A: calibrated,24.211,43.663,8.9384,sludge waste composting|8.133|39.718|51.061
sludge waste composting,8.133,39.718,51.061,40.0,23.04,40.235,9.3715,1.9072,721.11,343.9228,1.35561,26.39,46.542,20.067,84.305,,,,,,,Segment A: calibrated,23.04,40.235,9.3715,sludge waste composting|8.133|39.718|51.061
sludge waste composting,6.61,18.06635071,54.5298,0.0,16.4,54.5298,6.61,1.45,643.573727,124.8904819,2.11,38.12,89.55462185,18.06635071,57.0511,,,,,,,Segment A: calibrated,16.4,54.5298,6.61,sludge waste composting|6.61|18.066|54.53
sludge waste composting,6.61,18.06635071,54.5298,2.0,47.2,61.8635,7.38,1.999333333,901.4764338,39.0,2.18,37.95,87.70876505,17.40825688,36.5885,,,,,,,Segment A: calibrated,47.2,61.8635,7.38,sludge waste composting|6.61|18.066|54.53
sludge waste composting,6.61,18.06635071,54.5298,5.0,47.3,48.913,7.44,2.053333333,1088.0,0.0,2.36,37.35,84.62445963,15.82627119,83.1622,,,,,,,Segment A: calibrated,47.3,48.913,7.44,sludge waste composting|6.61|18.066|54.53
sludge waste composting,6.61,18.06635071,54.5298,10.0,25.9,46.1088,7.24,1.68,338.3494227,0.0,2.43,36.68,83.60250967,15.09465021,92.44444,,,,,,,Segment A: calibrated,25.9,46.1088,7.24,sludge waste composting|6.61|18.066|54.53
sludge waste composting,6.61,18.06635071,54.5298,15.0,21.5,45.0222,7.49,1.964666667,160.8934318,0.0,2.68,36.37,80.47787744,13.57089552,85.33333333,,,,,,,Segment A: calibrated,21.5,45.0222,7.49,sludge waste composting|6.61|18.066|54.53
sludge waste composting,6.61,18.06635071,54.5298,20.0,21.4,40.6778,7.48,1.693,118.3039939,0.0,2.86,36.07,79.29386371,12.61188811,134.7232202,,,,,,,Segment A: calibrated,21.4,40.6778,7.48,sludge waste composting|6.61|18.066|54.53
sludge waste composting,6.61,18.06635071,54.5298,27.0,24.7,40.6091,7.78,1.8364,119.0,0.0,3.02,35.95,75.46715328,11.90397351,99.3718009,,,,,,,Segment A: calibrated,24.7,40.6091,7.78,sludge waste composting|6.61|18.066|54.53
sludge waste composting,6.53,18.45933014,54.8323,0.0,15.8,54.8323,6.53,1.415333333,619.9129283,119.474313,2.09,38.58,89.05521156,18.45933014,60.8133,,,,,,,Segment A: calibrated,15.8,54.8323,6.53,sludge waste composting|6.53|18.459|54.832
sludge waste composting,6.53,18.45933014,54.8323,2.0,53.9,61.2579,7.73,1.917,925.1372326,25.0,2.15,37.91,87.46996224,17.63255814,29.1981,,,,,,,Segment A: calibrated,53.9,61.2579,7.73,sludge waste composting|6.53|18.459|54.832
sludge waste composting,6.53,18.45933014,54.8323,5.0,17.3,47.9296,7.76,2.156666667,1095.494984,0.0,2.18,37.53,83.42408712,17.21559633,82.8132,,,,,,,Segment A: calibrated,17.3,47.9296,7.76,sludge waste composting|6.53|18.459|54.832
sludge waste composting,6.53,18.45933014,54.8323,10.0,22.3,47.3788,7.44,1.629,1128.620102,0.0,2.21,37.05,82.02894356,16.76470588,82.88888889,,,,,,,Segment A: calibrated,22.3,47.3788,7.44,sludge waste composting|6.53|18.459|54.832
sludge waste composting,6.53,18.45933014,54.8323,15.0,43.0,43.9045,7.65,1.977,300.4921446,0.0,2.55,36.14,80.86075552,14.17254902,94.66666667,,,,,,,Segment A: calibrated,43.0,43.9045,7.65,sludge waste composting|6.53|18.459|54.832
sludge waste composting,6.53,18.45933014,54.8323,20.0,26.3,43.006,7.79,1.805666667,229.5097482,0.0,2.88,35.9,77.19255066,12.46527778,130.5136736,,,,,,,Segment A: calibrated,26.3,43.006,7.79,sludge waste composting|6.53|18.459|54.832
sludge waste composting,6.53,18.45933014,54.8323,27.0,25.1,43.0497,7.83,1.8938,206.0,0.0,3.13,35.74,73.85396742,11.41853035,167.364703,,,,,,,Segment A: calibrated,25.1,43.0497,7.83,sludge waste composting|6.53|18.459|54.832
sludge waste composting,6.75,18.45933014,58.4867,0.0,15.7,58.4867,6.75,1.477666667,627.0111679,194.1457587,2.09,38.58,88.94,18.45933014,54.1098,,,,,,,Segment A: calibrated,15.7,58.4867,6.75,sludge waste composting|6.75|18.459|58.487
sludge waste composting,6.75,18.45933014,58.4867,2.0,51.8,60.6648,7.63,1.858,960.6284308,19.0,2.15,37.91,87.02365774,17.63255814,25.1604,,,,,,,Segment A: calibrated,51.8,60.6648,7.63,sludge waste composting|6.75|18.459|58.487
sludge waste composting,6.75,18.45933014,58.4867,5.0,17.8,45.3368,7.8,1.740666667,979.5570698,0.0,2.18,37.53,85.82848837,17.21559633,91.9924,,,,,,,Segment A: calibrated,17.8,45.3368,7.8,sludge waste composting|6.75|18.459|58.487
sludge waste composting,6.75,18.45933014,58.4867,10.0,24.5,48.1935,7.39,1.453666667,948.7980314,0.0,2.21,37.05,83.12251536,16.76470588,80.88889,,,,,,,Segment A: calibrated,24.5,48.1935,7.39,sludge waste composting|6.75|18.459|58.487
sludge waste composting,6.75,18.45933014,58.4867,15.0,35.7,44.1319,7.55,1.838666667,305.2243044,0.0,2.55,36.14,78.51369185,14.17254902,122.8888889,,,,,,,Segment A: calibrated,35.7,44.1319,7.55,sludge waste composting|6.75|18.459|58.487
sludge waste composting,6.75,18.45933014,58.4867,20.0,21.3,42.032,7.8,1.696,194.0185501,0.0,2.88,35.9,77.22829371,12.46527778,131.3367328,,,,,,,Segment A: calibrated,21.3,42.032,7.8,sludge waste composting|6.75|18.459|58.487
sludge waste composting,6.75,18.45933014,58.4867,27.0,23.0,42.7464,8.03,2.0288,216.0,0.0,3.13,35.74,75.77208175,11.41853035,122.5590677,,,,,,,Segment A: calibrated,23.0,42.7464,8.03,sludge waste composting|6.75|18.459|58.487
sludge waste composting,6.66,18.46411483,54.9198,0.0,16.1,54.9198,6.66,1.511333333,797.3689192,119.8484667,2.09,38.59,88.78,18.46411483,58.0568,,,,,,,Segment A: calibrated,16.1,54.9198,6.66,sludge waste composting|6.66|18.464|54.92
sludge waste composting,6.66,18.46411483,54.9198,2.0,55.1,48.6198,7.64,1.836,1048.173386,0.0,2.26,38.28,86.79582712,16.9380531,73.4468,,,,,,,Segment A: calibrated,55.1,48.6198,7.64,sludge waste composting|6.66|18.464|54.92
sludge waste composting,6.66,18.46411483,54.9198,5.0,17.9,45.0425,7.59,1.987,1216.165058,0.0,2.41,37.62,85.71243187,15.60995851,89.6315,,,,,,,Segment A: calibrated,17.9,45.0425,7.59,sludge waste composting|6.66|18.464|54.92
sludge waste composting,6.66,18.46411483,54.9198,10.0,40.4,45.1756,7.3,1.640333333,1026.878667,0.0,2.56,37.1,83.79208247,14.4921875,121.5555556,,,,,,,Segment A: calibrated,40.4,45.1756,7.3,sludge waste composting|6.66|18.464|54.92
sludge waste composting,6.66,18.46411483,54.9198,15.0,36.7,43.3258,7.61,1.764333333,343.0815824,0.0,2.78,36.7,78.07004245,13.20143885,101.1111111,,,,,,,Segment A: calibrated,36.7,43.3258,7.61,sludge waste composting|6.66|18.464|54.92
sludge waste composting,6.66,18.46411483,54.9198,20.0,22.3,43.5203,7.59,1.877333333,286.2956653,0.0,2.96,36.39,77.29887381,12.29391892,107.2328561,,,,,,,Segment A: calibrated,22.3,43.5203,7.59,sludge waste composting|6.66|18.464|54.92
sludge waste composting,6.66,18.46411483,54.9198,27.0,24.6,44.0166,7.84,1.9344,299.0,0.0,3.01,35.9,76.86295341,11.9269103,126.6433357,,,,,,,Segment A: calibrated,24.6,44.0166,7.84,sludge waste composting|6.66|18.464|54.92
sludge waste composting,6.4,35.71875,58.4189,0.0,16.4,58.4189,6.4,1.102,388.0371001,59.60573477,1.6,57.15,89.77,35.71875,34.3277,,,,,,,Segment A: calibrated,16.4,58.4189,6.4,sludge waste composting|6.4|35.719|58.419
sludge waste composting,6.4,35.71875,58.4189,2.0,58.6,58.6796,7.76,1.560333333,579.6895703,16.0,1.69,54.84,87.56662448,32.44970414,34.5094,,,,,,,Segment A: calibrated,58.6,58.6796,7.76,sludge waste composting|6.4|35.719|58.419
sludge waste composting,6.4,35.71875,58.4189,5.0,22.2,57.0309,7.62,1.349666667,603.3503691,0.0,1.85,48.9,86.98884758,26.43243243,67.2833,,,,,,,Segment A: calibrated,22.2,57.0309,7.62,sludge waste composting|6.4|35.719|58.419
sludge waste composting,6.4,35.71875,58.4189,10.0,30.4,48.8505,7.19,1.494,232.0,0.0,2.2,42.97,81.980612,19.53181818,125.3333333,,,,,,,Segment A: calibrated,30.4,48.8505,7.19,sludge waste composting|6.4|35.719|58.419
sludge waste composting,6.4,35.71875,58.4189,15.0,33.9,40.8549,7.5,1.671666667,148.0,0.0,2.5,37.72,78.84199643,15.088,121.7777778,,,,,,,Segment A: calibrated,33.9,40.8549,7.5,sludge waste composting|6.4|35.719|58.419
sludge waste composting,6.4,35.71875,58.4189,20.0,25.6,41.1559,7.36,1.172666667,59.15199697,0.0,2.65,37.56,77.95597023,14.17358491,165.3875412,,,,,,,Segment A: calibrated,25.6,41.1559,7.36,sludge waste composting|6.4|35.719|58.419
sludge waste composting,6.4,35.71875,58.4189,27.0,27.2,40.5338,7.74,1.7788,54.0,0.0,2.92,36.82,77.53785754,12.60958904,144.5693692,,,,,,,Segment A: calibrated,27.2,40.5338,7.74,sludge waste composting|6.4|35.719|58.419
sludge waste composting,6.51,33.67836257,56.1173,0.0,14.0,56.1173,6.51,1.187333333,418.0,64.71525289,1.71,57.59,89.45495714,33.67836257,44.0898,,,,,,,Segment A: calibrated,14.0,56.1173,6.51,sludge waste composting|6.51|33.678|56.117
sludge waste composting,6.51,33.67836257,56.1173,2.0,55.2,58.5424,7.83,1.670666667,674.3327655,1.0,1.87,56.85,87.51491647,30.40106952,42.0683,,,,,,,Segment A: calibrated,55.2,58.5424,7.83,sludge waste composting|6.51|33.678|56.117
sludge waste composting,6.51,33.67836257,56.1173,5.0,31.2,58.9828,7.33,1.771333333,548.9305319,0.0,1.89,52.99,86.52228108,28.03703704,60.7063,,,,,,,Segment A: calibrated,31.2,58.9828,7.33,sludge waste composting|6.51|33.678|56.117
sludge waste composting,6.51,33.67836257,56.1173,10.0,23.2,48.4975,7.22,1.448,267.3670263,0.0,2.18,45.56,82.4704142,20.89908257,114.2222222,,,,,,,Segment A: calibrated,23.2,48.4975,7.22,sludge waste composting|6.51|33.678|56.117
sludge waste composting,6.51,33.67836257,56.1173,15.0,22.2,47.1163,7.27,1.747666667,106.4735945,0.0,2.39,40.9,81.07031778,17.11297071,64.66666667,,,,,,,Segment A: calibrated,22.2,47.1163,7.27,sludge waste composting|6.51|33.678|56.117
sludge waste composting,6.51,33.67836257,56.1173,20.0,23.4,40.2084,7.42,1.535,82.81279576,0.0,2.66,37.85,79.76575572,14.22932331,151.7830351,,,,,,,Segment A: calibrated,23.4,40.2084,7.42,sludge waste composting|6.51|33.678|56.117
sludge waste composting,6.51,33.67836257,56.1173,27.0,24.0,39.7129,7.75,1.6844,75.0,0.0,2.84,37.76,78.02208614,13.29577465,106.5292432,,,,,,,Segment A: calibrated,24.0,39.7129,7.75,sludge waste composting|6.51|33.678|56.117
sludge waste composting,6.64,33.67836257,55.4899,0.0,14.8,55.4899,6.64,1.217333333,389.0,64.71525289,1.71,57.59,89.57,33.67836257,46.1073,,,,,,,Segment A: calibrated,14.8,55.4899,6.64,sludge waste composting|6.64|33.678|55.49
sludge waste composting,6.64,33.67836257,55.4899,2.0,48.0,58.9822,7.76,1.723333333,799.0,14.0,1.87,56.85,88.08697241,30.40106952,33.7005,,,,,,,Segment A: calibrated,48.0,58.9822,7.76,sludge waste composting|6.64|33.678|55.49
sludge waste composting,6.64,33.67836257,55.4899,5.0,44.9,57.9922,7.34,1.630666667,525.2697331,0.0,1.89,52.99,86.7610757,28.03703704,58.5517,,,,,,,Segment A: calibrated,44.9,57.9922,7.34,sludge waste composting|6.64|33.678|55.49
sludge waste composting,6.64,33.67836257,55.4899,10.0,22.3,47.1486,7.2,1.203,132.5004732,0.0,2.18,45.56,83.48798211,20.89908257,88.22222222,,,,,,,Segment A: calibrated,22.3,47.1486,7.2,sludge waste composting|6.64|33.678|55.49
sludge waste composting,6.64,33.67836257,55.4899,15.0,21.2,45.1087,7.36,1.508333333,92.27711528,0.0,2.39,40.9,79.45849978,17.11297071,80.66666667,,,,,,,Segment A: calibrated,21.2,45.1087,7.36,sludge waste composting|6.64|33.678|55.49
sludge waste composting,6.64,33.67836257,55.4899,20.0,22.3,40.2109,7.45,1.407,73.34847624,0.0,2.66,37.85,79.18003731,14.22932331,158.9778044,,,,,,,Segment A: calibrated,22.3,40.2109,7.45,sludge waste composting|6.64|33.678|55.49
sludge waste composting,6.64,33.67836257,55.4899,27.0,25.9,40.352,7.83,1.7323,69.0,0.0,2.84,37.76,78.27022796,13.29577465,138.2216884,,,,,,,Segment A: calibrated,25.9,40.352,7.83,sludge waste composting|6.64|33.678|55.49
sludge waste composting,6.63,35.65454545,55.4687,0.0,14.6,55.4687,6.63,1.152,350.1798221,49.78096376,1.65,58.83,89.13591496,35.65454545,39.5102,,,,,,,Segment A: calibrated,14.6,55.4687,6.63,sludge waste composting|6.63|35.655|55.469
sludge waste composting,6.63,35.65454545,55.4687,2.0,59.4,57.9158,7.74,1.645,812.0,2.0,1.68,55.56,87.35490245,33.07142857,26.27,,,,,,,Segment A: calibrated,59.4,57.9158,7.74,sludge waste composting|6.63|35.655|55.469
sludge waste composting,6.63,35.65454545,55.4687,5.0,40.8,56.8008,7.32,1.514333333,522.9036532,0.0,1.95,51.12,86.82051282,26.21538462,73.3899,,,,,,,Segment A: calibrated,40.8,56.8008,7.32,sludge waste composting|6.63|35.655|55.469
sludge waste composting,6.63,35.65454545,55.4687,10.0,17.6,45.5358,7.23,1.387,179.8220708,0.0,2.54,45.09,84.90759754,17.7519685,148.2222222,,,,,,,Segment A: calibrated,17.6,45.5358,7.23,sludge waste composting|6.63|35.655|55.469
sludge waste composting,6.63,35.65454545,55.4687,15.0,20.2,40.388,7.42,1.519,146.6969525,0.0,2.64,39.4,83.511977,14.92424242,118.2222222,,,,,,,Segment A: calibrated,20.2,40.388,7.42,sludge waste composting|6.63|35.655|55.469
sludge waste composting,6.63,35.65454545,55.4687,20.0,20.7,40.3495,7.53,1.631666667,108.8396744,0.0,2.75,38.13,81.73281583,13.86545455,119.6669291,,,,,,,Segment A: calibrated,20.7,40.3495,7.53,sludge waste composting|6.63|35.655|55.469
sludge waste composting,6.63,35.65454545,55.4687,27.0,24.1,40.4336,7.83,1.7271,98.0,0.0,2.86,37.95,78.10617993,13.26923077,130.6194955,,,,,,,Segment A: calibrated,24.1,40.4336,7.83,sludge waste composting|6.63|35.655|55.469
pig manure,7.9,37.5,65.0,0.0,7.9,36.1,65.0,,,,,,,37.5,0.638723,,,,,,,Segment B: native,36.1,65.0,7.9,pig manure|7.9|37.5|65.0
pig manure,7.9,37.5,65.0,7.0,7.92849,55.32,59.53967019,,,,,,,,1.59681,,,,,,,Segment B: native,55.32,59.53967019,7.92849,pig manure|7.9|37.5|65.0
pig manure,7.9,37.5,65.0,14.0,8.56881,58.55,57.23256362,,,,,,,,2.23553,,,,,,,Segment B: native,58.55,57.23256362,8.56881,pig manure|7.9|37.5|65.0
pig manure,7.9,37.5,65.0,21.0,8.71198,59.11,58.02508239,,,,,,,,3.19361,,,,,,,Segment B: native,59.11,58.02508239,8.71198,pig manure|7.9|37.5|65.0
pig manure,7.9,37.5,65.0,28.0,9.04971,42.63,56.2743565,,,,,,,,15.3293,,,,,,,Segment B: native,42.63,56.2743565,9.04971,pig manure|7.9|37.5|65.0
pig manure,7.9,37.5,65.0,35.0,8.88309,36.1,54.50143523,,,,,,,,32.2555,,,,,,,Segment B: native,36.1,54.50143523,8.88309,pig manure|7.9|37.5|65.0
pig manure,7.9,37.5,65.0,42.0,7.67183,30.23,52.78991877,,,,,,,,56.8463,,,,,,,Segment B: native,30.23,52.78991877,7.67183,pig manure|7.9|37.5|65.0
pig manure,7.9,37.5,65.0,49.0,7.89426,30.04,52.44672673,,,,,,,,59.0818,,,,,,,Segment B: native,30.04,52.44672673,7.89426,pig manure|7.9|37.5|65.0
pig manure,7.9,37.5,65.0,56.0,7.69885,29.85,51.85663182,,,,,,,,70.5788,,,,,,,Segment B: native,29.85,51.85663182,7.69885,pig manure|7.9|37.5|65.0
pig manure,7.99424,37.5,65.0,0.0,7.99424,38.18,65.0,,,,,,,37.5,1.27745,,,,,,,Segment B: native,38.18,65.0,7.99424,pig manure|7.994|37.5|65.0
pig manure,7.99424,37.5,65.0,7.0,7.54663,50.78,58.73549974,,,,,,,,1.27745,,,,,,,Segment B: native,50.78,58.73549974,7.54663,pig manure|7.994|37.5|65.0
pig manure,7.99424,37.5,65.0,14.0,8.28783,54.38,55.87522766,,,,,,,,2.55489,,,,,,,Segment B: native,54.38,55.87522766,8.28783,pig manure|7.994|37.5|65.0
pig manure,7.99424,37.5,65.0,21.0,8.41659,58.26,51.73591818,,,,,,,,4.1517,,,,,,,Segment B: native,58.26,51.73591818,8.41659,pig manure|7.994|37.5|65.0
pig manure,7.99424,37.5,65.0,28.0,8.67507,57.69,49.578275,,,,,,,,14.0519,,,,,,,Segment B: native,57.69,49.578275,8.67507,pig manure|7.994|37.5|65.0
pig manure,7.99424,37.5,65.0,35.0,8.63815,44.53,48.87335909,,,,,,,,73.4531,,,,,,,Segment B: native,44.53,48.87335909,8.63815,pig manure|7.994|37.5|65.0
pig manure,7.99424,37.5,65.0,42.0,8.7021,33.45,45.52598636,,,,,,,,78.8822,,,,,,,Segment B: native,33.45,45.52598636,8.7021,pig manure|7.994|37.5|65.0
pig manure,7.99424,37.5,65.0,49.0,8.20405,32.03,45.64484545,,,,,,,,81.7565,,,,,,,Segment B: native,32.03,45.64484545,8.20405,pig manure|7.994|37.5|65.0
pig manure,7.99424,37.5,65.0,56.0,7.85736,29.75,42.81338636,,,,,,,,84.3114,,,,,,,Segment B: native,29.75,42.81338636,7.85736,pig manure|7.994|37.5|65.0
pig manure,8.00144,37.5,65.0,0.0,8.00144,36.19,65.0,,,,,,,37.5,0.958084,,,,,,,Segment B: native,36.19,65.0,8.00144,pig manure|8.001|37.5|65.0
pig manure,8.00144,37.5,65.0,7.0,7.23683,50.97,58.44508386,,,,,,,,1.27745,,,,,,,Segment B: native,50.97,58.44508386,7.23683,pig manure|8.001|37.5|65.0
pig manure,8.00144,37.5,65.0,14.0,8.04286,60.72,54.96083361,,,,,,,,1.91617,,,,,,,Segment B: native,60.72,54.96083361,8.04286,pig manure|8.001|37.5|65.0
pig manure,8.00144,37.5,65.0,21.0,8.38057,62.14,51.66958977,,,,,,,,3.51297,,,,,,,Segment B: native,62.14,51.66958977,8.38057,pig manure|8.001|37.5|65.0
pig manure,8.00144,37.5,65.0,28.0,8.37969,63.0,49.55512614,,,,,,,,46.6267,,,,,,,Segment B: native,63.0,49.55512614,8.37969,pig manure|8.001|37.5|65.0
pig manure,8.00144,37.5,65.0,35.0,8.55168,41.5,48.81182386,,,,,,,,97.0858,,,,,,,Segment B: native,41.5,48.81182386,8.55168,pig manure|8.001|37.5|65.0
pig manure,8.00144,37.5,65.0,42.0,8.58683,32.21,45.45431705,,,,,,,,103.154,,,,,,,Segment B: native,32.21,45.45431705,8.58683,pig manure|8.001|37.5|65.0
pig manure,8.00144,37.5,65.0,49.0,8.54988,32.0,45.57899205,,,,,,,,126.786,,,,,,,Segment B: native,32.0,45.57899205,8.54988,pig manure|8.001|37.5|65.0
pig manure,8.00144,37.5,65.0,56.0,8.2536,30.0,42.66815682,,,,,,,,130.938,,,,,,,Segment B: native,30.0,42.66815682,8.2536,pig manure|8.001|37.5|65.0
pig manure,8.00865,37.5,65.0,0.0,8.00865,38.09,65.0,,,,,,,37.5,1.27745,,,,,,,Segment B: native,38.09,65.0,8.00865,pig manure|8.009|37.5|65.0
pig manure,8.00865,37.5,65.0,7.0,7.66912,56.83,57.92038409,,,,,,,,1.59681,,,,,,,Segment B: native,56.83,57.92038409,7.66912,pig manure|8.009|37.5|65.0
pig manure,8.00865,37.5,65.0,14.0,8.16535,58.29,54.04738409,,,,,,,,2.23553,,,,,,,Segment B: native,58.29,54.04738409,8.16535,pig manure|8.009|37.5|65.0
pig manure,8.00865,37.5,65.0,21.0,8.32293,59.11,51.45809091,,,,,,,,3.83234,,,,,,,Segment B: native,59.11,51.45809091,8.32293,pig manure|8.009|37.5|65.0
pig manure,8.00865,37.5,65.0,28.0,8.81916,63.0,49.31049318,,,,,,,,30.02,,,,,,,Segment B: native,63.0,49.31049318,8.81916,pig manure|8.009|37.5|65.0
pig manure,8.00865,37.5,65.0,35.0,8.73181,42.16,48.64860341,,,,,,,,100.279,,,,,,,Segment B: native,42.16,48.64860341,8.73181,pig manure|8.009|37.5|65.0
pig manure,8.00865,37.5,65.0,42.0,8.76693,32.5,45.35322045,,,,,,,,116.886,,,,,,,Segment B: native,32.5,45.35322045,8.76693,pig manure|8.009|37.5|65.0
pig manure,8.00865,37.5,65.0,49.0,8.54268,32.0,45.48218409,,,,,,,,129.022,,,,,,,Segment B: native,32.0,45.48218409,8.54268,pig manure|8.009|37.5|65.0
pig manure,8.00865,37.5,65.0,56.0,8.38329,30.0,42.59758182,,,,,,,,136.687,,,,,,,Segment B: native,30.0,42.59758182,8.38329,pig manure|8.009|37.5|65.0
poultry manure,5.77,24.34,56.5,0.0,5.77,21.4291,56.5,,,,,,,,,,,,,,,Segment B: native,21.4291,56.5,5.77,poultry manure|5.77|24.34|56.5
poultry manure,5.77,24.34,56.5,14.0,7.607150263,42.3108,56.57867383,,,,,,,,,,,,,,,Segment B: native,42.3108,56.57867383,7.607150263,poultry manure|5.77|24.34|56.5
poultry manure,5.77,24.34,56.5,28.0,7.711316809,38.3521,53.55932841,,,,,,,,,,,,,,,Segment B: native,38.3521,53.55932841,7.711316809,poultry manure|5.77|24.34|56.5
poultry manure,5.77,24.34,56.5,56.0,7.631742866,32.4172,46.57605357,,,,,,,,,,,,,,,Segment B: native,32.4172,46.57605357,7.631742866,poultry manure|5.77|24.34|56.5
poultry manure,5.77,24.34,56.5,84.0,7.035010885,37.8312,44.55505928,,,,,,,,,,,,,,,Segment B: native,37.8312,44.55505928,7.035010885,poultry manure|5.77|24.34|56.5
poultry manure,5.77,24.34,56.5,126.0,7.018381701,35.318,44.4186388,,,,,,,,,,,,,,,Segment B: native,35.318,44.4186388,7.018381701,poultry manure|5.77|24.34|56.5
poultry manure,6.0,26.88,56.5,0.0,6.0,21.3497,56.5,,,,,,,,,,,,,,,Segment B: native,21.3497,56.5,6.0,poultry manure|6.0|26.88|56.5
poultry manure,6.0,26.88,56.5,14.0,7.312794432,43.3428,62.7381458,,,,,,,,,,,,,,,Segment B: native,43.3428,62.7381458,7.312794432,poultry manure|6.0|26.88|56.5
poultry manure,6.0,26.88,56.5,28.0,7.793061489,36.6059,54.68171328,,,,,,,,,,,,,,,Segment B: native,36.6059,54.68171328,7.793061489,poultry manure|6.0|26.88|56.5
poultry manure,6.0,26.88,56.5,56.0,7.883191117,36.1469,47.01060091,,,,,,,,,,,,,,,Segment B: native,36.1469,47.01060091,7.883191117,poultry manure|6.0|26.88|56.5
poultry manure,6.0,26.88,56.5,84.0,7.27622363,31.8,44.80153844,,,,,,,,,,,,,,,Segment B: native,31.8,44.80153844,7.27622363,poultry manure|6.0|26.88|56.5
poultry manure,6.0,26.88,56.5,126.0,7.370913403,34.0481,44.27154069,,,,,,,,,,,,,,,Segment B: native,34.0481,44.27154069,7.370913403,poultry manure|6.0|26.88|56.5
poultry manure,6.17,29.54,56.5,0.0,6.48,21.5084,56.5,,,,,,,,,,,,,,,Segment B: native,21.5084,56.5,6.48,poultry manure|6.17|29.54|56.5
poultry manure,6.17,29.54,56.5,14.0,7.402610413,41.2798,61.57901898,,,,,,,,,,,,,,,Segment B: native,41.2798,61.57901898,7.402610413,poultry manure|6.17|29.54|56.5
poultry manure,6.17,29.54,56.5,28.0,7.842959711,36.8448,66.29905817,,,,,,,,,,,,,,,Segment B: native,36.8448,66.29905817,7.842959711,poultry manure|6.17|29.54|56.5
poultry manure,6.17,29.54,56.5,56.0,7.878725764,36.3056,66.69565288,,,,,,,,,,,,,,,Segment B: native,36.3056,66.69565288,7.878725764,poultry manure|6.17|29.54|56.5
poultry manure,6.17,29.54,56.5,84.0,7.302297235,39.4185,64.66212902,,,,,,,,,,,,,,,Segment B: native,39.4185,64.66212902,7.302297235,poultry manure|6.17|29.54|56.5
poultry manure,6.17,29.54,56.5,126.0,7.401941222,34.1275,64.65764834,,,,,,,,,,,,,,,Segment B: native,34.1275,64.65764834,7.401941222,poultry manure|6.17|29.54|56.5
poultry manure,5.77,24.34,56.5,0.0,5.77,21.4291,56.5,,,,,,,,,,,,,,,Segment B: native,21.4291,56.5,5.77,poultry manure|5.77|24.34|56.5
poultry manure,5.77,24.34,56.5,14.0,7.506075865,42.3108,60.68669571,,,,,,,,,,,,,,,Segment B: native,42.3108,60.68669571,7.506075865,poultry manure|5.77|24.34|56.5
poultry manure,5.77,24.34,56.5,28.0,7.572382032,38.3521,52.94543965,,,,,,,,,,,,,,,Segment B: native,38.3521,52.94543965,7.572382032,poultry manure|5.77|24.34|56.5
poultry manure,5.77,24.34,56.5,56.0,7.614741224,32.4172,44.18373369,,,,,,,,,,,,,,,Segment B: native,32.4172,44.18373369,7.614741224,poultry manure|5.77|24.34|56.5
poultry manure,5.77,24.34,56.5,84.0,6.993939526,37.8312,42.77659911,,,,,,,,,,,,,,,Segment B: native,37.8312,42.77659911,6.993939526,poultry manure|5.77|24.34|56.5
poultry manure,5.77,24.34,56.5,126.0,6.992656799,35.318,41.94287298,,,,,,,,,,,,,,,Segment B: native,35.318,41.94287298,6.992656799,poultry manure|5.77|24.34|56.5
poultry manure,5.693,26.28,56.5,0.0,5.693,22.2227,56.5,,,,,,,,,,,,,,,Segment B: native,22.2227,56.5,5.693,poultry manure|5.693|26.28|56.5
poultry manure,5.693,26.28,56.5,14.0,7.4248743,47.2308,63.24228369,,,,,,,,,,,,,,,Segment B: native,47.2308,63.24228369,7.4248743,poultry manure|5.693|26.28|56.5
poultry manure,5.693,26.28,56.5,28.0,7.307924643,37.4789,55.05975305,,,,,,,,,,,,,,,Segment B: native,37.4789,55.05975305,7.307924643,poultry manure|5.693|26.28|56.5
poultry manure,5.693,26.28,56.5,56.0,7.29151237,32.0998,43.93366174,,,,,,,,,,,,,,,Segment B: native,32.0998,43.93366174,7.29151237,poultry manure|5.693|26.28|56.5
poultry manure,5.693,26.28,56.5,84.0,7.166510003,33.0704,42.50540102,,,,,,,,,,,,,,,Segment B: native,33.0704,42.50540102,7.166510003,poultry manure|5.693|26.28|56.5
poultry manure,5.693,26.28,56.5,126.0,7.123632617,34.4448,41.30745102,,,,,,,,,,,,,,,Segment B: native,34.4448,41.30745102,7.123632617,poultry manure|5.693|26.28|56.5
poultry manure,5.49,28.33,56.5,0.0,5.49,22.302,56.5,,,,,,,,,,,,,,,Segment B: native,22.302,56.5,5.49,poultry manure|5.49|28.33|56.5
poultry manure,5.49,28.33,56.5,14.0,7.508931907,47.3896,62.89134337,,,,,,,,,,,,,,,Segment B: native,47.3896,62.89134337,7.508931907,poultry manure|5.49|28.33|56.5
poultry manure,5.49,28.33,56.5,28.0,7.133501493,37.4792,60.79736248,,,,,,,,,,,,,,,Segment B: native,37.4792,60.79736248,7.133501493,poultry manure|5.49|28.33|56.5
poultry manure,5.49,28.33,56.5,56.0,7.117925563,33.5282,56.02638327,,,,,,,,,,,,,,,Segment B: native,33.5282,56.02638327,7.117925563,poultry manure|5.49|28.33|56.5
poultry manure,5.49,28.33,56.5,84.0,7.050472268,34.5775,53.89486055,,,,,,,,,,,,,,,Segment B: native,34.5775,53.89486055,7.050472268,poultry manure|5.49|28.33|56.5
poultry manure,5.49,28.33,56.5,126.0,7.026977836,34.5243,54.04974805,,,,,,,,,,,,,,,Segment B: native,34.5243,54.04974805,7.026977836,poultry manure|5.49|28.33|56.5
poultry manure,5.77,24.34,56.5,0.0,7.99,21.4291,56.5,,,,,,,,,,,,,,,Segment B: native,21.4291,56.5,7.99,poultry manure|5.77|24.34|56.5
poultry manure,5.77,24.34,56.5,14.0,7.585839202,42.3108,56.76357628,,,,,,,,,,,,,,,Segment B: native,42.3108,56.76357628,7.585839202,poultry manure|5.77|24.34|56.5
poultry manure,5.77,24.34,56.5,28.0,7.675390375,38.3521,53.126375,,,,,,,,,,,,,,,Segment B: native,38.3521,53.126375,7.675390375,poultry manure|5.77|24.34|56.5
poultry manure,5.77,24.34,56.5,56.0,7.610804532,32.4172,45.43922743,,,,,,,,,,,,,,,Segment B: native,32.4172,45.43922743,7.610804532,poultry manure|5.77|24.34|56.5
poultry manure,5.77,24.34,56.5,84.0,7.016788421,37.8312,42.97695021,,,,,,,,,,,,,,,Segment B: native,37.8312,42.97695021,7.016788421,poultry manure|5.77|24.34|56.5
poultry manure,5.77,24.34,56.5,126.0,7.009824996,35.318,42.765932,,,,,,,,,,,,,,,Segment B: native,35.318,42.765932,7.009824996,poultry manure|5.77|24.34|56.5
poultry manure,5.78,24.89,56.5,0.0,5.78,22.8576,56.5,,,,,,,,,,,,,,,Segment B: native,22.8576,56.5,5.78,poultry manure|5.78|24.89|56.5
poultry manure,5.78,24.89,56.5,14.0,7.528970517,39.9306,55.13115478,,,,,,,,,,,,,,,Segment B: native,39.9306,55.13115478,7.528970517,poultry manure|5.78|24.89|56.5
poultry manure,5.78,24.89,56.5,28.0,7.850335939,36.2086,51.47210168,,,,,,,,,,,,,,,Segment B: native,36.2086,51.47210168,7.850335939,poultry manure|5.78|24.89|56.5
poultry manure,5.78,24.89,56.5,56.0,7.823357022,32.6552,44.65856153,,,,,,,,,,,,,,,Segment B: native,32.6552,44.65856153,7.823357022,poultry manure|5.78|24.89|56.5
poultry manure,5.78,24.89,56.5,84.0,7.206459166,33.0698,42.36887067,,,,,,,,,,,,,,,Segment B: native,33.0698,42.36887067,7.206459166,poultry manure|5.78|24.89|56.5
poultry manure,5.78,24.89,56.5,126.0,7.258839675,33.7306,41.72275928,,,,,,,,,,,,,,,Segment B: native,33.7306,41.72275928,7.258839675,poultry manure|5.78|24.89|56.5
poultry manure,5.802,25.25,56.5,0.0,5.802,23.2545,56.5,,,,,,,,,,,,,,,Segment B: native,23.2545,56.5,5.802,poultry manure|5.802|25.25|56.5
poultry manure,5.802,25.25,56.5,14.0,7.506670943,42.7079,54.70863376,,,,,,,,,,,,,,,Segment B: native,42.7079,54.70863376,7.506670943,poultry manure|5.802|25.25|56.5
poultry manure,5.802,25.25,56.5,28.0,7.939062721,36.7646,51.52526538,,,,,,,,,,,,,,,Segment B: native,36.7646,51.52526538,7.939062721,poultry manure|5.802|25.25|56.5
poultry manure,5.802,25.25,56.5,56.0,7.954439936,32.6549,45.55812019,,,,,,,,,,,,,,,Segment B: native,32.6549,45.55812019,7.954439936,poultry manure|5.802|25.25|56.5
poultry manure,5.802,25.25,56.5,84.0,7.504236873,36.9582,42.59085336,,,,,,,,,,,,,,,Segment B: native,36.9582,42.59085336,7.504236873,poultry manure|5.802|25.25|56.5
poultry manure,5.802,25.25,56.5,126.0,7.523588973,33.4924,42.20562152,,,,,,,,,,,,,,,Segment B: native,33.4924,42.20562152,7.523588973,poultry manure|5.802|25.25|56.5
pig manure,6.46,27.5,65.0,2.0,6.46,32.5053,65.0,,,,,,,27.5,9.73249,,,,,,,Segment B: native,32.5053,65.0,6.46,pig manure|6.46|27.5|65.0
pig manure,6.46,27.5,65.0,7.0,7.661844264,52.5474,58.66409808,,,,,,,,,,,,,,,Segment B: native,52.5474,58.66409808,7.661844264,pig manure|6.46|27.5|65.0
pig manure,6.46,27.5,65.0,21.0,7.781787538,61.4737,53.04802959,,,,,,,,82.5843,,,,,,,Segment B: native,61.4737,53.04802959,7.781787538,pig manure|6.46|27.5|65.0
pig manure,6.46,27.5,65.0,36.0,7.749937882,66.5263,37.30183636,,,,,,,,96.0674,,,,,,,Segment B: native,66.5263,37.30183636,7.749937882,pig manure|6.46|27.5|65.0
pig manure,6.46,27.5,65.0,60.0,8.173022955,58.1053,27.6307625,,,,,,,,104.494,,,,,,,Segment B: native,58.1053,27.6307625,8.173022955,pig manure|6.46|27.5|65.0
pig manure,6.46,27.5,65.0,81.0,8.015921932,27.1158,25.82926932,,,,,,,,110.225,,,,,,,Segment B: native,27.1158,25.82926932,8.015921932,pig manure|6.46|27.5|65.0
pig manure,6.46,27.5,65.0,2.0,6.46,38.0632,65.0,,,,,,,27.5,24.5232,,,,,,,Segment B: native,38.0632,65.0,6.46,pig manure|6.46|27.5|65.0
pig manure,6.46,27.5,65.0,7.0,7.661844264,60.2947,58.66409808,,,,,,,,,,,,,,,Segment B: native,60.2947,58.66409808,7.661844264,pig manure|6.46|27.5|65.0
pig manure,6.46,27.5,65.0,21.0,7.781787538,68.5474,53.04802959,,,,,,,,57.9775,,,,,,,Segment B: native,68.5474,53.04802959,7.781787538,pig manure|6.46|27.5|65.0
pig manure,6.46,27.5,65.0,36.0,7.749937882,66.8632,37.30183636,,,,,,,,94.0449,,,,,,,Segment B: native,66.8632,37.30183636,7.749937882,pig manure|6.46|27.5|65.0
pig manure,6.46,27.5,65.0,60.0,8.173022955,51.5368,27.6307625,,,,,,,,117.978,,,,,,,Segment B: native,51.5368,27.6307625,8.173022955,pig manure|6.46|27.5|65.0
pig manure,6.46,27.5,65.0,81.0,8.015921932,26.4421,25.82926932,,,,,,,,117.978,,,,,,,Segment B: native,26.4421,25.82926932,8.015921932,pig manure|6.46|27.5|65.0
sewage sludge,6.86424,9.4,72.5,0.0,6.86424,25.32060598,72.5,,,,,,,,,,,,,,,Segment B: native,25.32060598,72.5,6.86424,sewage sludge|6.864|9.4|72.5
sewage sludge,6.86424,9.4,72.5,7.00108,8.61755,41.51776211,70.12890535,,,,,,,,,,,,,,,Segment B: native,41.51776211,70.12890535,8.61755,sewage sludge|6.864|9.4|72.5
sewage sludge,6.86424,9.4,72.5,14.0483,8.60762,45.40755601,65.59143577,,,,,,,,,,,,,,,Segment B: native,45.40755601,65.59143577,8.60762,sewage sludge|6.864|9.4|72.5
sewage sludge,6.86424,9.4,72.5,20.9828,7.99669,33.99232576,38.33579432,,,,,,,,,,,,,,,Segment B: native,33.99232576,38.33579432,7.99669,sewage sludge|6.864|9.4|72.5
sewage sludge,6.86424,9.4,72.5,28.0328,7.40066,36.80119734,35.81133977,,,,,,,,,,,,,,,Segment B: native,36.80119734,35.81133977,7.40066,sewage sludge|6.864|9.4|72.5
sewage sludge,6.86424,9.4,72.5,35.0276,7.35596,33.22671957,34.0761556,,,,,,,,,,,,,,,Segment B: native,33.22671957,34.0761556,7.35596,sewage sludge|6.864|9.4|72.5
sewage sludge,6.86424,9.4,72.5,41.9644,7.28642,35.15797762,33.0940306,,,,,,,,,,,,,,,Segment B: native,35.15797762,33.0940306,7.28642,sewage sludge|6.864|9.4|72.5
sewage sludge,6.89404,10.8,72.5,0.00939169,6.89404,27.78777563,72.5,,,,,,,,,,,,,,,Segment B: native,27.78777563,72.5,6.89404,sewage sludge|6.894|10.8|72.5
sewage sludge,6.89404,10.8,72.5,6.99927,8.59768,60.52270125,69.94694956,,,,,,,,,,,,,,,Segment B: native,60.52270125,69.94694956,8.59768,sewage sludge|6.894|10.8|72.5
sewage sludge,6.89404,10.8,72.5,13.9891,8.05629,48.59336306,65.21451066,,,,,,,,,,,,,,,Segment B: native,48.59336306,65.21451066,8.05629,sewage sludge|6.894|10.8|72.5
sewage sludge,6.89404,10.8,72.5,21.0379,7.80298,34.8325925,37.26449091,,,,,,,,,,,,,,,Segment B: native,34.8325925,37.26449091,7.80298,sewage sludge|6.894|10.8|72.5
sewage sludge,6.89404,10.8,72.5,27.9151,7.45033,32.62619084,33.81249091,,,,,,,,,,,,,,,Segment B: native,32.62619084,33.81249091,7.45033,sewage sludge|6.894|10.8|72.5
sewage sludge,6.89404,10.8,72.5,34.9086,7.38079,27.43864376,33.01804651,,,,,,,,,,,,,,,Segment B: native,27.43864376,33.01804651,7.38079,sewage sludge|6.894|10.8|72.5
sewage sludge,6.89404,10.8,72.5,41.9595,7.33609,26.88492019,31.98814991,,,,,,,,,,,,,,,Segment B: native,26.88492019,31.98814991,7.33609,sewage sludge|6.894|10.8|72.5
sewage sludge,6.94371,12.8,72.5,0.00777897,6.94371,24.97337372,72.5,,,,,,,,,,,,,,,Segment B: native,24.97337372,72.5,6.94371,sewage sludge|6.944|12.8|72.5
sewage sludge,6.94371,12.8,72.5,6.94027,8.43874,58.75397404,69.00568825,,,,,,,,,,,,,,,Segment B: native,58.75397404,69.00568825,8.43874,sewage sludge|6.944|12.8|72.5
sewage sludge,6.94371,12.8,72.5,13.9301,7.83775,48.29662607,64.82483436,,,,,,,,,,,,,,,Segment B: native,48.29662607,64.82483436,7.83775,sewage sludge|6.944|12.8|72.5
sewage sludge,6.94371,12.8,72.5,20.9788,7.87252,34.69524044,36.92092841,,,,,,,,,,,,,,,Segment B: native,34.69524044,36.92092841,7.87252,sewage sludge|6.944|12.8|72.5
sewage sludge,6.94371,12.8,72.5,28.0282,7.74834,32.23544568,34.08452045,,,,,,,,,,,,,,,Segment B: native,32.23544568,34.08452045,7.74834,sewage sludge|6.944|12.8|72.5
sewage sludge,6.94371,12.8,72.5,34.9622,7.40563,26.18828741,32.74907151,,,,,,,,,,,,,,,Segment B: native,26.18828741,32.74907151,7.40563,sewage sludge|6.944|12.8|72.5
sewage sludge,6.94371,12.8,72.5,42.012,7.27152,25.38593657,31.52422264,,,,,,,,,,,,,,,Segment B: native,25.38593657,31.52422264,7.27152,sewage sludge|6.944|12.8|72.5
sewage sludge,6.94371,14.1,72.5,0.00720978,6.97351,28.1695892,72.5,,,,,,,,,,,,,,,Segment B: native,28.1695892,72.5,6.97351,sewage sludge|6.944|14.1|72.5
sewage sludge,6.94371,14.1,72.5,7.0541,8.3096,57.56283493,68.78289004,,,,,,,,,,,,,,,Segment B: native,57.56283493,68.78289004,8.3096,sewage sludge|6.944|14.1|72.5
sewage sludge,6.94371,14.1,72.5,14.0442,7.88742,47.50275117,64.58975825,,,,,,,,,,,,,,,Segment B: native,47.50275117,64.58975825,7.88742,sewage sludge|6.944|14.1|72.5
sewage sludge,6.94371,14.1,72.5,21.0357,7.95695,40.61776428,35.96232841,,,,,,,,,,,,,,,Segment B: native,40.61776428,35.96232841,7.95695,sewage sludge|6.944|14.1|72.5
sewage sludge,6.94371,14.1,72.5,28.0278,7.94702,34.3769281,33.10736818,,,,,,,,,,,,,,,Segment B: native,34.3769281,33.10736818,7.94702,sewage sludge|6.944|14.1|72.5
sewage sludge,6.94371,14.1,72.5,35.0773,7.50497,27.46123895,31.71605976,,,,,,,,,,,,,,,Segment B: native,27.46123895,31.71605976,7.50497,sewage sludge|6.944|14.1|72.5
sewage sludge,6.94371,14.1,72.5,42.0698,7.36093,26.77222079,31.41649331,,,,,,,,,,,,,,,Segment B: native,26.77222079,31.41649331,7.36093,sewage sludge|6.944|14.1|72.5
green waste,6.75,15.42,65.0,0.00745741,6.75,32.1257,65.0,,,,,,,15.42,12.0243,0.251914,0.0174326,,,,,Segment B: native,32.1257,65.0,6.75,green waste|6.75|15.42|65.0
green waste,6.75,15.42,65.0,2.06359,8.028918918,45.3967,63.29741876,,,,,,,,20.4049,0.486677,0.0237718,,,,,Segment B: native,45.3967,63.29741876,8.028918918,green waste|6.75|15.42|65.0
green waste,6.75,15.42,65.0,4.05907,8.218345184,50.0449,58.42281297,,,,,,,,8.01619,0.619602,0.0253566,,,,,Segment B: native,50.0449,58.42281297,8.218345184,green waste|6.75|15.42|65.0
green waste,6.75,15.42,65.0,6.0763,8.339289123,45.0599,55.50783541,,,,,,,,11.6599,0.466309,0.0228209,,,,,Segment B: native,45.0599,55.50783541,8.339289123,green waste|6.75|15.42|65.0
green waste,6.75,15.42,65.0,11.999,8.239960935,45.3293,52.40617604,,,,,,,,18.2186,0.497397,0.0212361,,,,,Segment B: native,45.3293,52.40617604,8.239960935,green waste|6.75|15.42|65.0
green waste,6.75,15.42,65.0,18.005,8.078758961,46.1377,51.36028496,,,,,,,,25.1417,0.532772,0.0187005,,,,,Segment B: native,46.1377,51.36028496,8.078758961,green waste|6.75|15.42|65.0
green waste,6.75,15.42,65.0,21.0521,8.081681154,50.7859,49.02877284,,,,,,,,16.0324,0.647473,0.0187005,,,,,Segment B: native,50.7859,49.02877284,8.081681154,green waste|6.75|15.42|65.0
green waste,6.75,15.42,65.0,23.9818,8.047387879,44.3862,49.41491698,,,,,,,,29.5142,0.35804,0.0123613,,,,,Segment B: native,44.3862,49.41491698,8.047387879,green waste|6.75|15.42|65.0
green waste,6.75,15.42,65.0,27.9891,7.968896683,35.2919,46.68877176,,,,,,,7.34,34.251,0.264778,0.0167987,,,,,Segment B: native,35.2919,46.68877176,7.968896683,green waste|6.75|15.42|65.0
green waste,6.75,14.57,65.0,0.0377428,6.75,36.3698,65.0,,,,,,,14.57,20.4049,0.232619,0.0215531,,,,,Segment B: native,36.3698,65.0,6.75,green waste|6.75|14.57|65.0
green waste,6.75,14.57,65.0,2.06512,8.028179373,47.8892,59.76447922,,,,,,,,26.2348,0.345176,0.0228209,,,,,Segment B: native,47.8892,59.76447922,8.028179373,green waste|6.75|14.57|65.0
green waste,6.75,14.57,65.0,3.97687,8.143670509,51.3922,53.61971414,,,,,,,,12.0243,0.514548,0.0244057,,,,,Segment B: native,51.3922,53.61971414,8.143670509,green waste|6.75|14.57|65.0
green waste,6.75,14.57,65.0,6.04949,8.284525131,46.4746,50.55771244,,,,,,,,16.7611,0.400919,0.0212361,,,,,Segment B: native,46.4746,50.55771244,8.284525131,green waste|6.75|14.57|65.0
green waste,6.75,14.57,65.0,12.0007,8.166709102,48.0913,49.57653391,,,,,,,,37.166,0.472741,0.0272583,,,,,Segment B: native,48.0913,49.57653391,8.166709102,green waste|6.75|14.57|65.0
green waste,6.75,14.57,65.0,18.036,8.099840705,51.4596,50.10808399,,,,,,,,15.668,0.588515,0.0193344,,,,,Segment B: native,51.4596,50.10808399,8.099840705,green waste|6.75|14.57|65.0
green waste,6.75,14.57,65.0,21.0224,8.099644125,47.4177,48.87185883,,,,,,,,35.3441,0.3634,0.0177496,,,,,Segment B: native,47.4177,48.87185883,8.099644125,green waste|6.75|14.57|65.0
green waste,6.75,14.57,65.0,24.0342,8.074378195,39.6707,49.57872757,,,,,,,,51.3765,0.231547,0.01458,,,,,Segment B: native,39.6707,49.57872757,8.074378195,green waste|6.75|14.57|65.0
green waste,6.75,14.57,65.0,27.985,8.012599899,28.6228,47.11004562,,,,,,,5.82,88.5425,0.088974,0.0304279,,,,,Segment B: native,28.6228,47.11004562,8.012599899,green waste|6.75|14.57|65.0
green waste,6.75,14.02,65.0,0.0,6.75,38.256,65.0,,,,,,,14.02,22.9555,0.221899,0.0193344,,,,,Segment B: native,38.256,65.0,6.75,green waste|6.75|14.02|65.0
green waste,6.75,14.02,65.0,2.01006,8.051238464,48.3608,61.12812018,,,,,,,,31.336,0.310873,0.0196513,,,,,Segment B: native,48.3608,61.12812018,8.051238464,green waste|6.75|14.02|65.0
green waste,6.75,14.02,65.0,4.06068,8.211253942,52.6722,53.52216474,,,,,,,,15.3036,0.466309,0.022504,,,,,Segment B: native,52.6722,53.52216474,8.211253942,green waste|6.75|14.02|65.0
green waste,6.75,14.02,65.0,6.05036,8.324051949,47.8892,50.63853744,,,,,,,,27.6923,0.324809,0.0187005,,,,,Segment B: native,47.8892,50.63853744,8.324051949,green waste|6.75|14.02|65.0
green waste,6.75,14.02,65.0,12.0845,8.176754898,49.4386,49.68327823,,,,,,,,41.5385,0.467381,0.0190174,,,,,Segment B: native,49.4386,49.68327823,8.176754898,green waste|6.75|14.02|65.0
green waste,6.75,14.02,65.0,18.0372,8.113728773,53.4805,50.06497376,,,,,,,,24.7773,0.51562,0.0167987,,,,,Segment B: native,53.4805,50.06497376,8.113728773,green waste|6.75|14.02|65.0
green waste,6.75,14.02,65.0,21.0505,8.108057534,48.0913,48.91835883,,,,,,,,52.1053,0.307657,0.0174326,,,,,Segment B: native,48.0913,48.91835883,8.108057534,green waste|6.75|14.02|65.0
green waste,6.75,14.02,65.0,24.0357,8.088266264,42.0958,49.62522757,,,,,,,,60.1215,0.219755,0.022504,,,,,Segment B: native,42.0958,49.62522757,8.088266264,green waste|6.75|14.02|65.0
green waste,6.75,14.02,65.0,28.0129,8.02183649,29.0269,47.18470244,,,,,,,5.78,104.211,0.0771822,0.036767,,,,,Segment B: native,29.0269,47.18470244,8.02183649,green waste|6.75|14.02|65.0
pig manure,8.05139,46.922,66.803,0.0,8.05139,25.3302,66.803,,,,,,,46.922,,0.102113,0.134205,,,,,Segment B: native,25.3302,66.803,8.05139,pig manure|8.051|46.922|66.803
pig manure,8.05139,46.922,66.803,3.0,8.34829,44.3840069,60.4089,,,,,,,52.6301,1.40854,0.320423,0.131155,,,,,Segment B: native,44.3840069,60.4089,8.34829,pig manure|8.051|46.922|66.803
pig manure,8.05139,46.922,66.803,7.0,8.65498,56.28931152,55.5762,,,,,,,52.7023,0.628653,0.65493,0.137255,,,,,Segment B: native,56.28931152,55.5762,8.65498,pig manure|8.051|46.922|66.803
pig manure,8.05139,46.922,66.803,14.0,8.21126,57.70111725,51.5613,,,,,,,35.2168,1.05939,1.28521,0.140305,,,,,Segment B: native,57.70111725,51.5613,8.21126,pig manure|8.051|46.922|66.803
pig manure,8.05139,46.922,66.803,20.0,8.03834,55.04082253,48.5874,,,,,,,27.9913,18.441,0.883803,0.207407,,,,,Segment B: native,55.04082253,48.5874,8.03834,pig manure|8.051|46.922|66.803
pig manure,8.05139,46.922,66.803,30.0,7.90457,37.91258545,44.8699,,,,,,,25.5347,51.9863,0.443662,0.317211,,,,,Segment B: native,37.91258545,44.8699,7.90457,pig manure|8.051|46.922|66.803
pig manure,8.05139,46.922,66.803,45.0,7.71533,31.07909239,40.4089,,,,,,,23.5838,87.3512,0.309859,0.399564,,,,,Segment B: native,31.07909239,40.4089,7.71533,pig manure|8.051|46.922|66.803
pig manure,8.05139,46.922,66.803,60.0,7.75449,29.73966272,37.3606,,,,,,,21.4162,103.372,0.225352,0.54902,,,,,Segment B: native,29.73966272,37.3606,7.75449,pig manure|8.051|46.922|66.803
pig manure,8.05139,46.922,66.803,75.0,7.76101,29.51549911,33.9405,,,,,,,21.3439,108.824,0.116197,0.854031,,,,,Segment B: native,29.51549911,33.9405,7.76101,pig manure|8.051|46.922|66.803
pig manure,8.05139,46.922,66.803,90.0,7.73491,29.34075138,31.8587,,,,,,,19.104,113.277,0.0598592,0.960784,,,,,Segment B: native,29.34075138,31.8587,7.73491,pig manure|8.051|46.922|66.803
pig manure,8.3124,46.6329,66.2082,0.0,8.3124,25.3302,66.2082,,,,,,,46.6329,0.0,0.207746,0.179956,,,,,Segment B: native,25.3302,66.2082,8.3124,pig manure|8.312|46.633|66.208
pig manure,8.3124,46.6329,66.2082,3.0,8.51142,41.23340814,64.8699,,,,,,,49.0896,1.21176,0.485915,0.305011,,,,,Segment B: native,41.23340814,64.8699,8.51142,pig manure|8.312|46.633|66.208
pig manure,8.3124,46.6329,66.2082,7.0,8.87357,56.65759707,61.9703,,,,,,,38.0347,2.02467,0.862676,0.317211,,,,,Segment B: native,56.65759707,61.9703,8.87357,pig manure|8.312|46.633|66.208
pig manure,8.3124,46.6329,66.2082,14.0,8.5832,56.51418151,58.6245,,,,,,,31.8208,2.45427,1.58099,0.240959,,,,,Segment B: native,56.51418151,58.6245,8.5832,pig manure|8.312|46.633|66.208
pig manure,8.3124,46.6329,66.2082,20.0,8.29935,52.66644523,54.7584,,,,,,,24.7399,29.8082,0.757042,0.387364,,,,,Segment B: native,52.66644523,54.7584,8.29935,pig manure|8.312|46.633|66.208
pig manure,8.3124,46.6329,66.2082,30.0,8.02855,38.60280208,51.3383,,,,,,,22.1387,72.3283,0.408451,0.427015,,,,,Segment B: native,38.60280208,51.3383,8.02855,pig manure|8.312|46.633|66.208
pig manure,8.3124,46.6329,66.2082,45.0,7.88825,30.02033547,44.6468,,,,,,,18.8873,89.5442,0.221831,0.494118,,,,,Segment B: native,30.02033547,44.6468,7.88825,pig manure|8.312|46.633|66.208
pig manure,8.3124,46.6329,66.2082,60.0,7.87847,28.31352679,40.1115,,,,,,,17.948,96.7909,0.133803,0.689325,,,,,Segment B: native,28.31352679,40.1115,7.87847,pig manure|8.312|46.633|66.208
pig manure,8.3124,46.6329,66.2082,75.0,7.84584,28.289395,36.6914,,,,,,,16.7197,109.023,0.0739437,0.893682,,,,,Segment B: native,28.289395,36.6914,7.84584,pig manure|8.312|46.633|66.208
pig manure,8.3124,46.6329,66.2082,90.0,7.86868,28.18402796,34.6097,,,,,,,16.6474,115.071,0.112676,,,,,,Segment B: native,28.18402796,34.6097,7.86868,pig manure|8.312|46.633|66.208
pig manure,8.05139,46.922,66.803,0.0,8.05139,25.3302,66.803,,,,,,,46.922,,0.102113,0.134205,,,,,Segment B: native,25.3302,66.803,8.05139,pig manure|8.051|46.922|66.803
pig manure,8.05139,46.922,66.803,3.0,8.34829,44.3840069,60.4089,,,,,,,52.6301,1.40854,0.320423,0.131155,,,,,Segment B: native,44.3840069,60.4089,8.34829,pig manure|8.051|46.922|66.803
pig manure,8.05139,46.922,66.803,7.0,8.65498,56.28931152,55.5762,,,,,,,52.7023,0.628653,0.65493,0.137255,,,,,Segment B: native,56.28931152,55.5762,8.65498,pig manure|8.051|46.922|66.803
pig manure,8.05139,46.922,66.803,14.0,8.21126,57.70111725,51.5613,,,,,,,35.2168,1.05939,1.28521,0.140305,,,,,Segment B: native,57.70111725,51.5613,8.21126,pig manure|8.051|46.922|66.803
pig manure,8.05139,46.922,66.803,20.0,8.03834,55.04082253,48.5874,,,,,,,27.9913,18.441,0.883803,0.207407,,,,,Segment B: native,55.04082253,48.5874,8.03834,pig manure|8.051|46.922|66.803
pig manure,8.05139,46.922,66.803,30.0,7.90457,37.91258545,44.8699,,,,,,,25.5347,51.9863,0.443662,0.317211,,,,,Segment B: native,37.91258545,44.8699,7.90457,pig manure|8.051|46.922|66.803
pig manure,8.05139,46.922,66.803,45.0,7.71533,31.07909239,40.4089,,,,,,,23.5838,87.3512,0.309859,0.399564,,,,,Segment B: native,31.07909239,40.4089,7.71533,pig manure|8.051|46.922|66.803
pig manure,8.05139,46.922,66.803,60.0,7.75449,29.73966272,37.3606,,,,,,,21.4162,103.372,0.225352,0.54902,,,,,Segment B: native,29.73966272,37.3606,7.75449,pig manure|8.051|46.922|66.803
pig manure,8.05139,46.922,66.803,75.0,7.76101,29.51549911,33.9405,,,,,,,21.3439,108.824,0.116197,0.854031,,,,,Segment B: native,29.51549911,33.9405,7.76101,pig manure|8.051|46.922|66.803
pig manure,8.05139,46.922,66.803,90.0,7.73491,29.34075138,31.8587,,,,,,,19.104,113.277,0.0598592,0.960784,,,,,Segment B: native,29.34075138,31.8587,7.73491,pig manure|8.051|46.922|66.803
pig manure,8.4429,47.6445,67.3978,0.0,8.4429,25.3302,67.3978,,,,,,,47.6445,0.0,0.179577,0.216558,,,,,Segment B: native,25.3302,67.3978,8.4429,pig manure|8.443|47.644|67.398
pig manure,8.4429,47.6445,67.3978,3.0,8.64519,49.67792641,66.8773,,,,,,,48.2225,0.0,0.514085,0.27451,,,,,Segment B: native,49.67792641,66.8773,8.64519,pig manure|8.443|47.644|67.398
pig manure,8.4429,47.6445,67.3978,7.0,9.03344,56.3854369,65.9108,,,,,,,32.8324,0.631309,1.08803,0.265359,,,,,Segment B: native,56.3854369,65.9108,9.03344,pig manure|8.443|47.644|67.398
pig manure,8.4429,47.6445,67.3978,14.0,8.95514,56.5038468,62.342,,,,,,,27.1965,4.05047,1.94014,0.301961,,,,,Segment B: native,56.5038468,62.342,8.95514,pig manure|8.443|47.644|67.398
pig manure,8.4429,47.6445,67.3978,20.0,8.4429,51.86265434,57.7323,,,,,,,21.6329,28.6112,0.954225,0.314161,,,,,Segment B: native,51.86265434,57.7323,8.4429,pig manure|8.443|47.644|67.398
pig manure,8.4429,47.6445,67.3978,30.0,8.22757,38.39821573,54.0892,,,,,,,18.7428,83.6958,0.464789,0.350763,,,,,Segment B: native,38.39821573,54.0892,8.22757,pig manure|8.443|47.644|67.398
pig manure,8.4429,47.6445,67.3978,45.0,8.03834,30.8717666,47.8439,,,,,,,17.0809,109.287,0.239437,0.582571,,,,,Segment B: native,30.8717666,47.8439,8.03834,pig manure|8.443|47.644|67.398
pig manure,8.4429,47.6445,67.3978,60.0,7.89478,29.07803431,43.0855,,,,,,,15.7803,113.942,0.169014,0.750327,,,,,Segment B: native,29.07803431,43.0855,7.89478,pig manure|8.443|47.644|67.398
pig manure,8.4429,47.6445,67.3978,75.0,7.80343,28.95458434,37.658,,,,,,,15.4913,119.193,0.0950704,,,,,,Segment B: native,28.95458434,37.658,7.80343,pig manure|8.443|47.644|67.398
pig manure,8.4429,47.6445,67.3978,90.0,7.7447,28.84320252,35.3532,,,,,,,15.4191,129.629,0.0316901,,,,,,Segment B: native,28.84320252,35.3532,7.7447,pig manure|8.443|47.644|67.398
pig manure,8.05139,46.922,66.803,0.0,8.05139,25.3302,66.803,,,,,,,46.922,,0.102113,0.134205,,,,,Segment B: native,25.3302,66.803,8.05139,pig manure|8.051|46.922|66.803
pig manure,8.05139,46.922,66.803,3.0,8.34829,44.3840069,60.4089,,,,,,,52.6301,1.40854,0.320423,0.131155,,,,,Segment B: native,44.3840069,60.4089,8.34829,pig manure|8.051|46.922|66.803
pig manure,8.05139,46.922,66.803,7.0,8.65498,56.28931152,55.5762,,,,,,,52.7023,0.628653,0.65493,0.137255,,,,,Segment B: native,56.28931152,55.5762,8.65498,pig manure|8.051|46.922|66.803
pig manure,8.05139,46.922,66.803,14.0,8.21126,57.70111725,51.5613,,,,,,,35.2168,1.05939,1.28521,0.140305,,,,,Segment B: native,57.70111725,51.5613,8.21126,pig manure|8.051|46.922|66.803
pig manure,8.05139,46.922,66.803,20.0,8.03834,55.04082253,48.5874,,,,,,,27.9913,18.441,0.883803,0.207407,,,,,Segment B: native,55.04082253,48.5874,8.03834,pig manure|8.051|46.922|66.803
pig manure,8.05139,46.922,66.803,30.0,7.90457,37.91258545,44.8699,,,,,,,25.5347,51.9863,0.443662,0.317211,,,,,Segment B: native,37.91258545,44.8699,7.90457,pig manure|8.051|46.922|66.803
pig manure,8.05139,46.922,66.803,45.0,7.71533,31.07909239,40.4089,,,,,,,23.5838,87.3512,0.309859,0.399564,,,,,Segment B: native,31.07909239,40.4089,7.71533,pig manure|8.051|46.922|66.803
pig manure,8.05139,46.922,66.803,60.0,7.75449,29.73966272,37.3606,,,,,,,21.4162,103.372,0.225352,0.54902,,,,,Segment B: native,29.73966272,37.3606,7.75449,pig manure|8.051|46.922|66.803
pig manure,8.05139,46.922,66.803,75.0,7.76101,29.51549911,33.9405,,,,,,,21.3439,108.824,0.116197,0.854031,,,,,Segment B: native,29.51549911,33.9405,7.76101,pig manure|8.051|46.922|66.803
pig manure,8.05139,46.922,66.803,90.0,7.73491,29.34075138,31.8587,,,,,,,19.104,113.277,0.0598592,0.960784,,,,,Segment B: native,29.34075138,31.8587,7.73491,pig manure|8.051|46.922|66.803
pig manure,8.8801,47.2832,65.8364,0.0,8.8801,25.3302,65.8364,,,,,,,47.2832,0.0,0.0316901,0.100654,,,,,Segment B: native,25.3302,65.8364,8.8801,pig manure|8.88|47.283|65.836
pig manure,8.8801,47.2832,65.8364,3.0,8.94209,49.53019672,67.6952,,,,,,,49.7399,0.612334,0.179577,0.140305,,,,,Segment B: native,49.53019672,67.6952,8.94209,pig manure|8.88|47.283|65.836
pig manure,8.8801,47.2832,65.8364,7.0,9.16069,54.69567452,66.7286,,,,,,,53.2803,1.58339,0.482394,0.125054,,,,,Segment B: native,54.69567452,66.7286,9.16069,pig manure|8.88|47.283|65.836
pig manure,8.8801,47.2832,65.8364,14.0,9.2553,56.24013885,64.5725,,,,,,,39.4075,1.27896,1.02817,0.149455,,,,,Segment B: native,56.24013885,64.5725,9.2553,pig manure|8.88|47.283|65.836
pig manure,8.8801,47.2832,65.8364,20.0,8.86705,51.75709477,61.3011,,,,,,,32.6156,8.26964,0.669014,0.176906,,,,,Segment B: native,51.75709477,61.3011,8.86705,pig manure|8.88|47.283|65.836
pig manure,8.8801,47.2832,65.8364,30.0,8.7137,38.85052123,56.5428,,,,,,,26.3295,18.0808,0.302817,0.338562,,,,,Segment B: native,38.85052123,56.5428,8.7137,pig manure|8.88|47.283|65.836
pig manure,8.8801,47.2832,65.8364,45.0,8.34829,29.50884152,52.0074,,,,,,,19.6098,70.5979,0.176056,0.674074,,,,,Segment B: native,29.50884152,52.0074,8.34829,pig manure|8.88|47.283|65.836
pig manure,8.8801,47.2832,65.8364,60.0,8.4168,27.81958475,46.9517,,,,,,,17.5145,91.2068,0.0880282,0.896732,,,,,Segment B: native,27.81958475,46.9517,8.4168,pig manure|8.88|47.283|65.836
pig manure,8.8801,47.2832,65.8364,75.0,8.23409,27.69618819,41.8216,,,,,,,16.7197,98.4531,0.0492958,,,,,,Segment B: native,27.69618819,41.8216,8.23409,pig manure|8.88|47.283|65.836
pig manure,8.8801,47.2832,65.8364,90.0,8.20473,27.59082114,36.171,,,,,,,16.3584,99.9144,0.028169,,,,,,Segment B: native,27.59082114,36.171,8.20473,pig manure|8.88|47.283|65.836
pig manure,8.05139,46.922,66.803,0.0,8.05139,25.3302,66.803,,,,,,,46.922,,0.102113,0.134205,,,,,Segment B: native,25.3302,66.803,8.05139,pig manure|8.051|46.922|66.803
pig manure,8.05139,46.922,66.803,3.0,8.34829,44.3840069,60.4089,,,,,,,52.6301,1.40854,0.320423,0.131155,,,,,Segment B: native,44.3840069,60.4089,8.34829,pig manure|8.051|46.922|66.803
pig manure,8.05139,46.922,66.803,7.0,8.65498,56.28931152,55.5762,,,,,,,52.7023,0.628653,0.65493,0.137255,,,,,Segment B: native,56.28931152,55.5762,8.65498,pig manure|8.051|46.922|66.803
pig manure,8.05139,46.922,66.803,14.0,8.21126,57.70111725,51.5613,,,,,,,35.2168,1.05939,1.28521,0.140305,,,,,Segment B: native,57.70111725,51.5613,8.21126,pig manure|8.051|46.922|66.803
pig manure,8.05139,46.922,66.803,20.0,8.03834,55.04082253,48.5874,,,,,,,27.9913,18.441,0.883803,0.207407,,,,,Segment B: native,55.04082253,48.5874,8.03834,pig manure|8.051|46.922|66.803
pig manure,8.05139,46.922,66.803,30.0,7.90457,37.91258545,44.8699,,,,,,,25.5347,51.9863,0.443662,0.317211,,,,,Segment B: native,37.91258545,44.8699,7.90457,pig manure|8.051|46.922|66.803
pig manure,8.05139,46.922,66.803,45.0,7.71533,31.07909239,40.4089,,,,,,,23.5838,87.3512,0.309859,0.399564,,,,,Segment B: native,31.07909239,40.4089,7.71533,pig manure|8.051|46.922|66.803
pig manure,8.05139,46.922,66.803,60.0,7.75449,29.73966272,37.3606,,,,,,,21.4162,103.372,0.225352,0.54902,,,,,Segment B: native,29.73966272,37.3606,7.75449,pig manure|8.051|46.922|66.803
pig manure,8.05139,46.922,66.803,75.0,7.76101,29.51549911,33.9405,,,,,,,21.3439,108.824,0.116197,0.854031,,,,,Segment B: native,29.51549911,33.9405,7.76101,pig manure|8.051|46.922|66.803
pig manure,8.05139,46.922,66.803,90.0,7.73491,29.34075138,31.8587,,,,,,,19.104,113.277,0.0598592,0.960784,,,,,Segment B: native,29.34075138,31.8587,7.73491,pig manure|8.051|46.922|66.803
pig manure,9.24551,48.5838,66.6543,0.0,9.24551,25.3302,66.6543,,,,,,,47.5,0.0,0.0246479,0.131155,,,,,Segment B: native,25.3302,66.6543,9.24551,pig manure|9.246|48.584|66.654
pig manure,9.24551,48.5838,66.6543,3.0,9.30424,49.81934527,67.4721,,,,,,,48.5838,0.412144,0.197183,0.131155,,,,,Segment B: native,49.81934527,67.4721,9.30424,pig manure|9.246|48.584|66.654
pig manure,9.24551,48.5838,66.6543,7.0,9.35644,53.3043969,66.3569,,,,,,,56.6763,1.02903,0.390845,0.149455,,,,,Segment B: native,53.3043969,66.3569,9.35644,pig manure|9.246|48.584|66.654
pig manure,9.24551,48.5838,66.6543,14.0,9.29445,55.98063885,64.1264,,,,,,,44.1763,1.45712,0.897887,0.149455,,,,,Segment B: native,55.98063885,64.1264,9.29445,pig manure|9.246|48.584|66.654
pig manure,9.24551,48.5838,66.6543,20.0,8.9845,50.34950889,62.6394,,,,,,,36.5173,6.87362,0.5,0.210458,,,,,Segment B: native,50.34950889,62.6394,8.9845,pig manure|9.246|48.584|66.654
pig manure,9.24551,48.5838,66.6543,30.0,8.6093,38.35370419,58.9963,,,,,,,29.5809,12.697,0.211268,0.356863,,,,,Segment B: native,38.35370419,58.9963,8.6093,pig manure|9.246|48.584|66.654
pig manure,9.24551,48.5838,66.6543,45.0,8.42333,30.47647678,52.8996,,,,,,,21.5607,66.4102,0.0492958,0.768627,,,,,Segment B: native,30.47647678,52.8996,8.42333,pig manure|9.246|48.584|66.654
pig manure,9.24551,48.5838,66.6543,60.0,8.36134,28.78775189,46.2082,,,,,,,20.1156,88.2157,0.0246479,0.963834,,,,,Segment B: native,28.78775189,46.2082,8.36134,pig manure|9.246|48.584|66.654
pig manure,9.24551,48.5838,66.6543,75.0,8.29935,28.52020647,42.2677,,,,,,,18.3092,97.0567,0.0176056,,,,,,Segment B: native,28.52020647,42.2677,8.29935,pig manure|9.246|48.584|66.654
pig manure,9.24551,48.5838,66.6543,90.0,8.28956,28.34545874,35.7993,,,,,,,17.0809,99.1175,0.0176056,,,,,,Segment B: native,28.34545874,35.7993,8.28956,pig manure|9.246|48.584|66.654
food waste,7.4,13.0,37.7,0.0,7.4,28.885,37.7,,,,,,,,,,,,,,,Segment B: native,28.885,37.7,7.4,food waste|7.4|13.0|37.7
food waste,7.4,13.0,37.7,7.0,8.4,59.1858,32.9,,,,,,,,,,,,,,,Segment B: native,59.1858,32.9,8.4,food waste|7.4|13.0|37.7
food waste,7.4,13.0,37.7,14.0,7.8,59.8938,31.6,,,,,,,,,,,,,,,Segment B: native,59.8938,31.6,7.8,food waste|7.4|13.0|37.7
food waste,7.4,13.0,37.7,21.0,7.4,42.0531,30.8,,,,,,,,,,,,,,,Segment B: native,42.0531,30.8,7.4,food waste|7.4|13.0|37.7
food waste,7.4,13.0,37.7,90.0,6.6,44.44187446,20.2,,,,,,,,,,,,,,,Segment B: native,44.44187446,20.2,6.6,food waste|7.4|13.0|37.7
food waste,6.3,13.3,37.2,0.0,6.3,28.6018,37.2,,,,,,,,,,,,,,,Segment B: native,28.6018,37.2,6.3,food waste|6.3|13.3|37.2
food waste,6.3,13.3,37.2,7.0,8.2,59.0442,37.2,,,,,,,,,,,,,,,Segment B: native,59.0442,37.2,8.2,food waste|6.3|13.3|37.2
food waste,6.3,13.3,37.2,14.0,7.9,60.4602,33.9,,,,,,,,,,,,,,,Segment B: native,60.4602,33.9,7.9,food waste|6.3|13.3|37.2
food waste,6.3,13.3,37.2,21.0,7.7,38.0885,31.6,,,,,,,,,,,,,,,Segment B: native,38.0885,31.6,7.7,food waste|6.3|13.3|37.2
food waste,6.3,13.3,37.2,90.0,4.7,42.81945809,24.2,,,,,,,,,,,,,,,Segment B: native,42.81945809,24.2,4.7,food waste|6.3|13.3|37.2
food waste,6.3,13.7,37.0,0.0,6.3,28.3186,37.0,,,,,,,,,,,,,,,Segment B: native,28.3186,37.0,6.3,food waste|6.3|13.7|37.0
food waste,6.3,13.7,37.0,7.0,7.9,57.9115,35.3,,,,,,,,,,,,,,,Segment B: native,57.9115,35.3,7.9,food waste|6.3|13.7|37.0
food waste,6.3,13.7,37.0,14.0,7.8,59.6106,32.8,,,,,,,,,,,,,,,Segment B: native,59.6106,32.8,7.8,food waste|6.3|13.7|37.0
food waste,6.3,13.7,37.0,21.0,7.2,39.9292,21.1,,,,,,,,,,,,,,,Segment B: native,39.9292,21.1,7.2,food waste|6.3|13.7|37.0
food waste,6.3,13.7,37.0,90.0,5.2,43.31184218,24.6,,,,,,,,,,,,,,,Segment B: native,43.31184218,24.6,5.2,food waste|6.3|13.7|37.0
food waste,6.5,14.4,36.8,0.0,6.5,28.7434,36.8,,,,,,,,,,,,,,,Segment B: native,28.7434,36.8,6.5,food waste|6.5|14.4|36.8
food waste,6.5,14.4,36.8,7.0,8.0,59.469,35.2,,,,,,,,,,,,,,,Segment B: native,59.469,35.2,8.0,food waste|6.5|14.4|36.8
food waste,6.5,14.4,36.8,14.0,7.9,55.0796,33.2,,,,,,,,,,,,,,,Segment B: native,55.0796,33.2,7.9,food waste|6.5|14.4|36.8
food waste,6.5,14.4,36.8,21.0,7.4,38.7965,31.4,,,,,,,,,,,,,,,Segment B: native,38.7965,31.4,7.4,food waste|6.5|14.4|36.8
food waste,6.5,14.4,36.8,90.0,5.7,43.38640468,28.7,,,,,,,,,,,,,,,Segment B: native,43.38640468,28.7,5.7,food waste|6.5|14.4|36.8
poultry manure,7.0,21.3,59.5,0.0,7.0,37.5,59.5,,,,,,,21.3,,0.597692,0.00360825,,,,,Segment B: native,37.5,59.5,7.0,poultry manure|7.0|21.3|59.5
poultry manure,7.0,21.3,59.5,7.0,8.0,61.5,67.9,,,,,,,17.7,,0.692308,0.00360825,,,,,Segment B: native,61.5,67.9,8.0,poultry manure|7.0|21.3|59.5
poultry manure,7.0,21.3,59.5,14.0,8.5,60.0,68.5,,,,,,,15.6,,0.140769,0.00180412,,,,,Segment B: native,60.0,68.5,8.5,poultry manure|7.0|21.3|59.5
poultry manure,7.0,21.3,59.5,21.0,8.5,43.0,71.7,,,,,,,13.5,,0.00692308,0.00180412,,,,,Segment B: native,43.0,71.7,8.5,poultry manure|7.0|21.3|59.5
poultry manure,7.0,21.3,59.5,28.0,8.5,40.5,67.3,,,,,,,15.7,,0.00923077,0.00180412,,,,,Segment B: native,40.5,67.3,8.5,poultry manure|7.0|21.3|59.5
poultry manure,7.0,21.3,59.5,35.0,8.5,39.0,57.9,,,,,,,17.7,,0.0161538,0.00180412,,,,,Segment B: native,39.0,57.9,8.5,poultry manure|7.0|21.3|59.5
poultry manure,7.0,21.3,59.5,47.0,10.4,33.2,58.3,,,,,,,14.0,,0.0138462,0.00360825,,,,,Segment B: native,33.2,58.3,10.4,poultry manure|7.0|21.3|59.5
poultry manure,7.0,21.3,59.5,60.0,11.0,34.0,36.9,,,,,,,14.9,,0.00692308,0.604381,,,,,Segment B: native,34.0,36.9,11.0,poultry manure|7.0|21.3|59.5
poultry manure,8.0,17.8,59.3,0.0,8.0,37.0,59.3,,,,,,,17.8,,0.431538,0.0216495,,,,,Segment B: native,37.0,59.3,8.0,poultry manure|8.0|17.8|59.3
poultry manure,8.0,17.8,59.3,7.0,9.1,58.9,76.1,,,,,,,13.3,,0.0969231,0.0198454,,,,,Segment B: native,58.9,76.1,9.1,poultry manure|8.0|17.8|59.3
poultry manure,8.0,17.8,59.3,14.0,9.2,51.8,68.5,,,,,,,11.6,,0.235385,0.0703608,,,,,Segment B: native,51.8,68.5,9.2,poultry manure|8.0|17.8|59.3
poultry manure,8.0,17.8,59.3,21.0,9.2,39.4,75.7,,,,,,,11.7,,0.500769,0.631443,,,,,Segment B: native,39.4,75.7,9.2,poultry manure|8.0|17.8|59.3
poultry manure,8.0,17.8,59.3,28.0,9.6,34.5,75.3,,,,,,,11.9,,0.0138462,0.461856,,,,,Segment B: native,34.5,75.3,9.6,poultry manure|8.0|17.8|59.3
poultry manure,8.0,17.8,59.3,35.0,9.4,33.4,80.1,,,,,,,11.2,,0.177692,0.00360825,,,,,Segment B: native,33.4,80.1,9.4,poultry manure|8.0|17.8|59.3
poultry manure,8.0,17.8,59.3,47.0,9.8,33.1,73.2,,,,,,,11.2,,0.161538,0.194845,,,,,Segment B: native,33.1,73.2,9.8,poultry manure|8.0|17.8|59.3
poultry manure,8.0,17.8,59.3,60.0,9.9,33.4,65.3,,,,,,,11.3,,0.110769,0.138918,,,,,Segment B: native,33.4,65.3,9.9,poultry manure|8.0|17.8|59.3
poultry manure,7.42442,24.8178,65.0,0.0,7.42442,28.1081,65.0,,,,,,,24.8178,,0.306358,0.0027071,,,,0.019485,Segment B: native,28.1081,65.0,7.42442,poultry manure|7.424|24.818|65.0
poultry manure,7.42442,24.8178,65.0,6.99346,8.2085,55.2124,57.83962357,,,,,,,23.9433,,0.435453,0.00250296,,,,,Segment B: native,55.2124,57.83962357,8.2085,poultry manure|7.424|24.818|65.0
poultry manure,7.42442,24.8178,65.0,13.9869,8.10302,46.5251,53.31892901,,,,,,,23.0688,,0.38921,0.00261834,,,,0.757721,Segment B: native,46.5251,53.31892901,8.10302,poultry manure|7.424|24.818|65.0
poultry manure,7.42442,24.8178,65.0,20.9804,8.04988,43.7452,55.35986747,,,,,,,22.0972,,0.376686,0.00268935,,,,0.595442,Segment B: native,43.7452,55.35986747,8.04988,poultry manure|7.424|24.818|65.0
poultry manure,7.42442,24.8178,65.0,30.915,7.78709,33.2046,53.94445614,,,,,,,21.5142,,0.250482,0.00268935,,,,0.313296,Segment B: native,33.2046,53.94445614,7.78709,poultry manure|7.424|24.818|65.0
poultry manure,7.42442,24.8178,65.0,40.9804,7.80336,35.0579,50.54834785,,,,,,,21.0607,,0.264933,0.00265385,,,,0.314438,Segment B: native,35.0579,50.54834785,7.80336,poultry manure|7.424|24.818|65.0
poultry manure,7.42442,24.8178,65.0,50.0,7.77326,30.1931,51.66944225,,,,,,,19.5385,,0.200385,0.0027071,,,,0.0936347,Segment B: native,30.1931,51.66944225,7.77326,poultry manure|7.424|24.818|65.0
poultry manure,7.62209,25.9514,65.0,0.0,7.62209,28.1081,65.0,,,,,,,25.9514,,0.302505,0.0027071,,,,0.0228119,Segment B: native,28.1081,65.0,7.62209,poultry manure|7.622|25.951|65.0
poultry manure,7.62209,25.9514,65.0,6.99346,8.40035,57.9923,60.88427483,,,,,,,23.2632,,0.38632,0.00252959,,,,0.896235,Segment B: native,57.9923,60.88427483,8.40035,poultry manure|7.622|25.951|65.0
poultry manure,7.62209,25.9514,65.0,13.9869,8.19605,50.0,60.29879298,,,,,,,22.6478,,0.339114,0.0027071,,,,0.590412,Segment B: native,50.0,60.29879298,8.19605,poultry manure|7.622|25.951|65.0
poultry manure,7.62209,25.9514,65.0,20.9804,8.10802,42.471,55.45742426,,,,,,,19.9595,,0.319846,0.00284911,,,,0.559317,Segment B: native,42.471,55.45742426,8.10802,poultry manure|7.622|25.951|65.0
poultry manure,7.62209,25.9514,65.0,30.915,7.82198,32.1622,53.51180103,,,,,,,19.3117,,0.239884,0.00275148,,,,0.228693,Segment B: native,32.1622,53.51180103,7.82198,poultry manure|7.622|25.951|65.0
poultry manure,7.62209,25.9514,65.0,40.9804,7.90221,33.668,50.81650139,,,,,,,20.0243,,0.2158,0.00276923,,,,0.225079,Segment B: native,33.668,50.81650139,7.90221,poultry manure|7.622|25.951|65.0
poultry manure,7.62209,25.9514,65.0,50.0654,7.80813,30.4247,53.11252814,,,,,,,18.0162,,0.143545,0.00275148,,,,0.00380468,Segment B: native,30.4247,53.11252814,7.80813,poultry manure|7.622|25.951|65.0
poultry manure,7.70349,27.1174,65.0,0.0653595,7.70349,28.3398,65.0,,,,,,,27.1174,,0.295761,0.00268935,,,,0.0280405,Segment B: native,28.3398,65.0,7.70349,poultry manure|7.703|27.117|65.0
poultry manure,7.70349,27.1174,65.0,7.05882,8.46431,59.2664,60.10556828,,,,,,,23.004,,0.38921,0.00259172,,,,0.797847,Segment B: native,59.2664,60.10556828,8.46431,poultry manure|7.703|27.117|65.0
poultry manure,7.70349,27.1174,65.0,13.9869,8.24837,54.0541,61.51983121,,,,,,,21.9352,,0.364162,0.0026716,,,,0.481566,Segment B: native,54.0541,61.51983121,8.24837,poultry manure|7.703|27.117|65.0
poultry manure,7.70349,27.1174,65.0,21.0458,8.16035,43.2819,56.58589364,,,,,,,19.4737,,0.33526,0.00283136,,,,0.464254,Segment B: native,43.2819,56.58589364,8.16035,poultry manure|7.703|27.117|65.0
poultry manure,7.70349,27.1174,65.0,30.9804,7.90337,32.8571,54.77257807,,,,,,,18.9555,,0.27264,0.00291124,,,,0.0856239,Segment B: native,32.8571,54.77257807,7.90337,poultry manure|7.703|27.117|65.0
poultry manure,7.70349,27.1174,65.0,40.9804,7.98942,31.0039,51.83820118,,,,,,,19.8947,,0.252408,0.00288462,,,,0.0653739,Segment B: native,31.0039,51.83820118,7.98942,poultry manure|7.703|27.117|65.0
poultry manure,7.70349,27.1174,65.0,50.0,7.87791,31.0039,52.63522697,,,,,,,17.4656,,0.128131,0.0027426,,,,0.00332717,Segment B: native,31.0039,52.63522697,7.87791,poultry manure|7.703|27.117|65.0
poultry manure,7.81395,28.3158,65.0,0.0653595,7.81395,27.9923,65.0,,,,,,,28.3158,,0.289017,0.00275148,,,,0.0251903,Segment B: native,27.9923,65.0,7.81395,poultry manure|7.814|28.316|65.0
poultry manure,7.81395,28.3158,65.0,6.99346,8.51663,60.0772,58.67639222,,,,,,,23.0364,,0.362235,0.00260947,,,,0.798324,Segment B: native,60.0772,58.67639222,8.51663,poultry manure|7.814|28.316|65.0
poultry manure,7.81395,28.3158,65.0,14.0523,8.30652,50.2317,58.09713899,,,,,,,21.8704,,0.359345,0.00265385,,,,0.477764,Segment B: native,50.2317,58.09713899,8.30652,poultry manure|7.814|28.316|65.0
poultry manure,7.81395,28.3158,65.0,20.915,8.21267,42.5869,54.84202141,,,,,,,19.247,,0.300578,0.00280473,,,,0.430032,Segment B: native,42.5869,54.84202141,8.21267,poultry manure|7.814|28.316|65.0
poultry manure,7.81395,28.3158,65.0,30.9804,8.10686,31.1197,53.62655963,,,,,,,18.8583,,0.24662800000000001,0.00276036,,,,0.0461712,Segment B: native,31.1197,53.62655963,8.10686,poultry manure|7.814|28.316|65.0
poultry manure,7.81395,28.3158,65.0,40.9804,8.03592,32.5097,51.14044308,,,,,,,19.7652,,0.210983,0.00283136,,,,0.0397083,Segment B: native,32.5097,51.14044308,8.03592,poultry manure|7.814|28.316|65.0
poultry manure,7.81395,28.3158,65.0,50.0,7.9593,29.9614,51.39624364,,,,,,,16.2996,,0.0992293,0.00280473,,,,0.00428246,Segment B: native,29.9614,51.39624364,7.9593,poultry manure|7.814|28.316|65.0
pig manure,7.43,27.5,64.35,0.0687023,7.43,31.9061,64.35,,,,,,,27.5,,1.22927,0.00221837,,,,,Segment B: native,31.9061,64.35,7.43,pig manure|7.43|27.5|64.35
pig manure,7.43,27.5,64.35,3.0229,8.622113291,56.0417,61.10695929,,,,,,,,,1.31463,0.0101046,,,,,Segment B: native,56.0417,61.10695929,8.622113291,pig manure|7.43|27.5|64.35
pig manure,7.43,27.5,64.35,6.01145,9.02,51.4978,62.38,,,,,,,,,0.670732,0.00626056,,,,,Segment B: native,51.4978,62.38,9.02,pig manure|7.43|27.5|64.35
pig manure,7.43,27.5,64.35,13.0191,8.54,39.9848,63.71,,,,,,,,,0.35122,0.00474548,,,,,Segment B: native,39.9848,63.71,8.54,pig manure|7.43|27.5|64.35
pig manure,7.43,27.5,64.35,20.0611,8.92,29.3823,66.16,,,,,,,,,0.443902,0.00373345,,,,,Segment B: native,29.3823,66.16,8.92,pig manure|7.43|27.5|64.35
pig manure,7.43,27.5,64.35,27.0,8.88,26.9741,66.92,,,,,,,,,0.502439,0.00644858,,,,,Segment B: native,26.9741,66.92,8.88,pig manure|7.43|27.5|64.35
pig manure,7.5,27.5,63.26,0.0687023,7.5,32.7405,63.26,,,,,,,27.5,,1.0,0.00345312,,,,,Segment B: native,32.7405,63.26,7.5,pig manure|7.5|27.5|63.26
pig manure,7.5,27.5,63.26,3.05725,8.590861841,54.8278,59.47416247,,,,,,,,,1.00732,0.00857254,,,,,Segment B: native,54.8278,59.47416247,8.590861841,pig manure|7.5|27.5|63.26
pig manure,7.5,27.5,63.26,6.0458,9.044,58.554,63.08,,,,,,,,,0.582927,0.0050258,,,,,Segment B: native,58.554,63.08,9.044,pig manure|7.5|27.5|63.26
pig manure,7.5,27.5,63.26,13.0191,8.88,31.7148,53.68,,,,,,,,,0.097561,0.00419673,,,,,Segment B: native,31.7148,53.68,8.88,pig manure|7.5|27.5|63.26
pig manure,7.5,27.5,63.26,20.0267,8.79,28.6235,49.28,,,,,,,,,0.256098,0.0031847,,,,,Segment B: native,28.6235,49.28,8.79,pig manure|7.5|27.5|63.26
pig manure,7.5,27.5,63.26,27.0,8.92,27.2776,52.75,,,,,,,,,0.153659,0.00457355,,,,,Segment B: native,27.2776,52.75,8.92,pig manure|7.5|27.5|63.26
pig manure,7.55,27.5,66.7,0.0687023,7.55,30.8437,66.7,,,,,,,27.5,,1.25854,0.0048251,,,,,Segment B: native,30.8437,66.7,7.55,pig manure|7.55|27.5|66.7
pig manure,7.55,27.5,66.7,3.0229,8.679089084,60.5941,62.03440237,,,,,,,,,1.48537,0.0109963,,,,,Segment B: native,60.5941,62.03440237,8.679089084,pig manure|7.55|27.5|66.7
pig manure,7.55,27.5,66.7,6.0458,9.05,55.595,68.7,,,,,,,,,1.02683,0.00546023,,,,,Segment B: native,55.595,68.7,9.05,pig manure|7.55|27.5|66.7
pig manure,7.55,27.5,66.7,13.0878,8.42,45.22,68.34,,,,,,,,,0.446341,0.00378511,,,,,Segment B: native,45.22,68.34,8.42,pig manure|7.55|27.5|66.7
pig manure,7.55,27.5,66.7,20.0611,8.61,33.3276,72.28,,,,,,,,,0.336585,0.00608866,,,,,Segment B: native,33.3276,72.28,8.61,pig manure|7.55|27.5|66.7
pig manure,7.55,27.5,66.7,27.0344,8.93,28.7951,72.8,,,,,,,,,0.492683,0.0030187,,,,,Segment B: native,28.7951,72.8,8.93,pig manure|7.55|27.5|66.7
pig manure,7.51,27.5,63.76,0.0687023,7.51,32.8921,63.76,,,,,,,27.5,,0.843902,0.00384187,,,,,Segment B: native,32.8921,63.76,7.51,pig manure|7.51|27.5|63.76
pig manure,7.51,27.5,63.76,3.0229,8.566027705,55.1312,59.71198443,,,,,,,,,0.946341,0.0109735,,,,,Segment B: native,55.1312,59.71198443,8.566027705,pig manure|7.51|27.5|63.76
pig manure,7.51,27.5,63.76,6.0458,9.05,60.4507,67.89,,,,,,,,,0.619512,0.0068551,,,,,Segment B: native,60.4507,67.89,9.05,pig manure|7.51|27.5|63.76
pig manure,7.51,27.5,63.76,13.0191,8.68,38.6192,64.93,,,,,,,,,0.243902,0.00646042,,,,,Segment B: native,38.6192,64.93,8.68,pig manure|7.51|27.5|63.76
pig manure,7.51,27.5,63.76,20.0267,8.67,29.458,67.38,,,,,,,,,0.25122,0.00547125,,,,,Segment B: native,29.458,67.38,8.67,pig manure|7.51|27.5|63.76
pig manure,7.51,27.5,63.76,27.0344,8.99,27.6569,64.37,,,,,,,,,0.263415,0.0057626,,,,,Segment B: native,27.6569,64.37,8.99,pig manure|7.51|27.5|63.76
food waste,8.41222,22.0378,52.5,0.0,8.41222,24.9315,52.5,,,,,,,22.0378,,2.73913,,,,,0.881697,Segment B: native,24.9315,52.5,8.41222,food waste|8.412|22.038|52.5
food waste,8.41222,22.0378,52.5,3.09735,8.08448,49.589,52.00772386,,,,,,,16.0479,,2.13643,,,,,,Segment B: native,49.589,52.00772386,8.08448,food waste|8.412|22.038|52.5
food waste,8.41222,22.0378,52.5,6.99115,7.84852,43.1963,52.36227519,,,,,,,14.5943,,1.90255,,,,,,Segment B: native,43.1963,52.36227519,7.84852,food waste|8.412|22.038|52.5
food waste,8.41222,22.0378,52.5,10.0442,7.62002,41.5525,52.29082654,,,,,,,14.1673,,1.35832,0.00404798,,,,,Segment B: native,41.5525,52.29082654,7.62002,food waste|8.412|22.038|52.5
food waste,8.41222,22.0378,52.5,13.9823,7.27717,39.726,53.38173571,,,,,,,13.7834,,0.913043,0.0296852,,,,,Segment B: native,39.726,53.38173571,7.27717,food waste|8.412|22.038|52.5
food waste,8.41222,22.0378,52.5,20.9735,7.17151,34.6119,51.66461446,,,,,,,13.4433,,0.598201,0.0447526,,,,,Segment B: native,34.6119,51.66461446,7.17151,food waste|8.412|22.038|52.5
food waste,8.41222,22.0378,52.5,28.0088,7.16506,31.4155,54.40479091,,,,,,,13.36,,0.337331,0.0643178,,,,,Segment B: native,31.4155,54.40479091,7.16506,food waste|8.412|22.038|52.5
food waste,8.41222,22.0378,52.5,41.9912,7.14455,30.8676,53.66189427,,,,,,,12.5514,,0.0764618,0.101649,0.589877,,,,Segment B: native,30.8676,53.66189427,7.14455,food waste|8.412|22.038|52.5
food waste,8.64886,22.3374,52.5,0.0,8.64886,25.0228,52.5,,,,,,,22.3374,,1.98801,,,,,,Segment B: native,25.0228,52.5,8.64886,food waste|8.649|22.337|52.5
food waste,8.64886,22.3374,52.5,3.0531,8.2448,65.0228,51.97463977,,,,,,,15.929,,1.69565,0.00247376,,,,,Segment B: native,65.0228,51.97463977,8.2448,food waste|8.649|22.337|52.5
food waste,8.64886,22.3374,52.5,6.99115,7.98593,61.5525,52.38768812,,,,,,,14.0285,,1.23238,0.0017991,,,,,Segment B: native,61.5525,52.38768812,7.98593,food waste|8.649|22.337|52.5
food waste,8.64886,22.3374,52.5,10.0442,7.63529,64.7489,52.477635480000004,,,,,,,13.2069,,0.751124,0.00314843,,,,,Segment B: native,64.7489,52.477635480000004,7.63529,food waste|8.649|22.337|52.5
food waste,8.64886,22.3374,52.5,14.0708,7.46803,58.5388,52.40601558,,,,,,,13.1653,,0.512744,0.0350825,,,,,Segment B: native,58.5388,52.40601558,7.46803,food waste|8.649|22.337|52.5
food waste,8.64886,22.3374,52.5,21.0619,7.46921,38.6301,51.16360651,,,,,,,12.6968,,0.296852,0.0132684,,,,,Segment B: native,38.6301,51.16360651,7.46921,food waste|8.649|22.337|52.5
food waste,8.64886,22.3374,52.5,28.0531,7.36353,31.8721,53.81520568,,,,,,,12.1998,,0.0449775,0.0152924,,,,,Segment B: native,31.8721,53.81520568,7.36353,food waste|8.649|22.337|52.5
food waste,8.64886,22.3374,52.5,41.9912,7.52622,30.9589,52.85362971,,,,,,,11.8239,,0.0494753,0.0371064,,,,0.366236,Segment B: native,30.9589,52.85362971,7.52622,food waste|8.649|22.337|52.5
food waste,8.59543,21.5671,52.5,0.0,8.59543,25.1142,52.5,,,,,,,21.5671,,2.12294,,0.576578,,,,Segment B: native,25.1142,52.5,8.59543,food waste|8.595|21.567|52.5
food waste,8.59543,21.5671,52.5,3.00885,8.30586,64.2922,51.97463977,,,,,,,15.7151,,1.29535,0.00337331,,,,,Segment B: native,64.2922,51.97463977,8.30586,food waste|8.595|21.567|52.5
food waste,8.59543,21.5671,52.5,6.99115,7.81034,60.7306,52.22155744,,,,,,,13.6291,,0.652174,0.00247376,,,,,Segment B: native,60.7306,52.22155744,7.81034,food waste|8.595|21.567|52.5
food waste,8.59543,21.5671,52.5,10.0442,7.8872,64.2009,52.15920692,,,,,,,13.4969,,0.715142,0.00472264,,,,,Segment B: native,64.2009,52.15920692,7.8872,food waste|8.595|21.567|52.5
food waste,8.59543,21.5671,52.5,14.115,7.88025,62.4658,52.21968867,,,,,,,12.5044,,0.638681,0.0323838,,,,,Segment B: native,62.4658,52.21968867,7.88025,food waste|8.595|21.567|52.5
food waste,8.59543,21.5671,52.5,21.0177,7.83562,43.4703,50.09417168,,,,,,,12.0978,,0.112444,0.0166417,,,,,Segment B: native,43.4703,50.09417168,7.83562,food waste|8.595|21.567|52.5
food waste,8.59543,21.5671,52.5,28.0088,7.91314,32.4201,52.51634259,,,,,,,11.8337,,0.0269865,0.0211394,,,,,Segment B: native,32.4201,52.51634259,7.91314,food waste|8.595|21.567|52.5
food waste,8.59543,21.5671,52.5,42.0354,7.77811,30.9589,52.3974852,,,,,,,11.6955,,0.116942,0.0071964,0.43167,,,,Segment B: native,30.9589,52.3974852,7.77811,food waste|8.595|21.567|52.5
food waste,8.55725,21.9523,52.5,0.0,8.55725,25.0228,52.5,,,,,,,21.9523,,2.50975,,,,,,Segment B: native,25.0228,52.5,8.55725,food waste|8.557|21.952|52.5
food waste,8.55725,21.9523,52.5,3.0531,8.13028,59.8174,51.99229091,,,,,,,17.0036,,0.724138,0.00112444,,,,,Segment B: native,59.8174,51.99229091,8.13028,food waste|8.557|21.952|52.5
food waste,8.55725,21.9523,52.5,6.99115,7.85614,64.6575,52.26674678,,,,,,,13.8431,,0.301349,0.00314843,,,,,Segment B: native,64.6575,52.26674678,7.85614,food waste|8.557|21.952|52.5
food waste,8.55725,21.9523,52.5,10.0442,7.99409,62.9224,52.32611805,,,,,,,12.7647,,0.0989505,0.00494753,,,,,Segment B: native,62.9224,52.32611805,7.99409,food waste|8.557|21.952|52.5
food waste,8.55725,21.9523,52.5,14.0265,7.98712,63.2877,52.36205362,,,,,,,12.048,,0.053973,0.0053973,,,,,Segment B: native,63.2877,52.36205362,7.98712,food waste|8.557|21.952|52.5
food waste,8.55725,21.9523,52.5,21.0619,7.91198,45.6621,50.13073271,,,,,,,11.8838,,0.0449775,0.0202399,,,,,Segment B: native,45.6621,50.13073271,7.91198,food waste|8.557|21.952|52.5
food waste,8.55725,21.9523,52.5,28.0088,7.86736,32.7854,52.15303452,,,,,,,11.4296,,0.017991,0.0425037,,,,,Segment B: native,32.7854,52.15303452,7.86736,food waste|8.557|21.952|52.5
food waste,8.55725,21.9523,52.5,42.0354,7.91552,31.1416,52.22130679,,,,,,,11.3865,,0.089955,0.0638681,0.405144,,,,Segment B: native,31.1416,52.22130679,7.91552,food waste|8.557|21.952|52.5
green waste,6.0,25.0,56.01,0.0,6.0,28.83986358,56.01,,,,,,,25.0,24.1523,0.988613,,,,,,Segment B: native,28.83986358,56.01,6.0,green waste|6.0|25.0|56.01
green waste,6.0,25.0,56.01,4.0,6.415226634,55.51856008,55.6788,,,,,,,,18.9564,1.28192,,,,,,Segment B: native,55.51856008,55.6788,6.415226634,green waste|6.0|25.0|56.01
green waste,6.0,25.0,56.01,8.0,7.371612328,52.07033312,55.6788,,,,,,,,16.6154,3.25311,,,,,,Segment B: native,52.07033312,55.6788,7.371612328,green waste|6.0|25.0|56.01
green waste,6.0,25.0,56.01,12.0,7.771268957,48.820745,55.0096,,,,,,,,9.59239,3.79658,,,,,,Segment B: native,48.820745,55.0096,7.771268957,green waste|6.0|25.0|56.01
green waste,6.0,25.0,56.01,16.0,7.757558537,44.80200322,55.4111,,,,,,,,24.1713,3.60248,,,,,,Segment B: native,44.80200322,55.4111,7.757558537,green waste|6.0|25.0|56.01
green waste,6.0,25.0,56.01,23.0,7.846261478,42.65352545,54.608,,,,,,,,28.2633,3.14441,,,,,,Segment B: native,42.65352545,54.608,7.846261478,green waste|6.0|25.0|56.01
green waste,6.0,25.0,56.01,30.0,7.868639292,37.30943774,55.1434,,,,,,,,51.0642,3.14441,,,,,,Segment B: native,37.30943774,55.1434,7.868639292,green waste|6.0|25.0|56.01
green waste,6.0,25.0,56.01,37.0,7.849066524,36.59236071,53.4034,,,,,,,,53.6336,0.395963,,,,,,Segment B: native,36.59236071,53.4034,7.849066524,green waste|6.0|25.0|56.01
green waste,6.0,25.0,56.01,44.0,7.97,36.37308312,53.9388,,,,,,,,80.1,0.25064,0.37358,,,,,Segment B: native,36.37308312,53.9388,7.97,green waste|6.0|25.0|56.01
green waste,6.0,25.0,56.01,51.0,7.97,35.93300925,53.0019,,,,,,,,76.91,0.21717,0.47738,,,,,Segment B: native,35.93300925,53.0019,7.97,green waste|6.0|25.0|56.01
green waste,6.0,25.0,56.01,58.0,7.95,35.74152614,52.3327,,,,,,,,71.5,0.07775,0.96591,,,,,Segment B: native,35.74152614,52.3327,7.95,green waste|6.0|25.0|56.01
green waste,6.0,25.0,56.01,65.0,7.84,38.32637614,51.7973,,,,,,,,94.83,0.0468,,,,,,Segment B: native,38.32637614,51.7973,7.84,green waste|6.0|25.0|56.01
green waste,6.0,25.0,55.84,0.0,6.0,30.82057727,55.84,,,,,,,25.0,26.9881,0.956694,,,,,,Segment B: native,30.82057727,55.84,6.0,green waste|6.0|25.0|55.84
green waste,6.0,25.0,55.84,4.0,6.248639014,56.01240139,55.1434,,,,,,,,30.8898,1.1068,,,,,,Segment B: native,56.01240139,55.1434,6.248639014,green waste|6.0|25.0|55.84
green waste,6.0,25.0,55.84,8.0,7.116836314,53.97249344,51.5296,,,,,,,,16.4441,1.67616,,,,,,Segment B: native,53.97249344,51.5296,7.116836314,green waste|6.0|25.0|55.84
green waste,6.0,25.0,55.84,12.0,7.501316206,48.8311452,52.7342,,,,,,,,0.0,1.93754,,,,,,Segment B: native,48.8311452,52.7342,7.501316206,green waste|6.0|25.0|55.84
green waste,6.0,25.0,55.84,16.0,7.566000554,44.95301588,52.065,,,,,,,,1.96035,2.68116,,,,,,Segment B: native,44.95301588,52.065,7.566000554,green waste|6.0|25.0|55.84
green waste,6.0,25.0,55.84,23.0,7.818690859,42.87985266,51.1281,,,,,,,,28.4346,2.64924,,,,,,Segment B: native,42.87985266,51.1281,7.818690859,green waste|6.0|25.0|55.84
green waste,6.0,25.0,55.84,30.0,7.900789825,36.91624395,51.1281,,,,,,,,69.3354,1.79607,,,,,,Segment B: native,36.91624395,51.1281,7.900789825,green waste|6.0|25.0|55.84
green waste,6.0,25.0,55.84,37.0,7.910395484,36.51115276,51.7973,,,,,,,,58.9627,0.201001,,,,,,Segment B: native,36.51115276,51.7973,7.910395484,green waste|6.0|25.0|55.84
green waste,6.0,25.0,55.84,44.0,8.12,36.30086494,51.7973,,,,,,,,67.06,0.05847,0.9895,,,,,Segment B: native,36.30086494,51.7973,8.12,green waste|6.0|25.0|55.84
green waste,6.0,25.0,55.84,51.0,8.03,36.03882062,51.1281,,,,,,,,68.96,0.05483,,,,,,Segment B: native,36.03882062,51.1281,8.03,green waste|6.0|25.0|55.84
green waste,6.0,25.0,55.84,58.0,7.98,35.83908864,49.9235,,,,,,,,63.14,0.05401,,,,,,Segment B: native,35.83908864,49.9235,7.98,green waste|6.0|25.0|55.84
green waste,6.0,25.0,55.84,65.0,7.93,38.44632614,48.8528,,,,,,,,66.79,0.05262,,,,,,Segment B: native,38.44632614,48.8528,7.93,green waste|6.0|25.0|55.84
green waste,6.0,25.0,54.44,0.0,6.0,33.32517861,54.44,,,,,,,25.0,20.7264,0.874741,,,,,,Segment B: native,33.32517861,54.44,6.0,green waste|6.0|25.0|54.44
green waste,6.0,25.0,54.44,4.0,6.303564301,58.25339155,54.2065,,,,,,,,20.1745,1.12664,,,,,,Segment B: native,58.25339155,54.2065,6.303564301,green waste|6.0|25.0|54.44
green waste,6.0,25.0,54.44,8.0,6.791972531,56.33703395,51.9312,,,,,,,,41.3006,2.71049,,,,,,Segment B: native,56.33703395,51.9312,6.791972531,green waste|6.0|25.0|54.44
green waste,6.0,25.0,54.44,12.0,7.282422826,48.63403965,53.2696,,,,,,,,41.4528,2.40683,,,,,,Segment B: native,48.63403965,53.2696,7.282422826,green waste|6.0|25.0|54.44
green waste,6.0,25.0,54.44,16.0,7.267325347,45.4217493,52.8681,,,,,,,,47.2768,2.32747,,,,,,Segment B: native,45.4217493,52.8681,7.267325347,green waste|6.0|25.0|54.44
green waste,6.0,25.0,54.44,23.0,7.636877131,43.10950699,53.9388,,,,,,,,70.9722,1.67702,,,,,,Segment B: native,43.10950699,53.9388,7.636877131,green waste|6.0|25.0|54.44
green waste,6.0,25.0,54.44,30.0,7.86213689,37.5176296,52.6004,,,,,,,,79.6511,0.0698758,,,,,,Segment B: native,37.5176296,52.6004,7.86213689,green waste|6.0|25.0|54.44
green waste,6.0,25.0,54.44,37.0,7.859574104,37.93472442,52.4665,,,,,,,,62.6741,0.0267426,,,,,,Segment B: native,37.93472442,52.4665,7.859574104,green waste|6.0|25.0|54.44
green waste,6.0,25.0,54.44,44.0,7.99,37.40603312,50.7266,,,,,,,,79.6,0.03646,,,,,,Segment B: native,37.40603312,50.7266,7.99,green waste|6.0|25.0|54.44
green waste,6.0,25.0,54.44,51.0,7.99,37.22412971,52.065,,,,,,,,76.89,0.03488,,,,,,Segment B: native,37.22412971,52.065,7.99,green waste|6.0|25.0|54.44
green waste,6.0,25.0,54.44,58.0,7.97,36.88152386,51.1281,,,,,,,,75.97,0.03255,,,,,,Segment B: native,36.88152386,51.1281,7.97,green waste|6.0|25.0|54.44
green waste,6.0,25.0,54.44,65.0,8.13,39.64419432,49.2543,,,,,,,,85.89,0.04047,0.96354,,,,,Segment B: native,39.64419432,49.2543,8.13,green waste|6.0|25.0|54.44
green waste,6.0,25.0,53.45,0.0,6.0,33.75486767,53.45,,,,,,,25.0,30.4711,0.848861,,,,,,Segment B: native,33.75486767,53.45,6.0,green waste|6.0|25.0|53.45
green waste,6.0,25.0,53.45,4.0,6.297686915,58.1936743,53.9388,,,,,,,,27.6542,1.00932,,,,,,Segment B: native,58.1936743,53.9388,6.297686915,green waste|6.0|25.0|53.45
green waste,6.0,25.0,53.45,8.0,6.784928668,56.51655301,53.5373,,,,,,,,38.9976,2.71308,,,,,,Segment B: native,56.51655301,53.5373,6.784928668,green waste|6.0|25.0|53.45
green waste,6.0,25.0,53.45,12.0,7.284701541,48.50397759,53.0019,,,,,,,,62.5218,2.73292,,,,,,Segment B: native,48.50397759,53.0019,7.284701541,green waste|6.0|25.0|53.45
green waste,6.0,25.0,53.45,16.0,7.267198238,45.49837258,53.9388,,,,,,,,46.7629,2.66822,,,,,,Segment B: native,45.49837258,53.9388,7.267198238,green waste|6.0|25.0|53.45
green waste,6.0,25.0,53.45,23.0,7.67720756,43.50094361,53.6711,,,,,,,,70.4393,2.20842,,,,,,Segment B: native,43.50094361,53.6711,7.67720756,green waste|6.0|25.0|53.45
green waste,6.0,25.0,53.45,30.0,7.88228903,37.39636958,51.7973,,,,,,,,81.1737,0.092305,,,,,,Segment B: native,37.39636958,51.7973,7.88228903,green waste|6.0|25.0|53.45
green waste,6.0,25.0,53.45,37.0,7.867753555,36.69096843,52.065,,,,,,,,85.3608,0.0577985,,,,,,Segment B: native,36.69096843,52.065,7.867753555,green waste|6.0|25.0|53.45
green waste,6.0,25.0,53.45,44.0,8.01,36.12729221,50.9943,,,,,,,,86.25,0.04876,,,,,,Segment B: native,36.12729221,50.9943,8.01,green waste|6.0|25.0|53.45
green waste,6.0,25.0,53.45,51.0,7.96,35.96240016,50.9943,,,,,,,,84.54,0.04386,0.96272,,,,,Segment B: native,35.96240016,50.9943,7.96,green waste|6.0|25.0|53.45
green waste,6.0,25.0,53.45,58.0,7.86,35.71991023,49.9235,,,,,,,,85.33,0.04638,,,,,,Segment B: native,35.71991023,49.9235,7.86,green waste|6.0|25.0|53.45
green waste,6.0,25.0,53.45,65.0,7.8,38.61874432,48.3174,,,,,,,,89.24,0.05417,,,,,,Segment B: native,38.61874432,48.3174,7.8,green waste|6.0|25.0|53.45
green waste,6.0,25.0,53.1,0.0,6.0,33.72842581,53.1,,,,,,,25.0,29.2149,0.806591,,,,,,Segment B: native,33.72842581,53.1,6.0,green waste|6.0|25.0|53.1
green waste,6.0,25.0,53.1,4.0,6.325868733,58.80203364,53.344,,,,,,,,25.6368,0.82902,,,,,,Segment B: native,58.80203364,53.344,6.325868733,green waste|6.0|25.0|53.1
green waste,6.0,25.0,53.1,8.0,6.796037418,56.04544441,51.3214,,,,,,,,36.6186,2.45083,,,,,,Segment B: native,56.04544441,51.3214,6.796037418,green waste|6.0|25.0|53.1
green waste,6.0,25.0,53.1,12.0,7.274700849,48.43866054,50.0871,,,,,,,,38.1983,2.62595,,,,,,Segment B: native,48.43866054,50.0871,7.274700849,green waste|6.0|25.0|53.1
green waste,6.0,25.0,53.1,16.0,7.296432311,45.43376576,51.6486,,,,,,,,35.705,2.44565,,,,,,Segment B: native,45.43376576,51.6486,7.296432311,green waste|6.0|25.0|53.1
green waste,6.0,25.0,53.1,23.0,7.82623318,43.37663111,51.7378,,,,,,,,51.483,2.06263,,,,,,Segment B: native,43.37663111,51.7378,7.82623318,green waste|6.0|25.0|53.1
green waste,6.0,25.0,53.1,30.0,8.165103772,37.18517388,50.7563,,,,,,,,66.0619,0.0612491,,,,,,Segment B: native,37.18517388,50.7563,8.165103772,green waste|6.0|25.0|53.1
green waste,6.0,25.0,53.1,37.0,8.15618714,36.50610358,49.5071,,,,,,,,68.6312,0.0931677,,,,,,Segment B: native,36.50610358,49.5071,8.15618714,green waste|6.0|25.0|53.1
green waste,6.0,25.0,53.1,44.0,8.28,36.03865471,48.9123,,,,,,,,76.94,0.05673,0.34401,,,,,Segment B: native,36.03865471,48.9123,8.28,green waste|6.0|25.0|53.1
green waste,6.0,25.0,53.1,51.0,8.21,35.87376266,47.4549,,,,,,,,64.34,0.04249,,,,,,Segment B: native,35.87376266,47.4549,8.21,green waste|6.0|25.0|53.1
green waste,6.0,25.0,53.1,58.0,8.18,35.63127273,46.6815,,,,,,,,76.83,0.04438,,,,,,Segment B: native,35.63127273,46.6815,8.18,green waste|6.0|25.0|53.1
green waste,6.0,25.0,53.1,65.0,8.11,38.61940682,44.4954,,,,,,,,83.52,0.04171,,,,,,Segment B: native,38.61940682,44.4954,8.11,green waste|6.0|25.0|53.1
pig manure,6.89,25.0,67.3,1.0,7.0,43.34546172,67.3,,,,,,,25.0,,,,,,,,Segment B: native,43.34546172,67.3,7.0,pig manure|6.89|25.0|67.3
pig manure,6.89,25.0,67.3,5.0,8.2,45.25302608,63.2,,,,,,,,,,,,,,,Segment B: native,45.25302608,63.2,8.2,pig manure|6.89|25.0|67.3
pig manure,6.89,25.0,67.3,10.0,8.4,45.97164594,55.4,,,,,,,,,,,,,,,Segment B: native,45.97164594,55.4,8.4,pig manure|6.89|25.0|67.3
pig manure,6.89,25.0,67.3,15.0,8.2,42.49735873,53.1,,,,,,,,,,,,,,,Segment B: native,42.49735873,53.1,8.2,pig manure|6.89|25.0|67.3
pig manure,6.89,25.0,67.3,20.0,7.9,40.23520075,58.6,,,,,,,,,,,,,,,Segment B: native,40.23520075,58.6,7.9,pig manure|6.89|25.0|67.3
pig manure,6.89,25.0,67.3,25.0,7.8,37.53689253,59.3,,,,,,,,,,,,,,,Segment B: native,37.53689253,59.3,7.8,pig manure|6.89|25.0|67.3
pig manure,6.89,25.0,67.3,40.0,7.5,31.2039851,46.4,,,,,,,,,,,,,,,Segment B: native,31.2039851,46.4,7.5,pig manure|6.89|25.0|67.3
pig manure,6.89,25.0,67.3,60.0,7.0,30.4965168,63.6,,,,,,,,,,,,,,,Segment B: native,30.4965168,63.6,7.0,pig manure|6.89|25.0|67.3
pig manure,6.89,25.0,67.3,80.0,6.0,30.43164373,61.2,,,,,,,,,,,,,,,Segment B: native,30.43164373,61.2,6.0,pig manure|6.89|25.0|67.3
pig manure,7.4,25.0,66.2,1.0,7.2,40.82404738,66.2,,,,,,,25.0,,,,,,,,Segment B: native,40.82404738,66.2,7.2,pig manure|7.4|25.0|66.2
pig manure,7.4,25.0,66.2,5.0,8.8,51.18166763,54.9,,,,,,,,,,,,,,,Segment B: native,51.18166763,54.9,8.8,pig manure|7.4|25.0|66.2
pig manure,7.4,25.0,66.2,10.0,8.7,52.75386842,50.1,,,,,,,,,,,,,,,Segment B: native,52.75386842,50.1,8.7,pig manure|7.4|25.0|66.2
pig manure,7.4,25.0,66.2,15.0,8.6,44.94436522,53.6,,,,,,,,,,,,,,,Segment B: native,44.94436522,53.6,8.6,pig manure|7.4|25.0|66.2
pig manure,7.4,25.0,66.2,20.0,8.1,40.891837,54.0,,,,,,,,,,,,,,,Segment B: native,40.891837,54.0,8.1,pig manure|7.4|25.0|66.2
pig manure,7.4,25.0,66.2,25.0,7.8,38.34426355,55.2,,,,,,,,,,,,,,,Segment B: native,38.34426355,55.2,7.8,pig manure|7.4|25.0|66.2
pig manure,7.4,25.0,66.2,40.0,8.1,31.74395541,51.9,,,,,,,,,,,,,,,Segment B: native,31.74395541,51.9,8.1,pig manure|7.4|25.0|66.2
pig manure,7.4,25.0,66.2,60.0,8.4,30.26541164,59.5,,,,,,,,,,,,,,,Segment B: native,30.26541164,59.5,8.4,pig manure|7.4|25.0|66.2
pig manure,7.4,25.0,66.2,80.0,8.9,29.6834845,55.4,,,,,,,,,,,,,,,Segment B: native,29.6834845,55.4,8.9,pig manure|7.4|25.0|66.2
pig manure,6.77774,17.8528,64.224,0.0,6.77774,30.0758,64.224,,,,,,,17.8528,,,,,,,,Segment B: native,30.0758,64.224,6.77774,pig manure|6.778|17.853|64.224
pig manure,6.77774,17.8528,64.224,3.0,7.53071,66.7803,62.7406,,,,,,,17.3056,,,,,,,,Segment B: native,66.7803,62.7406,7.53071,pig manure|6.778|17.853|64.224
pig manure,6.77774,17.8528,64.224,7.0,8.00423,68.2336,54.8044,,,,,,,13.5526,,,,,,,,Segment B: native,68.2336,54.8044,8.00423,pig manure|6.778|17.853|64.224
pig manure,6.77774,17.8528,64.224,14.0,7.27139,50.6731,43.6788,,,,,,,10.6696,,,,,,,,Segment B: native,50.6731,43.6788,7.27139,pig manure|6.778|17.853|64.224
pig manure,6.77774,17.8528,64.224,21.0,7.70705,30.7413,40.7398,,,,,,,9.94668,,,,,,,,Segment B: native,30.7413,40.7398,7.70705,pig manure|6.778|17.853|64.224
pig manure,6.77774,17.8528,64.224,28.0,7.03451,33.6867,34.0089,,,,,,,9.70267,,,,,,,,Segment B: native,33.6867,34.0089,7.03451,pig manure|6.778|17.853|64.224
pig manure,6.77774,17.8528,64.224,35.0,8.27823,29.9239,44.1888,,,,,,,8.94554,,,,,,,,Segment B: native,29.9239,44.1888,8.27823,pig manure|6.778|17.853|64.224
pig manure,6.77774,17.8528,64.224,49.0,8.15817,27.5823,41.8153,,,,,,,9.04398,,,,,,,,Segment B: native,27.5823,41.8153,8.15817,pig manure|6.778|17.853|64.224
pig manure,6.84356,17.4618,61.9989,0.0,6.84356,30.0271,61.9989,,,,,,,17.4618,,,,,,,,Segment B: native,30.0271,61.9989,6.84356,pig manure|6.844|17.462|61.999
pig manure,6.84356,17.4618,61.9989,3.0,7.65201,65.22,60.1817,,,,,,,19.2359,,,,,,,,Segment B: native,65.22,60.1817,7.65201,pig manure|6.844|17.462|61.999
pig manure,6.84356,17.4618,61.9989,7.0,7.98528,68.9954,52.468,,,,,,,15.8617,,,,,,,,Segment B: native,68.9954,52.468,7.98528,pig manure|6.844|17.462|61.999
pig manure,6.84356,17.4618,61.9989,14.0,7.29379,53.5848,43.2987,,,,,,,14.3129,,,,,,,,Segment B: native,53.5848,43.2987,7.29379,pig manure|6.844|17.462|61.999
pig manure,6.84356,17.4618,61.9989,21.0,7.48479,29.9795,36.3545,,,,,,,12.5832,,,,,,,,Segment B: native,29.9795,36.3545,7.48479,pig manure|6.844|17.462|61.999
pig manure,6.84356,17.4618,61.9989,28.0,7.16545,33.8464,38.4128,,,,,,,11.7234,,,,,,,,Segment B: native,33.8464,38.4128,7.16545,pig manure|6.844|17.462|61.999
pig manure,6.84356,17.4618,61.9989,35.0,8.03013,29.3958,37.4115,,,,,,,11.3304,,,,,,,,Segment B: native,29.3958,37.4115,8.03013,pig manure|6.844|17.462|61.999
pig manure,6.84356,17.4618,61.9989,49.0,8.16024,27.4841,37.5413,,,,,,,10.4734,,,,,,,,Segment B: native,27.4841,37.5413,8.16024,pig manure|6.844|17.462|61.999
poultry manure,8.4,10.6,66.0,0.0,8.15387,26.3435,67.4268,,,,,,,10.6,33.7483,2.67839,0.0475887,0.0,0.0,0.0,,Segment B: native,26.3435,67.4268,8.15387,poultry manure|8.4|10.6|66.0
poultry manure,8.4,10.6,66.0,3.0,9.18921,44.5077,57.986,,,,,,,,42.9822,3.00144,0.0408451,0.0473476,0.002049,0.00221552,,Segment B: native,44.5077,57.986,9.18921,poultry manure|8.4|10.6|66.0
poultry manure,8.4,10.6,66.0,6.0,9.00644,57.5977,52.4508,,,,,,,,23.2027,3.60163,0.0972857,0.0341109,0.00382121,0.00152607,,Segment B: native,57.5977,52.4508,9.00644,poultry manure|8.4|10.6|66.0
poultry manure,8.4,10.6,66.0,9.0,9.14743,60.3459,46.6225,,,,,,,,55.6746,3.64415,0.369841,0.0183959,0.0015455,0.0010381,,Segment B: native,60.3459,46.6225,9.14743,poultry manure|8.4|10.6|66.0
poultry manure,8.4,10.6,66.0,12.0,9.01201,55.2329,43.5284,,,,,,,,67.3184,3.89422,0.219871,0.0118552,0.000411324,0.000759512,,Segment B: native,55.2329,43.5284,9.01201,poultry manure|8.4|10.6|66.0
poultry manure,8.4,10.6,66.0,18.0,8.82019,44.2082,39.1061,,,,,,,,104.953,3.65749,0.11593,0.00293606,0.000126737,0.000589996,,Segment B: native,44.2082,39.1061,8.82019,poultry manure|8.4|10.6|66.0
poultry manure,8.4,10.6,66.0,30.0,8.56745,26.2577,38.5967,,,,,,,,106.872,3.08578,0.0762762,0.00150458,0.00184659,0.0,,Segment B: native,26.2577,38.5967,8.56745,poultry manure|8.4|10.6|66.0
poultry manure,8.2,13.0,65.0,0.0,8.15527,26.3434,67.4624,,,,,,,13.0,33.4986,2.58509,0.0560179,0.0,0.0,0.0,,Segment B: native,26.3434,67.4624,8.15527,poultry manure|8.2|13.0|65.0
poultry manure,8.2,13.0,65.0,3.0,8.55352,67.0091,64.9183,,,,,,,,43.5275,2.81576,0.0623788,0.0404852,0.001049,0.00160108,,Segment B: native,67.0091,64.9183,8.55352,poultry manure|8.2|13.0|65.0
poultry manure,8.2,13.0,65.0,6.0,8.60191,65.9843,54.0484,,,,,,,,28.2963,3.06213,0.231375,0.0550683,0.00193202,0.00151763,,Segment B: native,65.9843,54.0484,8.60191,poultry manure|8.2|13.0|65.0
poultry manure,8.2,13.0,65.0,9.0,8.65205,61.3969,48.5487,,,,,,,,49.74,3.43691,0.343279,0.0195613,0.000955719,0.000850863,,Segment B: native,61.3969,48.5487,8.65205,poultry manure|8.2|13.0|65.0
poultry manure,8.2,13.0,65.0,12.0,8.56049,57.3243,45.1083,,,,,,,,69.0686,3.51424,0.268534,0.0154808,0.000895865,0.000754238,,Segment B: native,57.3243,45.1083,8.56049,poultry manure|8.2|13.0|65.0
poultry manure,8.2,13.0,65.0,18.0,8.64648,46.6464,38.7066,,,,,,,,95.9043,3.30213,0.126838,0.013165,0.000458216,0.000673857,,Segment B: native,46.6464,38.7066,8.64648,poultry manure|8.2|13.0|65.0
poultry manure,8.2,13.0,65.0,30.0,8.57511,25.5219,36.6882,,,,,,,,107.532,3.20095,0.0592763,0.00697965,5.94e-05,0.000548965,,Segment B: native,25.5219,36.6882,8.57511,poultry manure|8.2|13.0|65.0
poultry manure,8.1,10.5,66.9,0.0,8.28895,26.417,67.4267,,,,,,,10.5,33.9534,2.79941,0.0233635,0.0,0.0,0.0,,Segment B: native,26.417,67.4267,8.28895,poultry manure|8.1|10.5|66.9
poultry manure,8.1,10.5,66.9,3.0,8.95666,50.0358,58.0658,,,,,,,,31.2949,3.78297,0.0429704,0.0541916,0.0015588,0.00184685,,Segment B: native,50.0358,58.0658,8.95666,poultry manure|8.1|10.5|66.9
poultry manure,8.1,10.5,66.9,6.0,8.82228,55.5798,48.8736,,,,,,,,19.5647,3.61394,0.0285772,0.0419168,0.000938845,0.0012708,,Segment B: native,55.5798,48.8736,8.82228,poultry manure|8.1|10.5|66.9
poultry manure,8.1,10.5,66.9,9.0,8.59252,55.7216,48.3889,,,,,,,,59.6757,3.37625,0.210464,0.0286249,0.000677803,0.000855081,,Segment B: native,55.7216,48.3889,8.59252,poultry manure|8.1|10.5|66.9
poultry manure,8.1,10.5,66.9,12.0,8.51732,57.44,41.833,,,,,,,,85.2358,2.82817,0.273847,0.0188657,0.000736457,0.000614997,,Segment B: native,57.44,41.833,8.51732,poultry manure|8.1|10.5|66.9
poultry manure,8.1,10.5,66.9,18.0,8.41149,52.8472,37.9079,,,,,,,,96.2449,2.9591,0.0744207,0.0103904,0.000299652,0.000487143,,Segment B: native,52.8472,37.9079,8.41149,poultry manure|8.1|10.5|66.9
poultry manure,8.1,10.5,66.9,30.0,8.40383,26.3627,36.5285,,,,,,,,111.92,2.70796,0.0549553,0.00381659,1.51e-05,0.000175547,,Segment B: native,26.3627,36.5285,8.40383,poultry manure|8.1|10.5|66.9
poultry manure,8.3,15.0,65.3,0.0,8.16954,26.3961,67.3203,,,,,,,15.0,34.1572,2.75538,0.0604806,0.0,0.0,0.0,,Segment B: native,26.3961,67.3203,8.16954,poultry manure|8.3|15.0|65.3
poultry manure,8.3,15.0,65.3,3.0,8.41671,68.9113,53.61,,,,,,,,42.5277,3.14371,0.0664166,0.0603696,0.000694331,0.00110371,,Segment B: native,68.9113,53.61,8.41671,poultry manure|8.3|15.0|65.3
poultry manure,8.3,15.0,65.3,6.0,8.53333,70.7663,46.3971,,,,,,,,48.8505,3.65798,0.148499,0.0554197,0.000671163,0.000939575,,Segment B: native,70.7663,46.3971,8.53333,poultry manure|8.3|15.0|65.3
poultry manure,8.3,15.0,65.3,9.0,8.60748,69.2477,43.152,,,,,,,,79.7307,3.70112,0.21429,0.0251843,0.00045018,0.00068736,,Segment B: native,69.2477,43.152,8.60748,poultry manure|8.3|15.0|65.3
poultry manure,8.3,15.0,65.3,12.0,8.49713,63.4094,40.3684,,,,,,,,98.5364,3.27805,0.221076,0.0122438,0.000396312,0.000621854,,Segment B: native,63.4094,40.3684,8.49713,poultry manure|8.3|15.0|65.3
poultry manure,8.3,15.0,65.3,18.0,8.64752,49.7994,37.0202,,,,,,,,112.411,3.17588,0.0927669,0.00731978,0.000343121,0.000554658,,Segment B: native,49.7994,37.0202,8.64752,poultry manure|8.3|15.0|65.3
poultry manure,8.3,15.0,65.3,30.0,8.66249,25.112,32.5963,,,,,,,,133.407,2.66269,0.0590641,0.000672127,7.73e-05,0.000415526,,Segment B: native,25.112,32.5963,8.66249,poultry manure|8.3|15.0|65.3
pig manure,8.32709,25.0,60.0,0.0,8.32709,28.12242178,60.0,,,,,,,25.0,41.573,0.0522285,0.00629995,,,,,Segment B: native,28.12242178,60.0,8.32709,pig manure|8.327|25.0|60.0
pig manure,8.32709,25.0,60.0,1.0,9.43379,40.2729,59.81590909,,,,,,,,59.7304,0.0731952,0.0143055,,,,,Segment B: native,40.2729,59.81590909,9.43379,pig manure|8.327|25.0|60.0
pig manure,8.32709,25.0,60.0,4.0,9.46654,59.588,55.60801586,,,,,,,,50.7732,0.0801758,0.0316414,,,,,Segment B: native,59.588,55.60801586,9.46654,pig manure|8.327|25.0|60.0
pig manure,8.32709,25.0,60.0,12.0,9.10622,32.4101,51.78471664,,,,,,,,67.9435,0.0120778,0.0197582,,,,,Segment B: native,32.4101,51.78471664,9.10622,pig manure|8.327|25.0|60.0
pig manure,8.32709,25.0,60.0,26.0,8.23163,22.0715,51.45774155,,,,,,,,81.0235,0.0121783,0.0120909,,,,,Segment B: native,22.0715,51.45774155,8.23163,pig manure|8.327|25.0|60.0
pig manure,8.47263,25.0,60.0,0.0,8.47263,28.33416311,60.0,,,,,,,25.0,39.7555,0.0596359,0.00805829,,,,,Segment B: native,28.33416311,60.0,8.47263,pig manure|8.473|25.0|60.0
pig manure,8.47263,25.0,60.0,1.0,9.45297,31.6749,59.81590909,,,,,,,,55.82,0.0702825,0.0169264,,,,,Segment B: native,31.6749,59.81590909,9.45297,pig manure|8.473|25.0|60.0
pig manure,8.47263,25.0,60.0,4.0,9.43238,60.96,55.32698673,,,,,,,,53.3802,0.0745763,0.0311139,,,,,Segment B: native,60.96,55.32698673,9.43238,pig manure|8.473|25.0|60.0
pig manure,8.47263,25.0,60.0,12.0,9.19279,32.5134,51.88193189,,,,,,,,59.3149,0.0102699,0.0215082,,,,,Segment B: native,32.5134,51.88193189,9.19279,pig manure|8.473|25.0|60.0
pig manure,8.47263,25.0,60.0,26.0,8.32007,22.2782,50.66975309,,,,,,,,82.4004,0.0081607,0.0173994,,,,,Segment B: native,22.2782,50.66975309,8.32007,pig manure|8.473|25.0|60.0
pig manure,8.58072,25.0,60.0,0.0,8.58072,29.1249638,60.0,,,,,,,25.0,38.6724,0.060339,0.0076564,,,,,Segment B: native,29.1249638,60.0,8.58072,pig manure|8.581|25.0|60.0
pig manure,8.58072,25.0,60.0,1.0,9.59803,29.9459,59.81590909,,,,,,,,61.3643,0.0748274,0.0232817,,,,,Segment B: native,29.9459,59.81590909,9.59803,pig manure|8.581|25.0|60.0
pig manure,8.58072,25.0,60.0,4.0,9.46701,62.0218,55.25419682,,,,,,,,58.0249,0.0830383,0.0342706,,,,,Segment B: native,62.0218,55.25419682,9.46701,pig manure|8.581|25.0|60.0
pig manure,8.58072,25.0,60.0,12.0,9.2569,36.0372,51.55837106,,,,,,,,64.0882,0.0164972,0.0215082,,,,,Segment B: native,36.0372,51.55837106,9.2569,pig manure|8.581|25.0|60.0
pig manure,8.58072,25.0,60.0,26.0,8.4132,20.6807,50.26203492,,,,,,,,83.3367,0.00811048,0.0176172,,,,,Segment B: native,20.6807,50.26203492,8.4132,pig manure|8.581|25.0|60.0
pig manure,8.74357,25.0,60.0,0.0,8.74357,29.60776017,60.0,,,,,,,25.0,45.9791,0.0713873,0.00675211,,,,,Segment B: native,29.60776017,60.0,8.74357,pig manure|8.744|25.0|60.0
pig manure,8.74357,25.0,60.0,1.0,9.59008,34.1274,59.65122045,,,,,,,,55.4345,0.0811048,0.0263965,,,,,Segment B: native,34.1274,59.65122045,9.59008,pig manure|8.744|25.0|60.0
pig manure,8.74357,25.0,60.0,4.0,9.5358,63.8918,54.80109154,,,,,,,,54.6653,0.0840427,0.0331235,,,,,Segment B: native,63.8918,54.80109154,9.5358,pig manure|8.744|25.0|60.0
pig manure,8.74357,25.0,60.0,12.0,9.20496,37.24,51.35741084,,,,,,,,62.6746,0.0121532,0.0220357,,,,,Segment B: native,37.24,51.35741084,9.20496,pig manure|8.744|25.0|60.0
pig manure,8.74357,25.0,60.0,26.0,8.53252,22.2875,51.19841333,,,,,,,,87.0085,0.00793471,0.0188061,,,,,Segment B: native,22.2875,51.19841333,8.53252,pig manure|8.744|25.0|60.0
sewage sludge,7.51937,24.989,60.8687,0.0,7.51937,20.0096,60.8687,,,,,,,24.989,5.85526,,,,,,,Segment B: native,20.0096,60.8687,7.51937,sewage sludge|7.519|24.989|60.869
sewage sludge,7.51937,24.989,60.8687,1.0,8.18177,39.2322,59.3537,,,,,,,24.6362,,,,,,,,Segment B: native,39.2322,59.3537,8.18177,sewage sludge|7.519|24.989|60.869
sewage sludge,7.51937,24.989,60.8687,2.0,8.26155,54.8297,57.7734,,,,,,,24.3563,,,,,,,,Segment B: native,54.8297,57.7734,8.26155,sewage sludge|7.519|24.989|60.869
sewage sludge,7.51937,24.989,60.8687,4.0,8.47899,59.5055,57.1507,,,,,,,23.7886,,,,,,,,Segment B: native,59.5055,57.1507,8.47899,sewage sludge|7.519|24.989|60.869
sewage sludge,7.51937,24.989,60.8687,8.0,8.41253,53.1672,55.3567,,,,,,,22.2512,15.2613,,,,,,,Segment B: native,53.1672,55.3567,8.41253,sewage sludge|7.519|24.989|60.869
sewage sludge,7.51937,24.989,60.8687,16.0,7.79184,38.3779,53.3665,,,,,,,20.9046,34.0412,,,,,,,Segment B: native,38.3779,53.3665,7.79184,sewage sludge|7.519|24.989|60.869
sewage sludge,7.51937,24.989,60.8687,24.0,7.69096,32.6053,52.0684,,,,,,,20.3403,52.0402,,,,,,,Segment B: native,32.6053,52.0684,7.69096,sewage sludge|7.519|24.989|60.869
sewage sludge,7.51937,24.989,60.8687,32.0,7.66059,28.426,49.0247,,,,,,,20.308,75.1165,,,,,,,Segment B: native,28.426,49.0247,7.66059,sewage sludge|7.519|24.989|60.869
sewage sludge,7.51937,24.989,60.8687,39.0,7.62007,24.847,47.7962,,,,,,,17.7259,88.0838,,,,,,,Segment B: native,24.847,47.7962,7.62007,sewage sludge|7.519|24.989|60.869
sewage sludge,7.51937,24.987,60.8513,0.0,7.51937,20.0327,60.8513,,,,,,,24.987,31.8633,,,,,,,Segment B: native,20.0327,60.8513,7.51937,sewage sludge|7.519|24.987|60.851
sewage sludge,7.51937,24.987,60.8513,0.945911,8.25014,39.2438,59.2492,,,,,,,24.8943,,,0.00212,,,,,Segment B: native,39.2438,59.2492,8.25014,sewage sludge|7.519|24.987|60.851
sewage sludge,7.51937,24.987,60.8513,2.11131,8.35978,55.9034,57.6297,,,,,,,24.3168,,,0.00247,,,,,Segment B: native,55.9034,57.6297,8.35978,sewage sludge|7.519|24.987|60.851
sewage sludge,7.51937,24.987,60.8513,3.96655,8.65174,60.2444,56.8459,,,,,,,22.8644,,,0.00313,,,,,Segment B: native,60.2444,56.8459,8.65174,sewage sludge|7.519|24.987|60.851
sewage sludge,7.51937,24.987,60.8513,7.95924,8.41099,56.4922,56.3275,,,,,,,21.4256,48.9431,,0.00332,,,,,Segment B: native,56.4922,56.3275,8.41099,sewage sludge|7.519|24.987|60.851
sewage sludge,7.51937,24.987,60.8513,15.976,8.13243,41.3912,53.3839,,,,,,,20.483,66.0,,0.00242,,,,,Segment B: native,41.3912,53.3839,8.13243,sewage sludge|7.519|24.987|60.851
sewage sludge,7.51937,24.987,60.8513,24.0188,8.07096,34.441,52.0249,,,,,,,19.5639,82.2297,,,,,,,Segment B: native,34.441,52.0249,8.07096,sewage sludge|7.519|24.987|60.851
sewage sludge,7.51937,24.987,60.8513,32.0146,8.02181,31.5432,48.1236,,,,,,,19.0843,94.1171,,0.00176,,,,,Segment B: native,31.5432,48.1236,8.02181,sewage sludge|7.519|24.987|60.851
sewage sludge,7.51937,24.987,60.8513,39.9582,7.9819,27.6063,45.8547,,,,,,,19.0875,101.961,,,,,,,Segment B: native,27.6063,45.8547,7.9819,sewage sludge|7.519|24.987|60.851
sewage sludge,7.52183,24.9732,60.8164,0.0,7.52183,20.0789,60.8164,,,,,,,24.9732,35.0109,,,,,,,Segment B: native,20.0789,60.8164,7.52183,sewage sludge|7.522|24.973|60.816
sewage sludge,7.52183,24.9732,60.8164,1.05043,8.3533,39.3362,59.2579,,,,,,,24.2874,,,0.01632,,,,,Segment B: native,39.3362,59.2579,8.3533,sewage sludge|7.522|24.973|60.816
sewage sludge,7.52183,24.9732,60.8164,2.12699,8.36163,54.9798,56.9854,,,,,,,23.706,,,0.01806,,,,,Segment B: native,54.9798,56.9854,8.36163,sewage sludge|7.522|24.973|60.816
sewage sludge,7.52183,24.9732,60.8164,4.00836,8.61017,61.2026,55.0568,,,,,,,23.363,,,0.01138,,,,,Segment B: native,61.2026,55.0568,8.61017,sewage sludge|7.522|24.973|60.816
sewage sludge,7.52183,24.9732,60.8164,7.99059,8.42331,56.319,53.5633,,,,,,,21.6778,53.1476,,0.01119,,,,,Segment B: native,56.319,53.5633,8.42331,sewage sludge|7.522|24.973|60.816
sewage sludge,7.52183,24.9732,60.8164,16.0073,7.95813,42.1993,51.3249,,,,,,,20.3076,77.9242,,0.11211,,,,,Segment B: native,42.1993,51.3249,7.95813,sewage sludge|7.522|24.973|60.816
sewage sludge,7.52183,24.9732,60.8164,24.0293,7.91052,34.1178,50.3358,,,,,,,19.3827,90.1102,,,,,,,Segment B: native,34.1178,50.3358,7.91052,sewage sludge|7.522|24.973|60.816
sewage sludge,7.52183,24.9732,60.8164,31.9676,7.86876,31.7856,46.6218,,,,,,,18.5543,102.044,,0.2378,,,,,Segment B: native,31.7856,46.6218,7.86876,sewage sludge|7.522|24.973|60.816
sewage sludge,7.52183,24.9732,60.8164,39.9948,7.84056,28.7493,45.1495,,,,,,,19.4185,107.912,,0.26477,,,,,Segment B: native,28.7493,45.1495,7.84056,sewage sludge|7.522|24.973|60.816
sewage sludge,7.52183,24.9633,60.7947,0.0,7.52183,19.9404,60.7947,,,,,,,24.9633,29.313,,,,,,,Segment B: native,19.9404,60.7947,7.52183,sewage sludge|7.522|24.963|60.795
sewage sludge,7.52183,24.9633,60.7947,0.992945,8.32405,39.3708,59.1839,,,,,,,24.5514,,,0.01714,,,,,Segment B: native,39.3708,59.1839,8.32405,sewage sludge|7.522|24.963|60.795
sewage sludge,7.52183,24.9633,60.7947,1.97021,8.36348,55.9611,56.881,,,,,,,24.7937,,,0.01988,,,,,Segment B: native,55.9611,56.881,8.36348,sewage sludge|7.522|24.963|60.795
sewage sludge,7.52183,24.9633,60.7947,3.9561,8.592,61.5374,53.3765,,,,,,,23.1817,,,0.01426,,,,,Segment B: native,61.5374,53.3765,8.592,sewage sludge|7.522|24.963|60.795
sewage sludge,7.52183,24.9633,60.7947,7.94356,8.4424,55.9842,51.2822,,,,,,,21.5714,46.7145,,0.0167,,,,,Segment B: native,55.9842,51.2822,8.4424,sewage sludge|7.522|24.963|60.795
sewage sludge,7.52183,24.9633,60.7947,16.0439,8.00186,42.3725,50.4934,,,,,,,20.1086,52.973,,0.08955,,,,,Segment B: native,42.3725,50.4934,8.00186,sewage sludge|7.522|24.963|60.795
sewage sludge,7.52183,24.9633,60.7947,24.0502,7.92777,35.2492,49.8701,,,,,,,19.0043,69.9839,,,,,,,Segment B: native,35.2492,49.8701,7.92777,sewage sludge|7.522|24.963|60.795
sewage sludge,7.52183,24.9633,60.7947,31.9415,7.87923,32.0165,45.638,,,,,,,18.1582,83.7782,,0.26532,,,,,Segment B: native,32.0165,45.638,7.87923,sewage sludge|7.522|24.963|60.795
sewage sludge,7.52183,24.9633,60.7947,39.9895,7.84918,28.5646,44.5096,,,,,,,17.9033,94.9304,,0.28349,,,,,Segment B: native,28.5646,44.5096,7.84918,sewage sludge|7.522|24.963|60.795
sewage sludge,7.64316,24.9673,60.8382,0.0,7.64316,20.1135,60.8382,,,,,,,24.9673,28.1873,,,,,,,Segment B: native,20.1135,60.8382,7.64316,sewage sludge|7.643|24.967|60.838
sewage sludge,7.64316,24.9673,60.8382,0.972041,8.33544,39.29,59.0228,,,,,,,24.711,,,0.01726,,,,,Segment B: native,39.29,59.0228,8.33544,sewage sludge|7.643|24.967|60.838
sewage sludge,7.64316,24.9673,60.8382,2.07473,8.40105,55.7533,56.9637,,,,,,,24.3149,,,0.02017,,,,,Segment B: native,55.7533,56.9637,8.40105,sewage sludge|7.643|24.967|60.838
sewage sludge,7.64316,24.9673,60.8382,4.08675,8.58708,61.549,52.8628,,,,,,,22.1728,,,0.0147,,,,,Segment B: native,61.549,52.8628,8.58708,sewage sludge|7.643|24.967|60.838
sewage sludge,7.64316,24.9673,60.8382,8.00105,8.47166,55.2915,50.1243,,,,,,,20.7202,45.9564,,0.00902,,,,,Segment B: native,55.2915,50.1243,8.47166,sewage sludge|7.643|24.967|60.838
sewage sludge,7.64316,24.9673,60.8382,16.0021,8.02033,41.7491,49.4269,,,,,,,19.2632,52.1458,,0.10166,,,,,Segment B: native,41.7491,49.4269,8.02033,sewage sludge|7.643|24.967|60.838
sewage sludge,7.64316,24.9673,60.8382,24.0658,7.97119,35.3762,48.6729,,,,,,,18.4743,68.996,,,,,,,Segment B: native,35.3762,48.6729,7.97119,sewage sludge|7.643|24.967|60.838
sewage sludge,7.64316,24.9673,60.8382,31.9885,7.91034,31.7279,45.1504,,,,,,,17.5927,81.7794,,0.28976,,,,,Segment B: native,31.7279,45.1504,7.91034,sewage sludge|7.643|24.967|60.838
sewage sludge,7.64316,24.9673,60.8382,39.9634,7.86334,28.3567,43.7174,,,,,,,19.0067,89.9219,,0.29687,,,,,Segment B: native,28.3567,43.7174,7.86334,sewage sludge|7.643|24.967|60.838
food waste,5.73914,25.3336,60.0,0.0,5.73914,18.1167,60.0,,,,,,,25.3336,,0.240851,0.00180986,1.76986,0.00154805,,,Segment B: native,18.1167,60.0,5.73914,food waste|5.739|25.334|60.0
food waste,5.73914,25.3336,60.0,7.0,8.60939,45.0748,58.60117793,,,,,,,,,0.336461,0.00162771,,,,,Segment B: native,45.0748,58.60117793,8.60939,food waste|5.739|25.334|60.0
food waste,5.73914,25.3336,60.0,14.0,9.10171,28.2383,54.53802622,,,,,,,,,0.35105,0.00173552,,0.182842,,,Segment B: native,28.2383,54.53802622,9.10171,food waste|5.739|25.334|60.0
food waste,5.73914,25.3336,60.0,21.0,8.81913,28.2344,50.50266344,,,,,,,,,0.301213,0.00191225,,0.0533219,,0.80466,Segment B: native,28.2344,50.50266344,8.81913,food waste|5.739|25.334|60.0
food waste,5.73914,25.3336,60.0,28.0,8.68784,25.1036,48.89433337,,,,,,,,,0.255802,0.00198441,,0.00653623,,,Segment B: native,25.1036,48.89433337,8.68784,food waste|5.739|25.334|60.0
food waste,5.73914,25.3336,60.0,35.0,8.53815,25.0716,46.70241202,,,,,,,,,0.170817,0.00206607,2.87511,0.0029241,,0.426061,Segment B: native,25.0716,46.70241202,8.53815,food waste|5.739|25.334|60.0
food waste,5.73914,25.3336,60.0,42.0,8.31792,24.0847,45.42881066,,,,,,,,,0.101151,0.00195404,0.700293,0.00120404,,0.0265736,Segment B: native,24.0847,45.42881066,8.31792,food waste|5.739|25.334|60.0
food waste,5.73914,25.3336,60.0,49.0,8.31545,24.0901,45.9234557,,,,,,,24.1341,,0.046803,0.002107,0.213442,0.00206407,,0.0298196,Segment B: native,24.0901,45.9234557,8.31545,food waste|5.739|25.334|60.0
food waste,5.90475,26.0101,60.0,0.0,5.90475,20.0452,60.0,,,,,,,26.0101,,0.243404,0.00171598,,0.00206407,,,Segment B: native,20.0452,60.0,5.90475,food waste|5.905|26.01|60.0
food waste,5.90475,26.0101,60.0,7.0,8.95391,50.0834,60.95343293,,,,,,,,,0.310078,0.00164554,,,,,Segment B: native,50.0834,60.95343293,8.95391,food waste|5.905|26.01|60.0
food waste,5.90475,26.0101,60.0,14.0,9.20701,28.0604,61.48680417,,,,,,,,,0.345348,0.00175216,,0.200731,,,Segment B: native,28.0604,61.48680417,9.20701,food waste|5.905|26.01|60.0
food waste,5.90475,26.0101,60.0,21.0,8.59217,31.0429,51.57943543,,,,,,,,,0.277979,0.00201327,,0.0356052,,,Segment B: native,31.0429,51.57943543,8.59217,food waste|5.905|26.01|60.0
food waste,5.90475,26.0101,60.0,28.0,8.94546,30.0279,48.33978905,,,,,,,,,0.232058,0.00200342,,0.00223608,,,Segment B: native,30.0279,48.33978905,8.94546,food waste|5.905|26.01|60.0
food waste,5.90475,26.0101,60.0,35.0,8.7467,30.052,45.6860177,,,,,,,,,0.15703,0.00194367,,0.00154805,,0.466707,Segment B: native,30.052,45.6860177,8.7467,food waste|5.905|26.01|60.0
food waste,5.90475,26.0101,60.0,42.0,8.54079,26.0694,45.28715803,,,,,,,,,0.081236,0.00235095,0.673244,0.0029241,,0.0283282,Segment B: native,26.0694,45.28715803,8.54079,food waste|5.905|26.01|60.0
food waste,5.90475,26.0101,60.0,49.0,8.28887,24.8484,45.52796899,,,,,,,21.4297,,0.0406756,0.00261799,0.431226,0.00120404,,0.0298064,Segment B: native,24.8484,45.52796899,8.28887,food waste|5.905|26.01|60.0
food waste,6.20838,26.205,60.0,0.0,6.20838,19.9703,60.0,,,,,,,26.205,,0.247234,0.00158645,1.60656,0.000516,,0.865579,Segment B: native,19.9703,60.0,6.20838,food waste|6.208|26.205|60.0
food waste,6.20838,26.205,60.0,7.0,9.01627,52.0026,60.71762681,,,,,,,,,0.276376,0.00158374,,0.180606,,,Segment B: native,52.0026,60.71762681,9.01627,food waste|6.208|26.205|60.0
food waste,6.20838,26.205,60.0,14.0,9.24791,26.0102,61.10114394,,,,,,,,,0.289433,0.0020136,,0.182154,,,Segment B: native,26.0102,61.10114394,9.24791,food waste|6.208|26.205|60.0
food waste,6.20838,26.205,60.0,21.0,9.03688,28.019,51.00285965,,,,,,,,,0.27032,0.00207268,,0.0409374,,,Segment B: native,28.019,51.00285965,9.03688,food waste|6.208|26.205|60.0
food waste,6.20838,26.205,60.0,28.0,8.97818,26.124,47.42091064,,,,,,,,,0.238952,0.00280437,,0.00240808,,0.896244,Segment B: native,26.124,47.42091064,8.97818,food waste|6.208|26.205|60.0
food waste,6.20838,26.205,60.0,35.0,8.70478,24.9873,44.40063929,,,,,,,,,0.150902,0.00389495,,0.00223608,,0.510865,Segment B: native,24.9873,44.40063929,8.70478,food waste|6.208|26.205|60.0
food waste,6.20838,26.205,60.0,42.0,8.71458,25.0582,43.20846826,,,,,,,,,0.0697463,0.00401464,0.427936,0.00258009,,0.0406922,Segment B: native,25.0582,43.20846826,8.71458,food waste|6.208|26.205|60.0
food waste,6.20838,26.205,60.0,49.0,8.47289,24.6799,43.5338224,,,,,,,21.0743,,0.033016,0.00460254,0.240996,0.00258009,,0.0139148,Segment B: native,24.6799,43.5338224,8.47289,food waste|6.208|26.205|60.0
food waste,6.02539,29.3385,60.0,0.0,6.02539,22.0393,60.0,,,,,,,29.3385,,0.248,0.00145454,,0.00326811,,0.748997,Segment B: native,22.0393,60.0,6.02539,food waste|6.025|29.338|60.0
food waste,6.02539,29.3385,60.0,7.0,9.16962,58.0128,61.67335343,,,,,,,,,0.262589,0.00145897,,0.125392,,,Segment B: native,58.0128,61.67335343,9.16962,food waste|6.025|29.338|60.0
food waste,6.02539,29.3385,60.0,14.0,9.298,33.9865,62.97963429,,,,,,,,,0.290965,0.00201359,,0.0199527,,0.598277,Segment B: native,33.9865,62.97963429,9.298,food waste|6.025|29.338|60.0
food waste,6.02539,29.3385,60.0,21.0,9.11559,27.0454,67.60903893,,,,,,,,,0.279086,0.00204891,,0.00206407,,,Segment B: native,27.0454,67.60903893,9.11559,food waste|6.025|29.338|60.0
food waste,6.02539,29.3385,60.0,28.0,8.90253,24.9725,67.47139453,,,,,,,,,0.230696,0.00310503,,0.00172006,,0.860918,Segment B: native,24.9725,67.47139453,8.90253,food waste|6.025|29.338|60.0
food waste,6.02539,29.3385,60.0,35.0,8.806,25.006,67.93396161,,,,,,,,,0.14137,0.00410291,,0.00258009,,0.196426,Segment B: native,25.006,67.93396161,8.806,food waste|6.025|29.338|60.0
food waste,6.02539,29.3385,60.0,42.0,8.6972,24.974,68.90424379,,,,,,,,,0.0553634,0.0044472,0.972531,0.00103204,,0.00890228,Segment B: native,24.974,68.90424379,8.6972,food waste|6.025|29.338|60.0
food waste,6.02539,29.3385,60.0,49.0,8.71926,25.0263,68.93905288,,,,,,,19.7459,,0.0218673,0.00510997,0.404208,0.00361213,,0.0174582,Segment B: native,25.0263,68.93905288,8.71926,food waste|6.025|29.338|60.0
poultry manure,7.70023,18.0,65.0,0.00901558,7.70023,25.34858518,65.0,,,,,,,18.0,0.871095,,,,,,,Segment B: native,25.34858518,65.0,7.70023,poultry manure|7.7|18.0|65.0
poultry manure,7.70023,18.0,65.0,3.07382,8.50597,55.0505733,60.48637406,,,,,,,,3.90673,,,,,,,Segment B: native,55.0505733,60.48637406,8.50597,poultry manure|7.7|18.0|65.0
poultry manure,7.70023,18.0,65.0,6.9717,8.29975,55.51053218,55.16420804,,,,,,,,28.2974,,,,,,,Segment B: native,55.51053218,55.16420804,8.29975,poultry manure|7.7|18.0|65.0
poultry manure,7.70023,18.0,65.0,13.9823,8.0738,42.6526073,48.34105884,,,,,,,,60.9239,,,,,,,Segment B: native,42.6526073,48.34105884,8.0738,poultry manure|7.7|18.0|65.0
poultry manure,7.70023,18.0,65.0,20.9785,8.50813,37.4579569,41.50698931,,,,,,,,62.2965,,,,,,,Segment B: native,37.4579569,41.50698931,8.50813,poultry manure|7.7|18.0|65.0
poultry manure,7.70023,18.0,65.0,28.0538,8.42554,34.68016288,40.56362826,,,,,,,,45.1122,,,,,,,Segment B: native,34.68016288,40.56362826,8.42554,poultry manure|7.7|18.0|65.0
poultry manure,7.70023,18.0,65.0,35.152,8.52951,31.45277974,40.48472529,,,,,,,,42.0238,,,,,,,Segment B: native,31.45277974,40.48472529,8.52951,poultry manure|7.7|18.0|65.0
poultry manure,7.70023,18.0,65.0,42.0243,8.5257,29.33576051,39.48920235,,,,,,,,50.5499,,,,,,,Segment B: native,29.33576051,39.48920235,8.5257,poultry manure|7.7|18.0|65.0
poultry manure,7.81843,18.0,65.0,0.0664176,7.81843,26.16258678,65.0,,,,,,,18.0,0.422349,,,,,,,Segment B: native,26.16258678,65.0,7.81843,poultry manure|7.818|18.0|65.0
poultry manure,7.81843,18.0,65.0,2.87794,8.59283,57.38724676,57.86223005,,,,,,,,0.316762,,,,,,,Segment B: native,57.38724676,57.86223005,8.59283,poultry manure|7.818|18.0|65.0
poultry manure,7.81843,18.0,65.0,6.9375,8.39231,58.16623136,52.16683933,,,,,,,,41.8654,,,,,,,Segment B: native,58.16623136,52.16683933,8.39231,poultry manure|7.818|18.0|65.0
poultry manure,7.81843,18.0,65.0,14.0042,8.15307,45.59804647,47.19296037,,,,,,,,67.6023,,,,,,,Segment B: native,45.59804647,47.19296037,8.15307,poultry manure|7.818|18.0|65.0
poultry manure,7.81843,18.0,65.0,21.1339,8.59121,37.13874027,39.71109689,,,,,,,,67.6551,,,,,,,Segment B: native,37.13874027,39.71109689,8.59121,poultry manure|7.818|18.0|65.0
poultry manure,7.81843,18.0,65.0,28.0342,8.57222,33.96421287,37.79750284,,,,,,,,52.8201,,,,,,,Segment B: native,33.96421287,37.79750284,8.57222,poultry manure|7.818|18.0|65.0
poultry manure,7.81843,18.0,65.0,35.0123,8.61447,30.02853648,38.86633075,,,,,,,,70.5587,,,,,,,Segment B: native,30.02853648,38.86633075,8.61447,poultry manure|7.818|18.0|65.0
poultry manure,7.81843,18.0,65.0,42.0533,8.61067,28.35541559,37.43381251,,,,,,,,74.3335,,,,,,,Segment B: native,28.35541559,37.43381251,8.61067,poultry manure|7.818|18.0|65.0
pig manure,7.62984,30.0,60.0,1.0,7.62984,36.61345886,60.0,,,,,,,30.0,38.3667,,0.548775,,,,,Segment B: native,36.61345886,60.0,7.62984,pig manure|7.63|30.0|60.0
pig manure,7.62984,30.0,60.0,3.0,9.54742,42.89398285,59.91389931,,,,,,,,13.3868,,0.5089,,,,,Segment B: native,42.89398285,59.91389931,9.54742,pig manure|7.63|30.0|60.0
pig manure,7.62984,30.0,60.0,7.0,9.17584,51.25808239,62.12671234,,,,,,,,57.9908,,0.568317,,,,,Segment B: native,51.25808239,62.12671234,9.17584,pig manure|7.63|30.0|60.0
pig manure,7.62984,30.0,60.0,14.0,8.21714,49.93231523,61.30537893,,,,,,,,86.8768,,0.624703,,,,,Segment B: native,49.93231523,61.30537893,8.21714,pig manure|7.63|30.0|60.0
pig manure,7.62984,30.0,60.0,21.0,8.80406,44.26714773,60.91332972,,,,,,,,90.2458,,0.479493,,,,,Segment B: native,44.26714773,60.91332972,8.80406,pig manure|7.63|30.0|60.0
pig manure,7.62984,30.0,60.0,28.0,8.97361,42.21711782,59.53226975,,,,,,,,93.4618,,0.53871,,,,,Segment B: native,42.21711782,59.53226975,8.97361,pig manure|7.63|30.0|60.0
pig manure,7.62984,30.0,60.0,35.0,9.17068,36.24543103,57.60485818,,,,,,,,100.342,,0.609284,,,,,Segment B: native,36.24543103,57.60485818,9.17068,pig manure|7.63|30.0|60.0
pig manure,7.62984,30.0,60.0,42.0,9.45948,30.30224857,56.06385942,,,,,,,,106.077,,0.819014,,,,,Segment B: native,30.30224857,56.06385942,9.45948,pig manure|7.63|30.0|60.0
pig manure,7.62984,30.0,60.0,50.0,9.32631,29.70272883,55.74029537,,,,,,,,120.743,,0.994565,,,,,Segment B: native,29.70272883,55.74029537,9.32631,pig manure|7.63|30.0|60.0
pig manure,7.72667,30.0,60.0,1.0,7.72667,37.59806705,60.0,,,,,,,30.0,66.326,,0.526036,,,,,Segment B: native,37.59806705,60.0,7.72667,pig manure|7.727|30.0|60.0
pig manure,7.72667,30.0,60.0,3.0,8.85029,45.01662716,57.71746548,,,,,,,,34.9354,,0.443606,,,,,Segment B: native,45.01662716,57.71746548,8.85029,pig manure|7.727|30.0|60.0
pig manure,7.72667,30.0,60.0,7.0,9.03825,52.90873148,59.90168484,,,,,,,,65.5719,,0.61939,,,,,Segment B: native,52.90873148,59.90168484,9.03825,pig manure|7.727|30.0|60.0
pig manure,7.72667,30.0,60.0,14.0,8.29511,49.34460233,59.98431612,,,,,,,,68.0252,,0.479884,,,,,Segment B: native,49.34460233,59.98431612,8.29511,pig manure|7.727|30.0|60.0
pig manure,7.72667,30.0,60.0,21.0,9.05631,45.29248585,60.98352683,,,,,,,,84.7507,,0.470984,,,,,Segment B: native,45.29248585,60.98352683,9.05631,pig manure|7.727|30.0|60.0
pig manure,7.72667,30.0,60.0,28.0,9.43225,40.79638713,58.89145765,,,,,,,,80.4107,,0.609716,,,,,Segment B: native,40.79638713,58.89145765,9.43225,pig manure|7.727|30.0|60.0
pig manure,7.72667,30.0,60.0,35.0,9.33579,34.00850376,57.50898906,,,,,,,,87.7483,,0.745585,,,,,Segment B: native,34.00850376,57.50898906,9.33579,pig manure|7.727|30.0|60.0
pig manure,7.72667,30.0,60.0,42.0,9.38609,29.90701791,55.34454953,,,,,,,,99.2076,,0.904167,,,,,Segment B: native,29.90701791,55.34454953,9.38609,pig manure|7.727|30.0|60.0
pig manure,7.72667,30.0,60.0,50.0,8.95023,29.41856178,55.00316089,,,,,,,,118.453,,,,,,,Segment B: native,29.41856178,55.00316089,8.95023,pig manure|7.727|30.0|60.0
pig manure,7.83215,30.0,60.0,1.0,7.83215,38.21688323,60.0,,,,,,,30.0,43.6582,,0.352842,,,,,Segment B: native,38.21688323,60.0,7.83215,pig manure|7.832|30.0|60.0
pig manure,7.83215,30.0,60.0,3.0,8.72645,45.49566688,57.50568995,,,,,,,,50.0724,,0.351164,,,,,Segment B: native,45.49566688,57.50568995,8.72645,pig manure|7.832|30.0|60.0
pig manure,7.83215,30.0,60.0,7.0,8.99698,52.00284658,60.13566693,,,,,,,,49.1626,,0.503006,,,,,Segment B: native,52.00284658,60.13566693,8.99698,pig manure|7.832|30.0|60.0
pig manure,7.83215,30.0,60.0,14.0,8.49691,49.81465708,59.334221,,,,,,,,60.4946,,0.366331,,,,,Segment B: native,49.81465708,59.334221,8.49691,pig manure|7.832|30.0|60.0
pig manure,7.83215,30.0,60.0,21.0,8.86368,45.83396705,61.13914253,,,,,,,,61.5485,,0.377272,,,,,Segment B: native,45.83396705,61.13914253,8.86368,pig manure|7.832|30.0|60.0
pig manure,7.83215,30.0,60.0,28.0,9.24879,38.49370942,59.22233927,,,,,,,,80.8685,,0.533029,,,,,Segment B: native,38.49370942,59.22233927,9.24879,pig manure|7.832|30.0|60.0
pig manure,7.83215,30.0,60.0,35.0,9.38165,32.19655824,57.67225384,,,,,,,,97.3651,,0.832973,,,,,Segment B: native,32.19655824,57.67225384,9.38165,pig manure|7.832|30.0|60.0
pig manure,7.83215,30.0,60.0,42.0,9.58331,29.5749302,55.47747619,,,,,,,,114.727,,,,,,,Segment B: native,29.5749302,55.47747619,9.58331,pig manure|7.832|30.0|60.0
pig manure,7.83215,30.0,60.0,50.0,8.83557,29.46606325,55.15939097,,,,,,,,121.659,,,,,,,Segment B: native,29.46606325,55.15939097,8.83557,pig manure|7.832|30.0|60.0
pig manure,7.62577,30.0,60.0,1.0,7.62577,47.11907659,60.0,,,,,,,30.0,40.3254,,0.518151,,,,,Segment B: native,47.11907659,60.0,7.62577,pig manure|7.626|30.0|60.0
pig manure,7.62577,30.0,60.0,3.0,8.68518,55.5443061,59.40581102,,,,,,,,54.2446,,0.507633,,,,,Segment B: native,55.5443061,59.40581102,8.68518,pig manure|7.626|30.0|60.0
pig manure,7.62577,30.0,60.0,7.0,8.96028,53.65902845,60.80616943,,,,,,,,58.5506,,0.5538,,,,,Segment B: native,53.65902845,60.80616943,8.96028,pig manure|7.626|30.0|60.0
pig manure,7.62577,30.0,60.0,14.0,8.85924,49.59383378,59.8957942,,,,,,,,78.9139,,0.351812,,,,,Segment B: native,49.59383378,59.8957942,8.85924,pig manure|7.626|30.0|60.0
pig manure,7.62577,30.0,60.0,21.0,9.03796,44.89507142,60.50523295,,,,,,,,68.0356,,0.413606,,,,,Segment B: native,44.89507142,60.50523295,9.03796,pig manure|7.626|30.0|60.0
pig manure,7.62577,30.0,60.0,28.0,9.45059,41.32302463,58.83205129,,,,,,,,72.4223,,0.439967,,,,,Segment B: native,41.32302463,58.83205129,9.45059,pig manure|7.626|30.0|60.0
pig manure,7.62577,30.0,60.0,35.0,9.50549,36.60838327,57.15614673,,,,,,,,81.6173,,0.975875,,,,,Segment B: native,36.60838327,57.15614673,9.50549,pig manure|7.626|30.0|60.0
pig manure,7.62577,30.0,60.0,42.0,9.67504,31.86270196,55.54317639,,,,,,,,95.0098,,,,,,,Segment B: native,31.86270196,55.54317639,9.67504,pig manure|7.626|30.0|60.0
pig manure,7.62577,30.0,60.0,50.0,8.87685,30.84407084,55.32872484,,,,,,,,125.729,,,,,,,Segment B: native,30.84407084,55.32872484,8.87685,pig manure|7.626|30.0|60.0
food waste,8.68704,22.0,60.0,0.0,8.68704,28.2002,60.0,,,,,,,22.0,,3.34947,0.467503,,,,0.0,Segment B: native,28.2002,60.0,8.68704,food waste|8.687|22.0|60.0
food waste,8.68704,22.0,60.0,5.00264,8.82639,43.0632,54.42985345,,,,,,,,0.0,4.25138,0.476466,,,,,Segment B: native,43.0632,54.42985345,8.82639,food waste|8.687|22.0|60.0
food waste,8.68704,22.0,60.0,10.9656,8.96315,34.5173,51.11146152,,,,,,,,0.0,3.99569,0.544399,,,,,Segment B: native,34.5173,51.11146152,8.96315,food waste|8.687|22.0|60.0
food waste,8.68704,22.0,60.0,18.9695,8.99811,26.1263,49.72138904,,,,,,,,0.39036,4.29693,0.389549,,,,,Segment B: native,26.1263,49.72138904,8.99811,food waste|8.687|22.0|60.0
food waste,8.68704,22.0,60.0,27.0105,9.01566,25.9952,53.29582295,,,,,,,,7.30532,3.84701,0.359671,,,,,Segment B: native,25.9952,53.29582295,9.01566,food waste|8.687|22.0|60.0
food waste,8.68704,22.0,60.0,34.9587,9.06193,23.4923,54.02271938,,,,,,,,9.87054,4.32502,0.417043,,,,,Segment B: native,23.4923,54.02271938,9.06193,food waste|8.687|22.0|60.0
food waste,8.68704,22.0,60.0,42.9725,8.98721,22.6341,53.71718622,,,,,,,,33.3201,4.29928,0.313478,,,,0.810227,Segment B: native,22.6341,53.71718622,8.98721,food waste|8.687|22.0|60.0
food waste,8.68704,22.0,60.0,49.9838,9.05088,25.8045,55.01238737,,,,,,,,34.7978,4.30882,0.321896,,,,,Segment B: native,25.8045,55.01238737,9.05088,food waste|8.687|22.0|60.0
food waste,8.69226,22.0,60.0,0.0,8.69226,30.2503,60.0,,,,,,,22.0,,3.39464,0.462196,,,,0.0,Segment B: native,30.2503,60.0,8.69226,food waste|8.692|22.0|60.0
food waste,8.69226,22.0,60.0,4.94681,8.85947,43.7902,53.99008891,,,,,,,,4.76797,3.80165,0.491791,,,,,Segment B: native,43.7902,53.99008891,8.85947,food waste|8.692|22.0|60.0
food waste,8.69226,22.0,60.0,10.9378,8.94226,34.1716,51.14541888,,,,,,,,0.139414,3.69324,0.499007,,,,,Segment B: native,34.1716,51.14541888,8.94226,food waste|8.692|22.0|60.0
food waste,8.69226,22.0,60.0,18.9974,8.97722,26.8534,49.10374344,,,,,,,,26.7676,3.90121,0.332365,,,,,Segment B: native,26.8534,49.10374344,8.97722,food waste|8.692|22.0|60.0
food waste,8.69226,22.0,60.0,26.9832,8.92426,27.5805,50.90578851,,,,,,,,13.3001,3.70168,0.318405,,,,,Segment B: native,27.5805,50.90578851,8.92426,food waste|8.692|22.0|60.0
food waste,8.69226,22.0,60.0,34.9133,8.88697,30.7271,52.60149572,,,,,,,,35.9132,3.81049,0.613348,,,,0.687845,Segment B: native,30.7271,52.60149572,8.88697,food waste|8.692|22.0|60.0
food waste,8.69226,22.0,60.0,42.9305,8.15073,23.1704,52.41748792,,,,,,,,51.0815,1.52827,,,,,0.243979,Segment B: native,23.1704,52.41748792,8.15073,food waste|8.692|22.0|60.0
food waste,8.69226,22.0,60.0,49.9431,7.99417,24.7795,53.86049009,,,,,,,,98.1757,1.18921,,,,,0.322086,Segment B: native,24.7795,53.86049009,7.99417,food waste|8.692|22.0|60.0
food waste,8.68268,22.0,60.0,0.0,8.68268,31.8355,60.0,,,,,,,22.0,,3.15504,0.386151,,,,0.0,Segment B: native,31.8355,60.0,8.68268,food waste|8.683|22.0|60.0
food waste,8.68268,22.0,60.0,5.03081,8.76111,42.4911,53.27876132,,,,,,,,5.63234,3.84681,0.416333,,,,,Segment B: native,42.4911,53.27876132,8.76111,food waste|8.683|22.0|60.0
food waste,8.68268,22.0,60.0,10.9569,8.83955,33.9928,50.73092797,,,,,,,,36.0526,3.89552,0.437699,,,,,Segment B: native,33.9928,50.73092797,8.83955,food waste|8.683|22.0|60.0
food waste,8.68268,22.0,60.0,19.0532,8.94937,27.1752,49.51415025,,,,,,,,53.4515,4.14768,0.286383,,,,,Segment B: native,27.1752,49.51415025,8.94937,food waste|8.683|22.0|60.0
food waste,8.68268,22.0,60.0,26.8998,8.91033,25.8522,51.13485328,,,,,,,,54.6784,3.50333,0.369693,,,,,Segment B: native,25.8522,51.13485328,8.91033,food waste|8.683|22.0|60.0
food waste,8.68268,22.0,60.0,34.9163,8.3151,28.2837,52.50403209,,,,,,,,47.2894,2.16084,,,,,0.252548,Segment B: native,28.2837,52.50403209,8.3151,food waste|8.683|22.0|60.0
food waste,8.68268,22.0,60.0,42.9334,7.61802,25.1251,52.37492087,,,,,,,,72.6349,1.36134,,,,,0.387312,Segment B: native,25.1251,52.37492087,7.61802,food waste|8.683|22.0|60.0
food waste,8.68268,22.0,60.0,49.9451,7.61031,29.0822,53.60569123,,,,,,,,99.0121,1.08218,,,,,0.394636,Segment B: native,29.0822,53.60569123,7.61031,food waste|8.683|22.0|60.0
food waste,8.68268,22.0,60.0,0.0,8.68268,31.3945,60.0,,,,,,,22.0,,3.45158,0.427416,,,,0.0,Segment B: native,31.3945,60.0,8.68268,food waste|8.683|22.0|60.0
food waste,8.68268,22.0,60.0,4.94725,8.77678,43.6472,53.58111222,,,,,,,,36.1362,3.59446,0.391576,,,,,Segment B: native,43.6472,53.58111222,8.77678,food waste|8.683|22.0|60.0
food waste,8.68268,22.0,60.0,11.0404,8.84739,33.4684,50.91269257,,,,,,,,35.7459,3.44579,0.426497,,,,,Segment B: native,33.4684,50.91269257,8.84739,food waste|8.683|22.0|60.0
food waste,8.68268,22.0,60.0,18.9703,8.83969,26.2574,52.68868094,,,,,,,,50.6074,3.45345,0.416076,,,,,Segment B: native,26.2574,52.68868094,8.83969,food waste|8.683|22.0|60.0
food waste,8.68268,22.0,60.0,26.9888,7.86843,27.1037,61.99538293,,,,,,,,66.1661,1.10251,,,,,0.222177,Segment B: native,27.1037,61.99538293,7.86843,food waste|8.683|22.0|60.0
food waste,8.68268,22.0,60.0,34.9189,7.82157,23.1466,65.15058784,,,,,,,,107.238,0.800856,,,,,0.321559,Segment B: native,23.1466,65.15058784,7.82157,food waste|8.683|22.0|60.0
food waste,8.68268,22.0,60.0,42.9336,7.57102,24.3147,63.3993391,,,,,,,,92.85,0.603293,,,,,0.305915,Segment B: native,24.3147,63.3993391,7.57102,food waste|8.683|22.0|60.0
food waste,8.68268,22.0,60.0,49.945,7.62598,35.3039,63.11050751,,,,,,,,99.4304,0.261289,,,,,0.267232,Segment B: native,35.3039,63.11050751,7.62598,food waste|8.683|22.0|60.0
poultry manure,7.78658,30.0,62.1511,0.0,7.78658,36.5023,62.1511,,,,,,,30.0,,0.206971,0.0803182,,,,,Segment B: native,36.5023,62.1511,7.78658,poultry manure|7.787|30.0|62.151
poultry manure,7.78658,30.0,62.1511,1.0,7.55928,59.1667,67.5351,,,,,,,,,0.33838,0.0840205,,,,,Segment B: native,59.1667,67.5351,7.55928,poultry manure|7.787|30.0|62.151
poultry manure,7.78658,30.0,62.1511,3.0,8.18639,67.5117,74.0586,,,,,,,,,0.742633,0.0792895,,,,,Segment B: native,67.5117,74.0586,8.18639,poultry manure|7.787|30.0|62.151
poultry manure,7.78658,30.0,62.1511,5.0,8.22169,62.0188,58.7242,,,,,,,,,0.412875,0.0810181,,,,,Segment B: native,62.0188,58.7242,8.22169,poultry manure|7.787|30.0|62.151
poultry manure,7.78658,30.0,62.1511,7.0,8.2785,51.0329,73.5632,,,,,,,,,0.387883,0.0809546,,,,,Segment B: native,51.0329,73.5632,8.2785,poultry manure|7.787|30.0|62.151
poultry manure,7.78658,30.0,62.1511,10.0,8.24681,50.0822,67.6755,,,,,,,,,0.0953317,0.0803484,,,,,Segment B: native,50.0822,67.6755,8.24681,poultry manure|7.787|30.0|62.151
poultry manure,7.78658,30.0,62.1511,15.0,8.3702,42.6878,72.2998,,,,,,,,,0.109613,0.0797455,,,,,Segment B: native,42.6878,72.2998,8.3702,poultry manure|7.787|30.0|62.151
poultry manure,7.78658,30.0,62.1511,20.0,8.70782,44.3779,72.531,,,,,,,,,0.193253,0.0827318,,,,,Segment B: native,44.3779,72.531,8.70782,poultry manure|7.787|30.0|62.151
poultry manure,7.78658,30.0,62.1511,25.0,8.76918,35.8216,72.8282,,,,,,,,,0.190079,0.0821272,,,,,Segment B: native,35.8216,72.8282,8.76918,poultry manure|7.787|30.0|62.151
poultry manure,7.78658,30.0,62.1511,35.0,8.82764,34.3427,69.1123,,,,,,,,,0.187365,0.0858299,,,,,Segment B: native,34.3427,69.1123,8.82764,poultry manure|7.787|30.0|62.151
poultry manure,7.78658,30.0,62.1511,45.0,8.42953,32.5469,63.2411,,,,,,,,,0.149741,0.167046,,,,,Segment B: native,32.5469,63.2411,8.42953,poultry manure|7.787|30.0|62.151
poultry manure,7.78658,30.0,62.1511,60.0,8.49792,30.5399,54.9917,,,,,,,,,0.0427604,0.833368,,,,,Segment B: native,30.5399,54.9917,8.49792,poultry manure|7.787|30.0|62.151
poultry manure,7.61123,30.0,67.6259,0.0,7.61123,36.561,67.6259,,,,,,,30.0,,0.582473,0.0790595,,,,,Segment B: native,36.561,67.6259,7.61123,poultry manure|7.611|30.0|67.626
poultry manure,7.61123,30.0,67.6259,1.0,7.54149,59.061,63.3898,,,,,,,,,0.365022,0.0841989,,,,,Segment B: native,59.061,63.3898,7.54149,poultry manure|7.611|30.0|67.626
poultry manure,7.61123,30.0,67.6259,3.0,8.12064,61.7019,67.5186,,,,,,,,,0.590135,0.0832385,,,,,Segment B: native,61.7019,67.5186,8.12064,poultry manure|7.611|30.0|67.626
poultry manure,7.61123,30.0,67.6259,5.0,8.41607,62.9695,62.6466,,,,,,,,,0.596149,0.0831733,,,,,Segment B: native,62.9695,62.6466,8.41607,poultry manure|7.611|30.0|67.626
poultry manure,7.61123,30.0,67.6259,7.0,8.34219,54.3075,68.5508,,,,,,,,,0.389262,0.0831069,,,,,Segment B: native,54.3075,68.5508,8.34219,poultry manure|7.611|30.0|67.626
poultry manure,7.61123,30.0,67.6259,10.0,8.34151,48.6033,65.8092,,,,,,,,,0.200289,0.0814268,,,,,Segment B: native,48.6033,65.8092,8.34151,poultry manure|7.611|30.0|67.626
poultry manure,7.61123,30.0,67.6259,15.0,8.37351,41.9484,67.5516,,,,,,,,,0.14613,0.0813628,,,,,Segment B: native,41.9484,67.5516,8.37351,poultry manure|7.611|30.0|67.626
poultry manure,7.61123,30.0,67.6259,20.0,8.70988,44.4836,62.1511,,,,,,,,,0.193484,0.0818333,,,,,Segment B: native,44.4836,62.1511,8.70988,poultry manure|7.611|30.0|67.626
poultry manure,7.61123,30.0,67.6259,25.0,8.76793,35.8216,66.9405,,,,,,,,,0.145065,0.082846,,,,,Segment B: native,35.8216,66.9405,8.76793,poultry manure|7.611|30.0|67.626
poultry manure,7.61123,30.0,67.6259,35.0,8.87396,34.2371,62.1841,,,,,,,,,0.141662,0.0876238,,,,,Segment B: native,34.2371,62.1841,8.87396,poultry manure|7.611|30.0|67.626
poultry manure,7.61123,30.0,67.6259,45.0,8.44193,32.5469,58.5756,,,,,,,,,0.0960004,0.141387,,,,,Segment B: native,32.5469,58.5756,8.44193,poultry manure|7.611|30.0|67.626
poultry manure,7.61123,30.0,67.6259,60.0,8.49791,30.3286,56.9736,,,,,,,,,0.042989,0.537674,,,,,Segment B: native,30.3286,56.9736,8.49791,poultry manure|7.611|30.0|67.626
pig manure,7.58407,30.0,60.0,0.0,7.58407,23.2327,60.0,,,,,,,30.0,,,,0.6142125,0.001234875,,,Segment B: native,23.2327,60.0,7.58407,pig manure|7.584|30.0|60.0
pig manure,7.58407,30.0,60.0,3.0,8.58882,50.8556,59.91389931,,,,,,,,,,,,0.0064957,,,Segment B: native,50.8556,59.91389931,8.58882,pig manure|7.584|30.0|60.0
pig manure,7.58407,30.0,60.0,7.0,9.30589,50.4888,62.14499302,,,,,,,,,,,0.70778,0.011987375,,,Segment B: native,50.4888,62.14499302,9.30589,pig manure|7.584|30.0|60.0
pig manure,7.58407,30.0,60.0,14.0,9.04065,51.5699,61.23547171,,,,,,,,,,,2.176555,0.0042911,,,Segment B: native,51.5699,61.23547171,9.04065,pig manure|7.584|30.0|60.0
pig manure,7.58407,30.0,60.0,21.0,8.76545,43.7454,61.02839336,,,,,,,,,,,1.2662925,0.002297623,,,Segment B: native,43.7454,61.02839336,8.76545,pig manure|7.584|30.0|60.0
pig manure,7.58407,30.0,60.0,28.0,9.02248,44.9662,59.77406789,,,,,,,,,,,0.92421,0.00262845,,,Segment B: native,44.9662,59.77406789,9.02248,pig manure|7.584|30.0|60.0
pig manure,7.58407,30.0,60.0,35.0,9.1178,39.2777,57.87735972,,,,,,,,,,,0.6122075,0.00290905,,,Segment B: native,39.2777,57.87735972,9.1178,pig manure|7.584|30.0|60.0
pig manure,7.58407,30.0,60.0,42.0,8.2706,29.4075,56.37774296,,,,,,,,,,,0.23196575,0.002612375,,,Segment B: native,29.4075,56.37774296,8.2706,pig manure|7.584|30.0|60.0
pig manure,7.58407,30.0,60.0,50.0,7.79323,29.7665,55.97286414,,,,,,,,,,,0.198927,0.0026369,,,Segment B: native,29.7665,55.97286414,7.79323,pig manure|7.584|30.0|60.0
pig manure,7.58407,30.0,60.0,70.0,7.6139,31.1279,56.05990484,,,,,,,,,,,0.116324,0.002038078,,,Segment B: native,31.1279,56.05990484,7.6139,pig manure|7.584|30.0|60.0
pig manure,7.20296,30.0,60.0,0.0,7.20296,23.1834,60.0,,,,,,,30.0,,,,0.8190075,0.001224825,,,Segment B: native,23.1834,60.0,7.20296,pig manure|7.203|30.0|60.0
pig manure,7.20296,30.0,60.0,3.0,8.9295,53.8871,59.57655524,,,,,,,,,,,,0.00528085,,,Segment B: native,53.8871,59.57655524,8.9295,pig manure|7.203|30.0|60.0
pig manure,7.20296,30.0,60.0,7.0,9.34964,40.5561,60.59212021,,,,,,,,,,,0.908535,0.008684175,,,Segment B: native,40.5561,60.59212021,9.34964,pig manure|7.203|30.0|60.0
pig manure,7.20296,30.0,60.0,14.0,9.18381,54.0181,59.74479076,,,,,,,,,,,,0.003994925,,,Segment B: native,54.0181,59.74479076,9.18381,pig manure|7.203|30.0|60.0
pig manure,7.20296,30.0,60.0,21.0,8.78997,42.8088,68.02715262,,,,,,,,,,,0.6178475,0.0032163,,,Segment B: native,42.8088,68.02715262,8.78997,pig manure|7.203|30.0|60.0
pig manure,7.20296,30.0,60.0,28.0,9.09208,44.309,67.3024723,,,,,,,,,,,0.61301,0.0030451,,,Segment B: native,44.309,67.3024723,9.09208,pig manure|7.203|30.0|60.0
pig manure,7.20296,30.0,60.0,35.0,9.18606,39.6556,67.17188758,,,,,,,,,,,0.393365,0.002984375,,,Segment B: native,39.6556,67.17188758,9.18606,pig manure|7.203|30.0|60.0
pig manure,7.20296,30.0,60.0,42.0,8.3846,32.9731,66.83696729,,,,,,,,,,,0.135594,0.00206018,,,Segment B: native,32.9731,66.83696729,8.3846,pig manure|7.203|30.0|60.0
pig manure,7.20296,30.0,60.0,50.0,8.06167,31.8451,66.38326538,,,,,,,,,,,0.2431015,0.002667025,,,Segment B: native,31.8451,66.38326538,8.06167,pig manure|7.203|30.0|60.0
pig manure,7.20296,30.0,60.0,70.0,8.7221,30.9636,67.86662901,,,,,,,,,,,0.142426,0.002018008,,,Segment B: native,30.9636,67.86662901,8.7221,pig manure|7.203|30.0|60.0
sewage sludge,8.09596,20.0,60.0,1.03048,8.09596,37.9527,60.0,,,,,,,20.0,45.2182,1.79543,0.0612653,,0.00694694,0.000140939,,Segment B: native,37.9527,60.0,8.09596,sewage sludge|8.096|20.0|60.0
sewage sludge,8.09596,20.0,60.0,2.97519,8.23832,49.813,55.69544545,,,,,,,,66.6405,2.39495,0.0303225,,0.0309281,0.0,,Segment B: native,49.813,55.69544545,8.23832,sewage sludge|8.096|20.0|60.0
sewage sludge,8.09596,20.0,60.0,5.99902,7.80922,31.3498,52.14885201,,,,,,,,62.1204,2.30248,0.0505742,,0.00232593,0.0,,Segment B: native,31.3498,52.14885201,7.80922,sewage sludge|8.096|20.0|60.0
sewage sludge,8.09596,20.0,60.0,9.02852,7.79974,31.1404,54.54454414,,,,,,,,64.0482,2.06594,0.0294669,,0.000839062,0.000177544,,Segment B: native,31.1404,54.54454414,7.79974,sewage sludge|8.096|20.0|60.0
sewage sludge,8.09596,20.0,60.0,11.9868,7.4126,28.2771,54.78512727,,,,,,,,76.54,0.952599,0.0526481,,0.000191257,0.00742356,,Segment B: native,28.2771,54.78512727,7.4126,sewage sludge|8.096|20.0|60.0
sewage sludge,8.09596,20.0,60.0,14.9762,6.89957,22.5061,54.67822576,,,,,,,,72.8429,0.894541,0.180223,,1.85e-05,0.00385671,,Segment B: native,22.5061,54.67822576,6.89957,sewage sludge|8.096|20.0|60.0
sewage sludge,8.09596,20.0,60.0,21.977,6.59055,21.8098,52.60864145,,,,,,,,83.9723,1.07888,0.226696,,,0.00123475,,Segment B: native,21.8098,52.60864145,6.59055,sewage sludge|8.096|20.0|60.0
sewage sludge,8.09596,20.0,60.0,32.0316,6.50192,20.3041,55.4226254,,,,,,,,97.1668,0.927109,0.245969,,,,,Segment B: native,20.3041,55.4226254,6.50192,sewage sludge|8.096|20.0|60.0
sewage sludge,8.09596,20.0,60.0,41.9888,6.50678,20.8521,53.25632657,,,,,,,,98.2879,0.876283,0.284575,,,,,Segment B: native,20.8521,53.25632657,6.50678,sewage sludge|8.096|20.0|60.0
sewage sludge,8.05171,20.0,60.0,1.02132,8.05171,37.5835,60.0,,,,,,,20.0,44.578,1.72799,0.0459168,,0.0033871,0.00018521,,Segment B: native,37.5835,60.0,8.05171,sewage sludge|8.052|20.0|60.0
sewage sludge,8.05171,20.0,60.0,2.96666,8.16078,53.5054,55.4861472,,,,,,,,62.5248,2.02101,0.0251673,,0.015899,0.0,,Segment B: native,53.5054,55.4861472,8.16078,sewage sludge|8.052|20.0|60.0
sewage sludge,8.05171,20.0,60.0,5.94007,7.85255,34.096,52.17500407,,,,,,,,64.1935,2.21072,0.0269073,,0.00191257,0.0,,Segment B: native,34.096,52.17500407,7.85255,sewage sludge|8.052|20.0|60.0
sewage sludge,8.05171,20.0,60.0,9.02839,7.94934,34.925,53.75320341,,,,,,,,72.9659,1.81818,0.0273579,,0.000635466,0.000199457,,Segment B: native,34.925,53.75320341,7.94934,sewage sludge|8.052|20.0|60.0
sewage sludge,8.05171,20.0,60.0,11.9549,7.28261,28.6232,53.58192727,,,,,,,,72.287,0.96728,0.068114,,5.55e-05,0.00520488,,Segment B: native,28.6232,53.58192727,7.28261,sewage sludge|8.052|20.0|60.0
sewage sludge,8.05171,20.0,60.0,15.0012,6.9315,22.9446,56.10908295,,,,,,,,76.1356,0.888575,0.185261,,1.85e-05,0.00302985,,Segment B: native,22.9446,56.10908295,6.9315,sewage sludge|8.052|20.0|60.0
sewage sludge,8.05171,20.0,60.0,21.9723,6.65805,20.2637,52.27070597,,,,,,,,89.0487,1.46612,0.283287,,,0.000930801,,Segment B: native,20.2637,52.27070597,6.65805,sewage sludge|8.052|20.0|60.0
sewage sludge,8.05171,20.0,60.0,32.0306,6.57216,21.0194,53.91290354,,,,,,,,101.45,0.99547,0.362665,,,,,Segment B: native,21.0194,53.91290354,6.57216,sewage sludge|8.052|20.0|60.0
sewage sludge,8.05171,20.0,60.0,41.9951,6.47166,21.3598,51.61010851,,,,,,,,101.886,0.870779,0.387563,,,,,Segment B: native,21.3598,51.61010851,6.47166,sewage sludge|8.052|20.0|60.0
poultry manure,7.56312,25.7,60.0,0.0151134,7.56312,30.78979034,60.0,,,,,,,25.7,26.2706,0.454282,0.117702,,,0.000183999,0.000812337,Segment B: native,30.78979034,60.0,7.56312,poultry manure|7.563|25.7|60.0
poultry manure,7.56312,25.7,60.0,9.98992,8.51922,49.55350769,53.24115292,,,,,,,24.8781,22.9923,0.718889,0.153927,,,0.0018795,0.129407,Segment B: native,49.55350769,53.24115292,8.51922,poultry manure|7.563|25.7|60.0
poultry manure,7.56312,25.7,60.0,20.0101,7.82156,31.88497046,52.6781188,,,,,,,24.0992,29.923,0.373719,0.113952,,,0.00139,0.0647036,Segment B: native,31.88497046,52.6781188,7.82156,poultry manure|7.563|25.7|60.0
poultry manure,7.56312,25.7,60.0,30.0227,7.88243,28.10780999,53.92029082,,,,,,,23.5053,53.4873,0.172468,0.279602,,,0.0031885,0.0460113,Segment B: native,28.10780999,53.92029082,7.88243,poultry manure|7.563|25.7|60.0
poultry manure,7.56312,25.7,60.0,40.005,7.76116,26.70832315,49.95938142,,,,,,,22.105,52.2992,0.203364,0.334115,,,0.00291501,0.018942,Segment B: native,26.70832315,49.95938142,7.76116,poultry manure|7.563|25.7|60.0
poultry manure,7.56312,25.7,60.0,50.0403,7.79012,26.98385831,51.04138791,,,,,,,21.1113,66.7547,0.12898,0.528839,,,0.0019885,0.0226306,Segment B: native,26.98385831,51.04138791,7.79012,poultry manure|7.563|25.7|60.0
poultry manure,7.56312,25.7,60.0,59.9849,7.57795,27.05098389,41.69961494,,,,,,,19.2284,73.4873,0.0933905,0.643845,,,0.002151,0.00425092,Segment B: native,27.05098389,41.69961494,7.57795,poultry manure|7.563|25.7|60.0
poultry manure,7.85583,27.1542,60.0,0.0151134,7.85583,28.66080008,60.0,,,,,,,27.1542,18.6359,0.448338,0.114655,,,0.000185004,0.00206258,Segment B: native,28.66080008,60.0,7.85583,poultry manure|7.856|27.154|60.0
poultry manure,7.85583,27.1542,60.0,9.99748,8.81194,49.52200818,59.5079918,,,,,,,25.6548,21.8042,0.534924,0.178781,,,0.0010935,0.0734558,Segment B: native,49.52200818,59.5079918,8.81194,poultry manure|7.856|27.154|60.0
poultry manure,7.85583,27.1542,60.0,19.927,8.36637,31.27233857,60.84024826,,,,,,,23.0679,33.2893,0.258585,0.172099,,,0.000769997,0.0191294,Segment B: native,31.27233857,60.84024826,8.36637,poultry manure|7.856|27.154|60.0
poultry manure,7.85583,27.1542,60.0,30.0756,8.20803,28.78828743,54.28501637,,,,,,,21.4594,55.2695,0.147751,0.46483,,,0.0026365,0.015754,Segment B: native,28.78828743,54.28501637,8.20803,poultry manure|7.856|27.154|60.0
poultry manure,7.85583,27.1542,60.0,40.005,8.33241,27.63443241,50.70829531,,,,,,,20.0062,75.6656,0.118577,0.590856,,,0.001216,0.012753,Segment B: native,27.63443241,50.70829531,8.33241,poultry manure|7.856|27.154|60.0
poultry manure,7.85583,27.1542,60.0,50.0252,8.02127,27.75716547,51.25811694,,,,,,,18.0606,88.7349,0.0987881,0.877022,,,0.00134851,0.00487591,Segment B: native,27.75716547,51.25811694,8.02127,poultry manure|7.856|27.154|60.0
poultry manure,7.85583,27.1542,60.0,60.0378,7.82908,27.73032129,46.04129587,,,,,,,15.5993,93.6854,0.0766533,0.959673,,,0.000982002,0.00418891,Segment B: native,27.73032129,46.04129587,7.82908,poultry manure|7.856|27.154|60.0
poultry manure,7.9432,28.8101,60.0,0.02267,7.9432,28.6922784,60.0,,,,,,,28.8101,21.8042,0.424091,0.117938,,,0.000177001,0.00168719,Segment B: native,28.6922784,60.0,7.9432,poultry manure|7.943|28.81|60.0
poultry manure,7.9432,28.8101,60.0,10.0126,9.0621,46.0866272,61.44907565,,,,,,,27.5288,29.3289,0.505046,0.219344,,,0.000829501,0.0623903,Segment B: native,46.0866272,61.44907565,9.0621,poultry manure|7.943|28.81|60.0
poultry manure,7.9432,28.8101,60.0,19.995,8.40279,31.98033304,62.56979796,,,,,,,24.6379,35.6656,0.21885,0.141384,,,0.000679001,0.0260066,Segment B: native,31.98033304,62.56979796,8.40279,poultry manure|7.943|28.81|60.0
poultry manure,7.9432,28.8101,60.0,30.0302,8.31086,29.18057368,56.81441236,,,,,,,22.1667,68.4488,0.116152,0.487105,,,0.0016735,0.018817,Segment B: native,29.18057368,56.81441236,8.31086,poultry manure|7.943|28.81|60.0
poultry manure,7.9432,28.8101,60.0,40.073,8.45813,27.81217011,52.88827786,,,,,,,17.729,78.3058,0.120297,0.638922,,,0.001532,0.0103773,Segment B: native,27.81217011,52.88827786,8.45813,poultry manure|7.943|28.81|60.0
poultry manure,7.9432,28.8101,60.0,50.063,8.25015,28.1375093,52.24841423,,,,,,,16.1403,95.7316,0.0980051,0.955334,,,0.000869499,0.00231328,Segment B: native,28.1375093,52.24841423,8.25015,poultry manure|7.943|28.81|60.0
poultry manure,7.9432,28.8101,60.0,60.0151,8.00832,27.73967955,46.63020173,,,,,,,14.3434,106.777,0.0600705,,,,0.000690002,0.00375079,Segment B: native,27.73967955,46.63020173,8.00832,poultry manure|7.943|28.81|60.0
poultry manure,7.56312,25.7,60.0,0.0151134,7.56312,27.92579064,60.0,,,,,,,25.7,26.2706,0.454282,0.117702,,,0.000183999,0.000812337,Segment B: native,27.92579064,60.0,7.56312,poultry manure|7.563|25.7|60.0
poultry manure,7.56312,25.7,60.0,9.98992,8.51922,50.0881739,54.50503931,,,,,,,24.8781,22.9923,0.718889,0.153927,,,0.0018795,0.129407,Segment B: native,50.0881739,54.50503931,8.51922,poultry manure|7.563|25.7|60.0
poultry manure,7.56312,25.7,60.0,20.0101,7.82156,30.64317201,55.62224548,,,,,,,24.0992,29.923,0.373719,0.113952,,,0.00139,0.0647036,Segment B: native,30.64317201,55.62224548,7.82156,poultry manure|7.563|25.7|60.0
poultry manure,7.56312,25.7,60.0,30.0227,7.88243,26.45084268,54.63885785,,,,,,,23.5053,53.4873,0.172468,0.279602,,,0.0031885,0.0460113,Segment B: native,26.45084268,54.63885785,7.88243,poultry manure|7.563|25.7|60.0
poultry manure,7.56312,25.7,60.0,40.005,7.76116,23.06849951,51.21954278,,,,,,,22.105,52.2992,0.203364,0.334115,,,0.00291501,0.018942,Segment B: native,23.06849951,51.21954278,7.76116,poultry manure|7.563|25.7|60.0
poultry manure,7.56312,25.7,60.0,50.0403,7.79012,23.53104101,53.0177752,,,,,,,21.1113,66.7547,0.12898,0.528839,,,0.0019885,0.0226306,Segment B: native,23.53104101,53.0177752,7.79012,poultry manure|7.563|25.7|60.0
poultry manure,7.56312,25.7,60.0,59.9849,7.57795,23.4303901,44.04717029,,,,,,,19.2284,73.4873,0.0933905,0.643845,,,0.002151,0.00425092,Segment B: native,23.4303901,44.04717029,7.57795,poultry manure|7.563|25.7|60.0
poultry manure,7.7185,26.8667,60.0,0.02267,7.7185,25.86469093,60.0,,,,,,,26.8667,20.022,0.451936,0.112544,,,0.000211002,0.00137505,Segment B: native,25.86469093,60.0,7.7185,poultry manure|7.718|26.867|60.0
poultry manure,7.7185,26.8667,60.0,10.0353,8.7394,45.61196271,59.19796165,,,,,,,25.0599,27.1507,0.618459,0.123447,,,0.00170949,0.0937738,Segment B: native,45.61196271,59.19796165,8.7394,poultry manure|7.718|26.867|60.0
poultry manure,7.7185,26.8667,60.0,20.0327,8.28609,30.62284271,60.00427958,,,,,,,23.3985,32.2992,0.30176,0.158969,,,0.001251,0.0460739,Segment B: native,30.62284271,60.00427958,8.28609,poultry manure|7.718|26.867|60.0
poultry manure,7.7185,26.8667,60.0,30.0453,8.10648,26.88611391,54.77918843,,,,,,,22.5303,60.418,0.16887,0.434585,,,0.0030735,0.0339456,Segment B: native,26.88611391,54.77918843,8.10648,poultry manure|7.718|26.867|60.0
poultry manure,7.7185,26.8667,60.0,40.0353,8.23924,24.06434737,51.35036982,,,,,,,21.6126,65.5666,0.148768,0.513248,,,0.00206,0.0156288,Segment B: native,24.06434737,51.35036982,8.23924,poultry manure|7.718|26.867|60.0
poultry manure,7.7185,26.8667,60.0,50.0554,8.06608,24.6946732,52.08569136,,,,,,,19.3529,82.9923,0.113336,0.736109,,,0.0017185,0.012441,Segment B: native,24.6946732,52.08569136,8.06608,poultry manure|7.718|26.867|60.0
poultry manure,7.7185,26.8667,60.0,60.0,7.79007,24.64258812,45.85855417,,,,,,,17.1363,89.1309,0.0977705,0.802344,,,0.001609,0.00762683,Segment B: native,24.64258812,45.85855417,7.79007,poultry manure|7.718|26.867|60.0
poultry manure,7.79297,28.1227,60.0,0.0302267,7.79297,27.17794103,60.0,,,,,,,28.1227,20.286,0.436136,0.11278,,,0.000177005,0.00268802,Segment B: native,27.17794103,60.0,7.79297,poultry manure|7.793|28.123|60.0
poultry manure,7.79297,28.1227,60.0,9.95214,8.98989,50.98553472,59.37985028,,,,,,,26.8612,32.3432,0.589832,0.152285,,,0.0013965,0.105026,Segment B: native,50.98553472,59.37985028,8.98989,poultry manure|7.793|28.123|60.0
poultry manure,7.79297,28.1227,60.0,20.0101,8.37152,31.10546827,60.61255388,,,,,,,24.823,32.0352,0.328041,0.112779,,,0.001174,0.0385719,Segment B: native,31.10546827,60.61255388,8.37152,poultry manure|7.793|28.123|60.0
poultry manure,7.79297,28.1227,60.0,30.0529,8.18868,26.68463899,55.55313689,,,,,,,24.6588,50.495,0.168871,0.434818,,,0.0027925,0.0246935,Segment B: native,26.68463899,55.55313689,8.18868,poultry manure|7.793|28.123|60.0
poultry manure,7.79297,28.1227,60.0,40.0126,8.35207,23.79009284,51.65631667,,,,,,,22.9941,57.9978,0.11185,0.462134,,,0.002377,0.0151913,Segment B: native,23.79009284,51.65631667,8.35207,poultry manure|7.793|28.123|60.0
poultry manure,7.79297,28.1227,60.0,49.9572,8.19083,24.56434168,52.05176963,,,,,,,21.5079,69.3289,0.131483,0.762603,,,0.0015105,0.0132534,Segment B: native,24.56434168,52.05176963,8.19083,poultry manure|7.793|28.123|60.0
poultry manure,7.79297,28.1227,60.0,60.0453,7.8784,24.49394628,49.2736457,,,,,,,19.8597,75.6436,0.0621042,0.859789,,,0.001644,0.00350007,Segment B: native,24.49394628,49.2736457,7.8784,poultry manure|7.793|28.123|60.0
food waste,8.11896,29.7059,55.0,0.0,8.11896,25.927,55.0,,,,,,,29.7059,0.0,1.71675,,,,0.0319237,0.0507769,Segment B: native,25.927,55.0,8.11896,food waste|8.119|29.706|55.0
food waste,8.11896,29.7059,55.0,3.0,7.584,54.9211,55.03910795,,,,,,,26.6602,15.2941,1.48555,,,,0.0266198,0.186413,Segment B: native,54.9211,55.03910795,7.584,food waste|8.119|29.706|55.0
food waste,8.11896,29.7059,55.0,7.0,7.17744,63.3558,57.82377084,,,,,,,25.1809,7.05882,1.46858,,,,0.023782,0.0301175,Segment B: native,63.3558,57.82377084,7.17744,food waste|8.119|29.706|55.0
food waste,8.11896,29.7059,55.0,10.0,7.211,63.4456,60.11421968,,,,,,,24.39,8.82353,1.35828,,,,0.00331492,0.0278586,Segment B: native,63.4456,60.11421968,7.211,food waste|8.119|29.706|55.0
food waste,8.11896,29.7059,55.0,14.0,7.04448,61.5149,61.16822344,,,,,,,24.0871,14.1176,1.05807,,,,0.000376695,0.00985907,Segment B: native,61.5149,61.16822344,7.04448,food waste|8.119|29.706|55.0
food waste,8.11896,29.7059,55.0,21.0,7.37434,38.2696,56.893825,,,,,,,21.4249,46.4706,0.747728,,,,0.00253641,0.014112,Segment B: native,38.2696,56.893825,7.37434,food waste|8.119|29.706|55.0
food waste,8.11896,29.7059,55.0,28.0,7.03505,34.1535,55.91117841,,,,,,,21.6058,40.5882,0.658456,,,,0.00263687,0.000419888,Segment B: native,34.1535,55.91117841,7.03505,food waste|8.119|29.706|55.0
food waste,8.11896,29.7059,55.0,42.0,6.89105,31.9887,51.46938977,,,,,,,20.9866,93.5294,0.40737,,,,0.000276243,0.000604737,Segment B: native,31.9887,51.46938977,6.89105,food waste|8.119|29.706|55.0
food waste,8.03532,31.3723,55.0,0.0,8.03532,25.927,55.0,,,,,,,31.3723,0.0,1.7962,,,,0.0369412,0.0226565,Segment B: native,25.927,55.0,8.03532,food waste|8.035|31.372|55.0
food waste,8.03532,31.3723,55.0,3.0,7.48921,60.4831,54.99196364,,,,,,,28.4249,7.64706,1.17467,,,,0.0134103,0.0550845,Segment B: native,60.4831,54.99196364,7.48921,food waste|8.035|31.372|55.0
food waste,8.03532,31.3723,55.0,7.0,7.4224,60.3219,57.89880568,,,,,,,27.3378,23.5294,1.07826,,,,0.040884,0.00340081,Segment B: native,60.3219,57.89880568,7.4224,food waste|8.035|31.372|55.0
food waste,8.03532,31.3723,55.0,10.0,7.43433,61.1703,60.81966892,,,,,,,27.7233,24.7059,1.04049,,,,0.0331492,0.0219938,Segment B: native,61.1703,60.81966892,7.43433,food waste|8.035|31.372|55.0
food waste,8.03532,31.3723,55.0,14.0,7.35675,40.869,61.59966437,,,,,,,25.2636,29.4118,0.923359,,,,0.000301356,0.000886659,Segment B: native,40.869,61.59966437,7.35675,food waste|8.035|31.372|55.0
food waste,8.03532,31.3723,55.0,21.0,7.51934,33.6349,57.96039545,,,,,,,21.719,67.0588,0.4403,,,,0.0112757,0.000828753,Segment B: native,33.6349,57.96039545,7.51934,food waste|8.035|31.372|55.0
food waste,8.03532,31.3723,55.0,28.0,7.50905,29.9664,56.91617159,,,,,,,18.8605,96.4706,0.0677856,,,,0.0103466,0.000520221,Segment B: native,29.9664,56.91617159,7.50905,food waste|8.035|31.372|55.0
food waste,8.03532,31.3723,55.0,42.0,7.48291,34.8277,52.01577955,,,,,,,18.4378,125.882,0.0273993,,,,0.000175791,0.000454471,Segment B: native,34.8277,52.01577955,7.48291,food waste|8.035|31.372|55.0
food waste,8.11896,29.7059,55.0,0.0,8.11896,25.927,55.0,,,,,,,29.7059,0.0,1.71675,,,,0.0319237,0.0507769,Segment B: native,25.927,55.0,8.11896,food waste|8.119|29.706|55.0
food waste,8.11896,29.7059,55.0,3.0,7.584,54.9211,55.03910795,,,,,,,26.6602,15.2941,1.48555,,,,0.0266198,0.186413,Segment B: native,54.9211,55.03910795,7.584,food waste|8.119|29.706|55.0
food waste,8.11896,29.7059,55.0,7.0,7.17744,63.3558,58.16325834,,,,,,,25.1809,7.05882,1.46858,,,,0.023782,0.0301175,Segment B: native,63.3558,58.16325834,7.17744,food waste|8.119|29.706|55.0
food waste,8.11896,29.7059,55.0,10.0,7.211,63.4456,60.60809014,,,,,,,24.39,8.82353,1.35828,,,,0.00331492,0.0278586,Segment B: native,63.4456,60.60809014,7.211,food waste|8.119|29.706|55.0
food waste,8.11896,29.7059,55.0,14.0,7.04448,61.5149,61.89404617,,,,,,,24.0871,14.1176,1.05807,,,,0.000376695,0.00985907,Segment B: native,61.5149,61.89404617,7.04448,food waste|8.119|29.706|55.0
food waste,8.11896,29.7059,55.0,21.0,7.37434,38.2696,57.27069432,,,,,,,21.4249,46.4706,0.747728,,,,0.00253641,0.014112,Segment B: native,38.2696,57.27069432,7.37434,food waste|8.119|29.706|55.0
food waste,8.11896,29.7059,55.0,28.0,7.03505,34.1535,56.16139318,,,,,,,21.6058,40.5882,0.658456,,,,0.00263687,0.000419888,Segment B: native,34.1535,56.16139318,7.03505,food waste|8.119|29.706|55.0
food waste,8.11896,29.7059,55.0,42.0,6.89105,31.9887,51.65161477,,,,,,,20.9866,93.5294,0.40737,,,,0.000276243,0.000604737,Segment B: native,31.9887,51.65161477,6.89105,food waste|8.119|29.706|55.0
food waste,8.23605,31.1762,55.0,0.0,8.23605,25.927,55.0,,,,,,,31.1762,0.0,1.47496,,,,0.0160723,0.0175938,Segment B: native,25.927,55.0,8.23605,food waste|8.236|31.176|55.0
food waste,8.23605,31.1762,55.0,3.0,8.04684,29.9664,54.99196364,,,,,,,25.8759,1.76471,1.27484,,,,0.00821195,0.0447586,Segment B: native,29.9664,54.99196364,8.04684,food waste|8.236|31.176|55.0
food waste,8.23605,31.1762,55.0,7.0,7.96369,59.3878,58.27694091,,,,,,,25.9652,8.82353,1.08862,,,,0.0323958,0.022298,Segment B: native,59.3878,58.27694091,7.96369,food waste|8.236|31.176|55.0
food waste,8.23605,31.1762,55.0,10.0,7.99194,60.1534,61.21867801,,,,,,,26.8407,8.82353,1.12685,,,,0.00959317,0.0632469,Segment B: native,60.1534,61.21867801,7.99194,food waste|8.236|31.176|55.0
food waste,8.23605,31.1762,55.0,14.0,7.9311,62.8557,62.18765301,,,,,,,23.793,36.4706,0.885358,,,,0.000326469,0.000335289,Segment B: native,62.8557,62.18765301,7.9311,food waste|8.236|31.176|55.0
food waste,8.23605,31.1762,55.0,21.0,7.92081,46.8521,58.72059318,,,,,,,22.4051,51.1765,0.353944,,,,0.00612757,0.000728448,Segment B: native,46.8521,58.72059318,7.92081,food waste|8.236|31.176|55.0
food waste,8.23605,31.1762,55.0,28.0,7.5874,31.6256,57.58536023,,,,,,,18.2725,84.7059,0.0366888,,,,0.00276243,0.00072064,Segment B: native,31.6256,57.58536023,7.5874,food waste|8.236|31.176|55.0
food waste,8.23605,31.1762,55.0,42.0,7.59443,29.665,52.85608523,,,,,,,18.3398,125.294,0.0239494,,,,0.000376695,0.000755205,Segment B: native,29.665,52.85608523,7.59443,food waste|8.236|31.176|55.0
pig manure,7.85,22.3,60.0,0.0,7.85,27.14146861,60.0,,,,,,,22.3,,0.66,0.0464,,,,,Segment B: native,27.14146861,60.0,7.85,pig manure|7.85|22.3|60.0
pig manure,7.85,22.3,60.0,1.0,7.38,52.39364756,59.8035375,,,,,,,13.9,,0.1,0.0555,,,,,Segment B: native,52.39364756,59.8035375,7.38,pig manure|7.85|22.3|60.0
pig manure,7.85,22.3,60.0,7.0,8.07,54.09080494,56.87851982,,,,,,,16.5,,1.05,0.148,,,,,Segment B: native,54.09080494,56.87851982,8.07,pig manure|7.85|22.3|60.0
pig manure,7.85,22.3,60.0,12.0,8.71,42.22251918,52.8465969,,,,,,,9.0,,1.13,0.117,,,,,Segment B: native,42.22251918,52.8465969,8.71,pig manure|7.85|22.3|60.0
pig manure,7.85,22.3,60.0,35.0,8.51,26.24823547,48.75037282,,,,,,,11.4,,0.8,0.127,,,,,Segment B: native,26.24823547,48.75037282,8.51,pig manure|7.85|22.3|60.0
pig manure,7.85,22.3,60.0,0.0,7.85,26.89003305,60.0,,,,,,,22.3,,0.66,0.0464,,,,,Segment B: native,26.89003305,60.0,7.85,pig manure|7.85|22.3|60.0
pig manure,7.85,22.3,60.0,1.0,8.11,53.57581692,59.8035375,,,,,,,21.0,,1.39,0.0777,,,,,Segment B: native,53.57581692,59.8035375,8.11,pig manure|7.85|22.3|60.0
pig manure,7.85,22.3,60.0,7.0,8.48,55.37808706,56.44565212,,,,,,,14.9,,0.98,0.0791,,,,,Segment B: native,55.37808706,56.44565212,8.48,pig manure|7.85|22.3|60.0
pig manure,7.85,22.3,60.0,12.0,8.81,43.30779877,51.51865904,,,,,,,10.9,,1.29,0.129,,,,,Segment B: native,43.30779877,51.51865904,8.81,pig manure|7.85|22.3|60.0
pig manure,7.85,22.3,60.0,35.0,8.64,26.79160741,46.32844697,,,,,,,11.9,,0.68,0.235,,,,,Segment B: native,26.79160741,46.32844697,8.64,pig manure|7.85|22.3|60.0
pig manure,7.85,22.3,60.0,0.0,7.85,27.89060084,60.0,,,,,,,22.3,,0.66,0.0464,,,,,Segment B: native,27.89060084,60.0,7.85,pig manure|7.85|22.3|60.0
pig manure,7.85,22.3,60.0,1.0,7.38,53.13694196,59.89981705,,,,,,,13.9,,0.1,0.0555,,,,,Segment B: native,53.13694196,59.89981705,7.38,pig manure|7.85|22.3|60.0
pig manure,7.85,22.3,60.0,7.0,8.07,53.36032176,57.3143736,,,,,,,16.5,,1.05,0.148,,,,,Segment B: native,53.36032176,57.3143736,8.07,pig manure|7.85|22.3|60.0
pig manure,7.85,22.3,60.0,12.0,8.71,40.15177807,52.68169575,,,,,,,9.0,,1.13,0.117,,,,,Segment B: native,40.15177807,52.68169575,8.71,pig manure|7.85|22.3|60.0
pig manure,7.85,22.3,60.0,35.0,8.51,25.75333394,49.53417185,,,,,,,11.4,,0.8,0.127,,,,,Segment B: native,25.75333394,49.53417185,8.51,pig manure|7.85|22.3|60.0
pig manure,7.85,22.3,60.0,0.0,7.85,27.58787643,60.0,,,,,,,22.3,,0.66,0.0464,,,,,Segment B: native,27.58787643,60.0,7.85,pig manure|7.85|22.3|60.0
pig manure,7.85,22.3,60.0,1.0,7.98,54.29122867,59.89981705,,,,,,,22.5,,0.72,0.0341,,,,,Segment B: native,54.29122867,59.89981705,7.98,pig manure|7.85|22.3|60.0
pig manure,7.85,22.3,60.0,7.0,8.73,54.02934028,56.72906025,,,,,,,14.9,,1.5,0.113,,,,,Segment B: native,54.02934028,56.72906025,8.73,pig manure|7.85|22.3|60.0
pig manure,7.85,22.3,60.0,12.0,8.88,40.67357641,51.65084698,,,,,,,14.6,,1.14,0.061,,,,,Segment B: native,40.67357641,51.65084698,8.88,pig manure|7.85|22.3|60.0
pig manure,7.85,22.3,60.0,35.0,8.72,26.23240789,46.95800736,,,,,,,10.3,,0.72,0.233,,,,,Segment B: native,26.23240789,46.95800736,8.72,pig manure|7.85|22.3|60.0
poultry manure,7.97769,20.0,60.0,0.0541978,7.97769,28.5707126,60.0,,,,,,,20.0,0.496863,0.213214,,,,,,Segment B: native,28.5707126,60.0,7.97769,poultry manure|7.978|20.0|60.0
poultry manure,7.97769,20.0,60.0,13.9841,8.417,37.86701334,60.71831425,,,,,,,,6.69048,0.882586,,,,,,Segment B: native,37.86701334,60.71831425,8.417,poultry manure|7.978|20.0|60.0
poultry manure,7.97769,20.0,60.0,27.6569,8.40461,24.1553667,56.67221383,,,,,,,,20.6854,0.327891,0.0035543,,,,,Segment B: native,24.1553667,56.67221383,8.40461,poultry manure|7.978|20.0|60.0
poultry manure,7.97769,20.0,60.0,41.7193,8.3652,20.59974133,55.75796406,,,,,,,,37.8718,0.186881,0.00467325,,,,,Segment B: native,20.59974133,55.75796406,8.3652,poultry manure|7.978|20.0|60.0
poultry manure,7.97769,20.0,60.0,62.773,7.85777,21.2770592,54.6015191,,,,,,,,69.8223,0.118075,0.00477198,,,,,Segment B: native,21.2770592,54.6015191,7.85777,poultry manure|7.978|20.0|60.0
poultry manure,7.97769,20.0,60.0,90.5091,7.78281,21.2770592,51.74581902,,,,,,,,78.3798,0.128268,0.00477198,,,,,Segment B: native,21.2770592,51.74581902,7.78281,poultry manure|7.978|20.0|60.0
poultry manure,7.91593,20.0,60.0,0.0794149,7.91593,27.94283828,60.0,,,,,,,20.0,0.993179,0.162246,,,,,,Segment B: native,27.94283828,60.0,7.91593,poultry manure|7.916|20.0|60.0
poultry manure,7.91593,20.0,60.0,14.0959,8.48456,38.19506085,59.3331097,,,,,,,,6.12304,0.932704,,,,,,Segment B: native,38.19506085,59.3331097,8.48456,poultry manure|7.916|20.0|60.0
poultry manure,7.91593,20.0,60.0,27.844,8.29362,24.14934397,52.927566,,,,,,,,32.8843,0.349976,0.00360038,,,,,Segment B: native,24.14934397,52.927566,8.29362,poultry manure|7.916|20.0|60.0
poultry manure,7.91593,20.0,60.0,41.679,8.22429,20.89503642,49.69642721,,,,,,,,51.2765,0.139311,0.00379784,,,,,Segment B: native,20.89503642,49.69642721,8.22429,poultry manure|7.916|20.0|60.0
poultry manure,7.91593,20.0,60.0,62.8856,7.90314,21.32673235,47.61875799,,,,,,,,97.3402,0.079849,0.00389657,,,,,Segment B: native,21.32673235,47.61875799,7.90314,poultry manure|7.916|20.0|60.0
poultry manure,7.91593,20.0,60.0,90.8763,7.7471,21.32673235,46.96784734,,,,,,,,107.813,0.0722039,0.00387682,,,,,Segment B: native,21.32673235,46.96784734,7.7471,poultry manure|7.916|20.0|60.0
poultry manure,7.63535,25.0,60.0,0.0859694,7.63535,25.30279895,60.0,,,,,,,25.0,1.01642,0.148655,,,,,,Segment B: native,25.30279895,60.0,7.63535,poultry manure|7.635|25.0|60.0
poultry manure,7.63535,25.0,60.0,14.1895,8.06711,37.00682455,56.38316176,,,,,,,,9.05411,0.586975,0.00156653,,,,,Segment B: native,37.00682455,56.38316176,8.06711,poultry manure|7.635|25.0|60.0
poultry manure,7.63535,25.0,60.0,27.9195,8.01296,25.45854637,56.06670822,,,,,,,,34.6803,0.251439,0.00559473,,,,,Segment B: native,25.45854637,56.06670822,8.01296,poultry manure|7.635|25.0|60.0
poultry manure,7.63535,25.0,60.0,41.6746,7.99449,20.98455516,50.34435103,,,,,,,,52.3631,0.153752,0.00701646,,,,,Segment B: native,20.98455516,50.34435103,7.99449,poultry manure|7.635|25.0|60.0
poultry manure,7.63535,25.0,60.0,62.6976,7.63656,21.67547004,45.06020571,,,,,,,,77.151,0.101935,0.00715468,,,,,Segment B: native,21.67547004,45.06020571,7.63656,poultry manure|7.635|25.0|60.0
poultry manure,7.63535,25.0,60.0,90.7106,7.60153,21.67547004,44.52438913,,,,,,,,84.3616,0.0840963,0.0069638,,,,,Segment B: native,21.67547004,44.52438913,7.60153,poultry manure|7.635|25.0|60.0
poultry manure,7.68259,25.0,60.0,0.203223,7.68259,26.23394797,60.0,,,,,,,25.0,0.803451,0.0857952,,,,,,Segment B: native,26.23394797,60.0,7.68259,poultry manure|7.683|25.0|60.0
poultry manure,7.68259,25.0,60.0,14.1981,8.20209,37.59628049,55.89435205,,,,,,,,9.83412,0.654932,,,,,,Segment B: native,37.59628049,55.89435205,8.20209,poultry manure|7.683|25.0|60.0
poultry manure,7.68259,25.0,60.0,27.9027,8.10745,25.2061191,53.97516644,,,,,,,,36.3115,0.21916,0.00500893,,,,,Segment B: native,25.2061191,53.97516644,8.10745,poultry manure|7.683|25.0|60.0
poultry manure,7.68259,25.0,60.0,41.772,8.08897,21.13951127,49.49225917,,,,,,,,75.4131,0.0959887,0.00666761,,,,,Segment B: native,21.13951127,49.49225917,8.08897,poultry manure|7.683|25.0|60.0
poultry manure,7.68259,25.0,60.0,62.9083,7.71658,21.79650429,44.58597495,,,,,,,,105.662,0.0560642,0.00699671,,,,,Segment B: native,21.79650429,44.58597495,7.71658,poultry manure|7.683|25.0|60.0
poultry manure,7.68259,25.0,60.0,90.9106,7.51283,21.79650429,44.30518241,,,,,,,,115.851,0.0637093,0.00691114,,,,,Segment B: native,21.79650429,44.30518241,7.51283,poultry manure|7.683|25.0|60.0
poultry manure,7.54375,30.0,60.0,0.102718,7.54375,28.75268787,60.0,,,,,,,30.0,0.756762,0.157999,0.00207992,,,,,Segment B: native,28.75268787,60.0,7.54375,poultry manure|7.544|30.0|60.0
poultry manure,7.54375,30.0,60.0,14.095,7.72308,38.42939297,65.13133884,,,,,,,,7.51806,0.447664,0.00224448,,,,,Segment B: native,38.42939297,65.13133884,7.72308,poultry manure|7.544|30.0|60.0
poultry manure,7.54375,30.0,60.0,27.9318,7.61412,36.12431824,62.22363401,,,,,,,,17.2576,0.135913,0.0105971,,,,,Segment B: native,36.12431824,62.22363401,7.61412,poultry manure|7.544|30.0|60.0
poultry manure,7.54375,30.0,60.0,41.7717,7.5553,25.89896987,58.60932973,,,,,,,,55.8623,0.107881,0.0116897,,,,,Segment B: native,25.89896987,58.60932973,7.5553,poultry manure|7.544|30.0|60.0
poultry manure,7.54375,30.0,60.0,62.6503,7.3562,25.93530784,57.34164729,,,,,,,,89.5858,0.0857952,0.0123611,,,,,Segment B: native,25.93530784,57.34164729,7.3562,poultry manure|7.544|30.0|60.0
poultry manure,7.54375,30.0,60.0,90.9528,7.31573,25.32273284,56.68990865,,,,,,,,97.2926,0.0662577,0.0120254,,,,,Segment B: native,25.32273284,56.68990865,7.31573,poultry manure|7.544|30.0|60.0
poultry manure,7.50422,30.0,60.0,0.123088,7.50422,27.68093603,60.0,,,,,,,30.0,1.53707,0.0637093,0.0016126,,,,,Segment B: native,27.68093603,60.0,7.50422,poultry manure|7.504|30.0|60.0
poultry manure,7.50422,30.0,60.0,14.3018,7.73659,38.44010294,64.43661349,,,,,,,,6.24154,0.397546,0.0031528,,,,,Segment B: native,38.44010294,64.43661349,7.73659,poultry manure|7.504|30.0|60.0
poultry manure,7.50422,30.0,60.0,28.0451,7.59677,35.4205544,61.4895485,,,,,,,,37.3285,0.107881,0.00903056,,,,,Segment B: native,35.4205544,61.4895485,7.59677,poultry manure|7.504|30.0|60.0
poultry manure,7.50422,30.0,60.0,41.9073,7.52928,24.94663998,58.25803989,,,,,,,,75.0829,0.059462,0.0101363,,,,,Segment B: native,24.94663998,58.25803989,7.52928,poultry manure|7.504|30.0|60.0
poultry manure,7.50422,30.0,60.0,62.8756,7.30126,25.56860711,57.16517449,,,,,,,,118.168,0.0441718,0.0106761,,,,,Segment B: native,25.56860711,57.16517449,7.30126,poultry manure|7.504|30.0|60.0
poultry manure,7.50422,30.0,60.0,90.9709,7.23956,24.93574916,56.59821767,,,,,,,,129.349,0.0288815,0.0102482,,,,,Segment B: native,24.93574916,56.59821767,7.23956,poultry manure|7.504|30.0|60.0
poultry manure,7.73,20.0,71.14,0.0,7.73,19.9406,71.14,,,,,,,20.0,,2.08591,0.06865,,,,,Segment B: native,19.9406,71.14,7.73,poultry manure|7.73|20.0|71.14
poultry manure,7.73,20.0,71.14,2.0,7.87,47.1974,63.02,,,,,,,21.24,,1.93227,0.03947,,,,,Segment B: native,47.1974,63.02,7.87,poultry manure|7.73|20.0|71.14
poultry manure,7.73,20.0,71.14,4.0,8.0,74.6428,61.4,,,,,,,24.49,,2.36085,0.02318,,,,,Segment B: native,74.6428,61.4,8.0,poultry manure|7.73|20.0|71.14
poultry manure,7.73,20.0,71.14,28.0,8.11,42.4304,31.85,,,,,,,17.04,,0.73685,0.12863,,,,,Segment B: native,42.4304,31.85,8.11,poultry manure|7.73|20.0|71.14
poultry manure,7.73,20.0,71.14,43.0,8.16,20.6544,29.98,,,,,,,15.75,,0.36959,0.1162,,,,,Segment B: native,20.6544,29.98,8.16,poultry manure|7.73|20.0|71.14
poultry manure,7.65,18.76,62.03,0.0,7.65,19.3998,62.03,,,,,,,18.76,,2.01477,0.06619,,,,,Segment B: native,19.3998,62.03,7.65,poultry manure|7.65|18.76|62.03
poultry manure,7.65,18.76,62.03,2.0,8.06,41.2488,60.54,,,,,,,20.71,,2.16105,0.03897,,,,,Segment B: native,41.2488,60.54,8.06,poultry manure|7.65|18.76|62.03
poultry manure,7.65,18.76,62.03,4.0,8.0,75.3717,59.43,,,,,,,22.99,,2.32392,0.01739,,,,,Segment B: native,75.3717,59.43,8.0,poultry manure|7.65|18.76|62.03
poultry manure,7.65,18.76,62.03,28.0,8.23,42.9712,31.8,,,,,,,14.94,,0.90542,0.08374,,,,,Segment B: native,42.9712,31.8,8.23,poultry manure|7.65|18.76|62.03
poultry manure,7.65,18.76,62.03,43.0,8.17,21.4068,29.45,,,,,,,15.33,,0.28481,0.07025,,,,,Segment B: native,21.4068,29.45,8.17,poultry manure|7.65|18.76|62.03
sheep manure,8.37416,25.1602,56.85,0.0312518,8.37416,36.764,56.85,,,,,,,25.1602,,0.329713,,0.001636862,0.00534793,0.00501672,0.000130073,Segment B: native,36.764,56.85,8.37416,sheep manure|8.374|25.16|56.85
sheep manure,8.37416,25.1602,56.85,3.03863,6.95322,51.203,55.97582402,,,,,,,25.3978,,2.23343,,0.847078,,,0.0372242,Segment B: native,51.203,55.97582402,6.95322,sheep manure|8.374|25.16|56.85
sheep manure,8.37416,25.1602,56.85,6.9459,6.31342,54.8652,55.54142334,,,,,,,27.1334,,3.55471,,0.696768,,,0.0412742,Segment B: native,54.8652,55.54142334,6.31342,sheep manure|8.374|25.16|56.85
sheep manure,8.37416,25.1602,56.85,9.94317,5.91847,58.326,50.61871104,,,,,,,28.4264,,3.90244,,0.5046,,,0.0333632,Segment B: native,58.326,50.61871104,5.91847,sheep manure|8.374|25.16|56.85
sheep manure,8.37416,25.1602,56.85,13.9169,5.76781,54.0213,50.7173103,,,,,,,29.1728,,4.24454,,0.46815,,0.0726923,0.01180772,Segment B: native,54.0213,50.7173103,5.76781,sheep manure|8.374|25.16|56.85
sheep manure,8.37416,25.1602,56.85,21.0383,6.15707,40.0546,50.42912711,,,,,,,29.9722,,3.58847,,0.20914,0.0719398,0.0491639,0.001880652,Segment B: native,40.0546,50.42912711,6.15707,sheep manure|8.374|25.16|56.85
sheep manure,8.37416,25.1602,56.85,28.0676,6.69228,37.1117,53.19181065,,,,,,,27.1284,,2.98295,,0.1135568,0.15492,0.0210702,0.001573394,Segment B: native,37.1117,53.19181065,6.69228,sheep manure|8.374|25.16|56.85
sheep manure,8.37416,25.1602,56.85,35.0641,6.87932,38.3028,50.78761759,,,,,,,24.7584,,2.48069,,0.0460298,0.115442,0.00802676,0.000244872,Segment B: native,38.3028,50.78761759,6.87932,sheep manure|8.374|25.16|56.85
sheep manure,8.37416,25.1602,56.85,42.0491,7.08701,36.7289,49.78209443,,,,,,,23.9417,,2.08738,,0.0238592,0.0101865,0.00702341,0.000227734,Segment B: native,36.7289,49.78209443,7.08701,sheep manure|8.374|25.16|56.85
sheep manure,8.49662,25.2508,56.85,0.0421602,8.49662,37.6766,56.85,,,,,,,25.2508,,0.31405,,0.0042086,0.00427933,0.00852843,0.000140026,Segment B: native,37.6766,56.85,8.49662,sheep manure|8.497|25.251|56.85
sheep manure,8.49662,25.2508,56.85,2.94889,7.8838,49.9983,55.96010918,,,,,,,25.5337,,2.53537,,0.930312,,,0.0412682,Segment B: native,49.9983,55.96010918,7.8838,sheep manure|8.497|25.251|56.85
sheep manure,8.49662,25.2508,56.85,6.92269,6.39387,55.139,55.60600217,,,,,,,25.5417,,3.8303,,0.687182,,0.0689298,0.0438668,Segment B: native,55.139,55.60600217,6.39387,sheep manure|8.497|25.251|56.85
sheep manure,8.49662,25.2508,56.85,9.91096,6.76432,57.7693,50.57733949,,,,,,,26.5351,,4.03917,,0.451762,,0.026388,0.0282382,Segment B: native,57.7693,50.57733949,6.76432,sheep manure|8.497|25.251|56.85
sheep manure,8.49662,25.2508,56.85,13.9062,6.94047,52.4243,50.5399246,,,,,,,31.078,,3.70475,,0.316414,0.173983,0.0451505,0.01737328,Segment B: native,52.4243,50.5399246,6.94047,sheep manure|8.497|25.251|56.85
sheep manure,8.49662,25.2508,56.85,21.0456,7.12183,48.5688,49.67357715,,,,,,,29.4358,,2.84644,,0.245614,0.00883771,0.0100334,0.00365248,Segment B: native,48.5688,49.67357715,7.12183,sheep manure|8.497|25.251|56.85
sheep manure,8.49662,25.2508,56.85,28.0539,7.23055,42.4047,52.3527036,,,,,,,26.8429,,2.14905,,0.0847994,0.1346,0.0135452,0.001293002,Segment B: native,42.4047,52.3527036,7.23055,sheep manure|8.497|25.251|56.85
sheep manure,8.49662,25.2508,56.85,35.0619,7.38769,37.0162,50.21546722,,,,,,,23.9747,,1.87823,,0.0486014,0.0165112,0.00602007,0.000154769,Segment B: native,37.0162,50.21546722,7.38769,sheep manure|8.497|25.251|56.85
sheep manure,8.49662,25.2508,56.85,42.0233,7.77266,34.5752,49.19422734,,,,,,,22.6809,,1.3781,,0.0210534,0.00858343,0.00852843,0.000237706,Segment B: native,34.5752,49.19422734,7.77266,sheep manure|8.497|25.251|56.85
sheep manure,8.6675,25.202,56.85,0.00712709,8.6675,39.5748,56.85,,,,,,,25.202,,0.428701,,0.00303984,0.0133695,0.00501672,0.000240164,Segment B: native,39.5748,56.85,8.6675,sheep manure|8.668|25.202|56.85
sheep manure,8.6675,25.202,56.85,2.9497,7.69512,50.8471,55.88799668,,,,,,,25.3386,,2.88787,,1.045342,,0.0993311,0.044071,Segment B: native,50.8471,55.88799668,7.69512,sheep manure|8.668|25.202|56.85
sheep manure,8.6675,25.202,56.85,7.04445,7.32873,61.0434,55.41828565,,,,,,,25.6462,,4.01332,,0.851544,0.0733556,0.0228763,0.0127758,Segment B: native,61.0434,55.41828565,7.32873,sheep manure|8.668|25.202|56.85
sheep manure,8.6675,25.202,56.85,9.92128,7.02349,61.5838,50.4129196,,,,,,,25.8525,,3.25654,,0.760378,0.0118986,0.0827759,0.00587582,Segment B: native,61.5838,50.4129196,7.02349,sheep manure|8.668|25.202|56.85
sheep manure,8.6675,25.202,56.85,14.018,7.53642,58.2738,49.79451946,,,,,,,25.9476,,2.80605,,0.622226,0.00713952,0.0120401,0.001036964,Segment B: native,58.2738,49.79451946,7.53642,sheep manure|8.668|25.202|56.85
sheep manure,8.6675,25.202,56.85,21.0768,7.84806,53.1408,49.49535782,,,,,,,26.3882,,2.26677,,0.334458,0.00776911,0.00953177,0.000128917,Segment B: native,53.1408,49.49535782,7.84806,sheep manure|8.668|25.202|56.85
sheep manure,8.6675,25.202,56.85,28.0048,8.00805,44.9508,52.47552676,,,,,,,23.5689,,1.78587,,0.1453536,0.00893003,0.0180602,0.000141871,Segment B: native,44.9508,52.47552676,8.00805,sheep manure|8.668|25.202|56.85
sheep manure,8.6675,25.202,56.85,35.041,8.27127,40.8307,50.27683015,,,,,,,21.8153,,1.28575,,0.0675392,0.00848977,0.00451505,0.0002548,Segment B: native,40.8307,50.27683015,8.27127,sheep manure|8.668|25.202|56.85
sheep manure,8.6675,25.202,56.85,41.9807,8.36575,34.7942,49.33035332,,,,,,,21.0961,,0.956524,,0.0238588,0.00644314,0.00451505,0.000147603,Segment B: native,34.7942,49.33035332,8.36575,sheep manure|8.668|25.202|56.85
sheep manure,8.6618,24.5333,56.85,0.0,8.6618,39.6386,56.85,,,,,,,24.5333,,0.320457,,0.0042089,0.00909183,0.0120401,0.000230198,Segment B: native,39.6386,56.85,8.6618,sheep manure|8.662|24.533|56.85
sheep manure,8.6618,24.5333,56.85,3.01826,7.70367,60.2101,55.96979561,,,,,,,24.7535,,2.58522,,1.129276,0.220361,0.0312542,0.0434204,Segment B: native,60.2101,55.96979561,7.70367,sheep manure|8.662|24.533|56.85
sheep manure,8.6618,24.5333,56.85,7.02154,7.34012,62.613,55.94886825,,,,,,,25.162,,4.06317,,0.7129,0.107579,0.0602007,0.01601902,Segment B: native,62.613,55.94886825,7.34012,sheep manure|8.662|24.533|56.85
sheep manure,8.6618,24.5333,56.85,9.96163,6.94446,61.0363,51.39832571,,,,,,,23.4806,,3.36265,,0.574974,0.0520045,0.00501672,0.00919916,Segment B: native,61.0363,51.39832571,6.94446,sheep manure|8.662|24.533|56.85
sheep manure,8.6618,24.5333,56.85,13.9773,7.68451,56.686,51.31444298,,,,,,,23.2343,,2.75478,,0.34564,0.00927798,0.00752508,0.00350944,Segment B: native,56.686,51.31444298,7.68451,sheep manure|8.662|24.533|56.85
sheep manure,8.6618,24.5333,56.85,21.1112,7.83027,50.7134,49.66532521,,,,,,,21.8673,,2.04672,,0.1532624,0.0115119,0.00501672,0.000168887,Segment B: native,50.7134,49.66532521,7.83027,sheep manure|8.662|24.533|56.85
sheep manure,8.6618,24.5333,56.85,28.0103,8.06358,42.4777,52.04014646,,,,,,,19.9535,,1.47111,,0.0824614,0.0854013,0.0170569,0.000151837,Segment B: native,42.4777,52.04014646,8.06358,sheep manure|8.662|24.533|56.85
sheep manure,8.6618,24.5333,56.85,35.0068,8.25205,42.0992,50.2237353,,,,,,,19.1403,,0.996618,,0.0469644,0.0122327,0.00953177,0.000174714,Segment B: native,42.0992,50.2237353,8.25205,sheep manure|8.662|24.533|56.85
sheep manure,8.6618,24.5333,56.85,42.0321,8.37857,34.9311,49.45047326,,,,,,,18.4909,,0.665981,,0.0210536,0.00590896,0.00351171,0.000157689,Segment B: native,34.9311,49.45047326,8.37857,sheep manure|8.662|24.533|56.85
sheep manure,8.78427,23.6556,56.85,0.0237766,8.78427,45.7894,56.85,,,,,,,23.6556,,0.330429,,0.00584546,0.01337,0.0120401,7e-05,Segment B: native,45.7894,56.85,8.78427,sheep manure|8.784|23.656|56.85
sheep manure,8.78427,23.6556,56.85,2.97732,7.91869,62.9204,56.04310207,,,,,,,23.8653,,2.18002,,1.208768,0.161538,0.0188629,0.0251922,Segment B: native,62.9204,56.04310207,7.91869,sheep manure|8.784|23.656|56.85
sheep manure,8.78427,23.6556,56.85,6.96454,7.30096,65.588,56.39764917,,,,,,,23.5738,,3.87445,,0.805952,0.0172056,0.00501672,0.00568864,Segment B: native,65.588,56.39764917,7.30096,sheep manure|8.784|23.656|56.85
sheep manure,8.78427,23.6556,56.85,9.98377,7.11534,59.7131,51.36293948,,,,,,,22.5611,,4.10825,,0.646752,0.00975886,0.00401338,0.0043143,Segment B: native,59.7131,51.36293948,7.11534,sheep manure|8.784|23.656|56.85
sheep manure,8.78427,23.6556,56.85,13.9175,6.97536,58.6845,50.79419708,,,,,,,21.1968,,2.88509,,0.440562,0.00339587,0.00802676,0.00255846,Segment B: native,58.6845,50.79419708,6.97536,sheep manure|8.784|23.656|56.85
sheep manure,8.78427,23.6556,56.85,21.056,7.38028,53.807,49.14094259,,,,,,,20.4359,,1.66431,,0.1845916,0.00242093,0.00602007,0.000889708,Segment B: native,53.807,49.14094259,7.38028,sheep manure|8.784|23.656|56.85
sheep manure,8.78427,23.6556,56.85,28.0114,7.80513,46.7485,51.49782669,,,,,,,19.1176,,1.1592,,0.1056078,0.0078616,0.00852843,0.000231918,Segment B: native,46.7485,51.49782669,7.80513,sheep manure|8.784|23.656|56.85
sheep manure,8.78427,23.6556,56.85,35.0073,8.12033,40.6482,50.00440235,,,,,,,18.5134,,0.851347,,0.0434576,0.0116987,0.00351171,6.46e-05,Segment B: native,40.6482,50.00440235,8.12033,sheep manure|8.784|23.656|56.85
sheep manure,8.78427,23.6556,56.85,42.0483,8.58861,34.6848,49.25777957,,,,,,,17.9127,,0.468017,,0.0224568,0.00270107,0.00602007,0.000187757,Segment B: native,34.6848,49.25777957,8.58861,sheep manure|8.784|23.656|56.85
sheep manure,8.90815,23.9412,56.85,0.00609527,8.90815,45.8898,56.85,,,,,,,23.9412,,0.306215,,0.00233874,0.00427883,0.00150502,7e-05,Segment B: native,45.8898,56.85,8.90815,sheep manure|8.908|23.941|56.85
sheep manure,8.90815,23.9412,56.85,2.88527,8.0561,65.8772,56.038294,,,,,,,24.1405,,2.5895,,1.113378,0.125174,0.0102843,0.0206276,Segment B: native,65.8772,56.038294,8.0561,sheep manure|8.908|23.941|56.85
sheep manure,8.90815,23.9412,56.85,6.96914,7.56013,65.6884,56.39764917,,,,,,,24.8137,,3.79897,,0.853882,0.0086504,0.00551839,0.00877174,Segment B: native,65.6884,56.39764917,7.56013,sheep manure|8.908|23.941|56.85
sheep manure,8.90815,23.9412,56.85,9.97567,7.67141,58.3076,51.31422771,,,,,,,24.111,,4.09044,,0.598122,0.00708598,0.00802676,0.00381378,Segment B: native,58.3076,51.31422771,7.67141,sheep manure|8.908|23.941|56.85
sheep manure,8.90815,23.9412,56.85,13.9652,7.83973,53.7019,50.92623003,,,,,,,21.4162,,2.87655,,0.43799,0.00553408,0.0110368,0.001036894,Segment B: native,53.7019,50.92623003,7.83973,sheep manure|8.908|23.941|56.85
sheep manure,8.90815,23.9412,56.85,21.0583,8.15565,46.0866,49.50869382,,,,,,,20.7319,,2.19413,,0.1787466,0.0034897,0.00401338,7.88e-05,Segment B: native,46.0866,49.50869382,8.15565,sheep manure|8.908|23.941|56.85
sheep manure,8.90815,23.9412,56.85,27.9683,8.52282,38.5354,51.67882745,,,,,,,19.8804,,1.24393,,0.0810586,0.0912834,0.0150502,0.000261998,Segment B: native,38.5354,51.67882745,8.52282,sheep manure|8.908|23.941|56.85
sheep manure,8.90815,23.9412,56.85,35.0162,8.70773,36.7332,50.06888005,,,,,,,18.907,,0.711773,,0.0441592,0.00314134,0.000502,5.47e-05,Segment B: native,36.7332,50.06888005,8.70773,sheep manure|8.908|23.941|56.85
sheep manure,8.90815,23.9412,56.85,42.0414,8.86629,34.6847,49.29483807,,,,,,,17.5714,,0.431701,,0.01871568,0.0123262,0.00301003,8.77e-05,Segment B: native,34.6847,49.29483807,8.86629,sheep manure|8.908|23.941|56.85
poultry manure,7.09309,20.1194,70.0325,0.0,7.09309,26.6716,70.0325,,,,,,,20.1194,48.3929,0.000466272,,,,,,Segment B: native,26.6716,70.0325,7.09309,poultry manure|7.093|20.119|70.032
poultry manure,7.09309,20.1194,70.0325,1.0,8.93093,47.5703,66.2393,,,,,,,19.4627,35.8036,0.000457291,,,,,,Segment B: native,47.5703,66.2393,8.93093,poultry manure|7.093|20.119|70.032
poultry manure,7.09309,20.1194,70.0325,3.0,9.03904,55.9361,63.2072,,,,,,,18.209,30.4464,0.000394173,,,,0.0,,Segment B: native,55.9361,63.2072,9.03904,poultry manure|7.093|20.119|70.032
poultry manure,7.09309,20.1194,70.0325,7.0,8.97898,49.89,60.9136,,,,,,,16.5373,49.4643,0.000208259,,,,0.00408095,,Segment B: native,49.89,60.9136,8.97898,poultry manure|7.093|20.119|70.032
poultry manure,7.09309,20.1194,70.0325,14.0,9.01502,44.2725,59.4083,,,,,,,14.2687,78.6607,0.000136382,,,,0.0130028,,Segment B: native,44.2725,59.4083,9.01502,poultry manure|7.093|20.119|70.032
poultry manure,7.09309,20.1194,70.0325,28.0,9.25526,29.2774,56.0337,,,,,,,10.209,99.2857,7.58e-05,,,,0.00718329,,Segment B: native,29.2774,56.0337,9.25526,poultry manure|7.093|20.119|70.032
poultry manure,7.06907,19.9172,69.6699,0.0,7.06907,26.6721,69.6699,,,,,,,19.9172,47.3214,0.000466268,,,,,,Segment B: native,26.6721,69.6699,7.06907,poultry manure|7.069|19.917|69.67
poultry manure,7.06907,19.9172,69.6699,1.0,9.01502,49.8692,61.1687,,,,,,,19.3254,41.4286,0.000442833,,,,,,Segment B: native,49.8692,61.1687,9.01502,poultry manure|7.069|19.917|69.67
poultry manure,7.06907,19.9172,69.6699,3.0,9.05105,58.8612,58.129,,,,,,,17.8462,36.0714,0.000350809,,,,0.000115817,,Segment B: native,58.8612,58.129,9.05105,poultry manure|7.069|19.917|69.67
poultry manure,7.06907,19.9172,69.6699,7.0,8.78679,48.2217,55.1104,,,,,,,15.4793,45.1786,0.000163071,,,,0.00385212,,Segment B: native,48.2217,55.1104,8.78679,poultry manure|7.069|19.917|69.67
poultry manure,7.06907,19.9172,69.6699,14.0,8.69069,43.9591,51.7923,,,,,,,12.5799,72.5,0.000127355,,,,0.0110981,,Segment B: native,43.9591,51.7923,8.69069,poultry manure|7.069|19.917|69.67
poultry manure,7.06907,19.9172,69.6699,28.0,9.20721,30.4266,35.0061,,,,,,,9.02959,97.9464,6.5e-05,,,,0.00665009,,Segment B: native,30.4266,35.0061,9.20721,poultry manure|7.069|19.917|69.67
poultry manure,7.11712,20.213,69.8487,0.0,7.11712,27.6119,69.8487,,,,,,,20.213,46.5179,0.000460842,,,,,,Segment B: native,27.6119,69.8487,7.11712,poultry manure|7.117|20.213|69.849
poultry manure,7.11712,20.213,69.8487,1.0,8.52252,49.6598,60.2611,,,,,,,18.4379,39.0179,0.000428371,,,,,,Segment B: native,49.6598,60.2611,8.52252,poultry manure|7.117|20.213|69.849
poultry manure,7.11712,20.213,69.8487,3.0,9.08709,56.8766,53.5972,,,,,,,16.9586,34.1964,0.000336347,,,,0.0,,Segment B: native,56.8766,53.5972,9.08709,poultry manure|7.117|20.213|69.849
poultry manure,7.11712,20.213,69.8487,7.0,8.78679,46.8637,44.2341,,,,,,,14.5325,44.375,0.000145003,,,,0.00366184,,Segment B: native,46.8637,44.2341,8.78679,poultry manure|7.117|20.213|69.849
poultry manure,7.11712,20.213,69.8487,14.0,8.83483,44.1685,40.7347,,,,,,,10.9822,66.3393,0.000154471,,,,0.00508048,,Segment B: native,44.1685,40.7347,8.83483,poultry manure|7.117|20.213|69.849
poultry manure,7.11712,20.213,69.8487,28.0,9.03904,31.2617,33.9184,,,,,,,6.72189,95.2679,5.41e-05,,,,0.00413583,,Segment B: native,31.2617,33.9184,9.03904,poultry manure|7.117|20.213|69.849
poultry manure,7.09309,20.0947,70.2113,0.0,7.09309,27.7167,70.2113,,,,,,,20.0947,47.3214,0.000460842,,,,,,Segment B: native,27.7167,70.2113,7.09309,poultry manure|7.093|20.095|70.211
poultry manure,7.09309,20.0947,70.2113,1.0,8.75075,47.7787,54.4591,,,,,,,19.7988,38.2143,0.000428371,,,,,,Segment B: native,47.7787,54.4591,8.75075,poultry manure|7.093|20.095|70.211
poultry manure,7.09309,20.0947,70.2113,3.0,8.96697,56.4583,48.5253,,,,,,,18.0237,33.3929,0.000336347,,,,0.0,,Segment B: native,56.4583,48.5253,8.96697,poultry manure|7.093|20.095|70.211
poultry manure,7.09309,20.0947,70.2113,7.0,8.58258,49.891,42.0601,,,,,,,16.2485,41.6964,0.000145003,,,,0.000614114,,Segment B: native,49.891,42.0601,8.58258,poultry manure|7.093|20.095|70.211
poultry manure,7.09309,20.0947,70.2113,14.0,8.94294,43.7502,36.9305,,,,,,,15.4793,77.0536,0.000154471,,,,0.00347896,,Segment B: native,43.7502,36.9305,8.94294,poultry manure|7.093|20.095|70.211
poultry manure,7.09309,20.0947,70.2113,28.0,9.25526,29.5899,25.2198,,,,,,,12.5207,97.6786,5.41e-05,,,,0.00390713,,Segment B: native,29.5899,25.2198,9.25526,poultry manure|7.093|20.095|70.211
food waste,6.24212,28.8633,40.0,0.0,6.24212,35.0869,40.0,,,,,,,28.8633,12.2854,0.0562482,0.021,0.35104,,,,Segment B: native,35.0869,40.0,6.24212,food waste|6.242|28.863|40.0
food waste,6.24212,28.8633,40.0,7.0,7.83419,45.137,36.49931818,,,,,,,39.5932,31.9586,0.450136,0.066,0.330135,,,,Segment B: native,45.137,36.49931818,7.83419,food waste|6.242|28.863|40.0
food waste,6.24212,28.8633,40.0,14.0,7.82449,43.5324,35.91977761,,,,,,,29.1776,31.5687,0.624782,0.082,0.0616861,,,,Segment B: native,43.5324,35.91977761,7.82449,food waste|6.242|28.863|40.0
food waste,6.24212,28.8633,40.0,21.0,7.27805,48.7887,63.12561294,,,,,,,26.1486,53.4257,0.472018,0.168,0.128056,,,,Segment B: native,48.7887,63.12561294,7.27805,food waste|6.242|28.863|40.0
food waste,6.24212,28.8633,40.0,30.0,8.86113,43.0963,65.62278338,,,,,,,32.3881,57.8287,0.328089,0.288,0.0597441,,,,Segment B: native,43.0963,65.62278338,8.86113,food waste|6.242|28.863|40.0
food waste,6.24212,28.8633,40.0,45.0,8.52135,42.9921,66.48057855,,,,,,,23.278,88.8691,0.309941,0.342,0.0556317,,,,Segment B: native,42.9921,66.48057855,8.52135,food waste|6.242|28.863|40.0
food waste,6.24212,28.8633,40.0,60.0,8.27673,41.7649,66.95493878,,,,,,,20.115,101.614,0.294762,0.372,0.0509481,,,,Segment B: native,41.7649,66.95493878,8.27673,food waste|6.242|28.863|40.0
food waste,6.47588,31.4106,40.0,0.0,6.47588,35.0954,40.0,,,,,,,31.4106,114.918,0.0592055,0.004,0.351154,,,,Segment B: native,35.0954,40.0,6.47588,food waste|6.476|31.411|40.0
food waste,6.47588,31.4106,40.0,7.0,6.3796,47.3233,36.62876477,,,,,,,36.2811,113.879,0.226435,0.038,0.297464,,,,Segment B: native,47.3233,36.62876477,6.3796,food waste|6.476|31.411|40.0
food waste,6.47588,31.4106,40.0,14.0,7.27905,45.2508,36.44541023,,,,,,,20.4288,14.4585,0.239595,0.045,0.0735664,,,,Segment B: native,45.2508,36.44541023,7.27905,food waste|6.476|31.411|40.0
food waste,6.47588,31.4106,40.0,21.0,7.4512,51.1707,65.88609653,,,,,,,33.2819,35.0074,0.209808,0.098,0.143477,,,,Segment B: native,51.1707,65.88609653,7.4512,food waste|6.476|31.411|40.0
food waste,6.47588,31.4106,40.0,30.0,7.10359,45.0954,68.97442658,,,,,,,36.8038,35.0606,0.196236,0.109,0.0693397,,,,Segment B: native,45.0954,68.97442658,7.10359,food waste|6.476|31.411|40.0
food waste,6.47588,31.4106,40.0,45.0,7.81139,44.7786,70.6985722,,,,,,,26.1664,65.6313,0.13365,0.157,0.0632854,,,,Segment B: native,44.7786,70.6985722,7.81139,food waste|6.476|31.411|40.0
food waste,6.47588,31.4106,40.0,60.0,8.02565,43.2366,71.17454492,,,,,,,19.0105,92.2759,0.122915,0.169,0.0614576,,,,Segment B: native,43.2366,71.17454492,8.02565,food waste|6.476|31.411|40.0
food waste,6.48456,30.7312,40.0,0.0,6.48456,35.0784,40.0,,,,,,,30.7312,118.954,0.0577297,0.015,0.351839,,,,Segment B: native,35.0784,40.0,6.48456,food waste|6.485|30.731|40.0
food waste,6.48456,30.7312,40.0,7.0,6.38829,48.208,36.64509091,,,,,,,31.5248,122.544,0.115331,0.032,0.343843,,,,Segment B: native,48.208,36.64509091,6.38829,food waste|6.485|30.731|40.0
food waste,6.48456,30.7312,40.0,14.0,6.63839,49.079,36.17334091,,,,,,,26.8841,124.5,0.143306,0.056,0.0782499,,,,Segment B: native,49.079,36.17334091,6.63839,food waste|6.485|30.731|40.0
food waste,6.48456,30.7312,40.0,21.0,8.62001,53.995,65.33253062,,,,,,,28.1873,138.303,0.146096,0.119,0.158099,,,,Segment B: native,53.995,65.33253062,8.62001,food waste|6.485|30.731|40.0
food waste,6.48456,30.7312,40.0,30.0,8.77465,46.431,67.94585954,,,,,,,33.9154,,0.184387,0.129,0.0680832,,,,Segment B: native,46.431,67.94585954,8.77465,food waste|6.485|30.731|40.0
food waste,6.48456,30.7312,40.0,45.0,8.31347,45.9185,69.29105515,,,,,,,24.2131,,0.121795,0.189,0.0742518,,,,Segment B: native,45.9185,69.29105515,8.31347,food waste|6.485|30.731|40.0
food waste,6.48456,30.7312,40.0,60.0,8.09487,44.853,70.04916765,,,,,,,18.5009,,0.0947499,0.218,0.0731094,,,,Segment B: native,44.853,70.04916765,8.09487,food waste|6.485|30.731|40.0
food waste,6.70965,42.0258,40.0,0.0,6.70965,35.0189,40.0,,,,,,,42.0258,,0.0532796,0.022,0.351154,,,,Segment B: native,35.0189,40.0,6.70965,food waste|6.71|42.026|40.0
food waste,6.70965,42.0258,40.0,7.0,8.00735,41.0749,36.64509091,,,,,,,43.6706,,0.341991,0.077,0.360292,,,,Segment B: native,41.0749,36.64509091,8.00735,food waste|6.71|42.026|40.0
food waste,6.70965,42.0258,40.0,14.0,7.65143,53.9024,36.20742841,,,,,,,29.2615,,0.524046,0.071,0.0911583,,,,Segment B: native,53.9024,36.20742841,7.65143,food waste|6.71|42.026|40.0
food waste,6.70965,42.0258,40.0,21.0,9.20012,53.961,65.68013651,,,,,,,40.5024,,0.446832,0.158,0.171008,,,,Segment B: native,53.961,65.68013651,9.20012,food waste|6.71|42.026|40.0
food waste,6.70965,42.0258,40.0,30.0,8.91311,46.9414,68.3098459,,,,,,,38.9265,,0.354761,0.304,0.0976696,,,,Segment B: native,46.9414,68.3098459,8.91311,food waste|6.71|42.026|40.0
food waste,6.70965,42.0258,40.0,45.0,8.53866,44.1405,69.47601765,,,,,,,30.5816,,0.336616,0.341,0.0870459,,,,Segment B: native,44.1405,69.47601765,8.53866,food waste|6.71|42.026|40.0
food waste,6.70965,42.0258,40.0,60.0,8.29402,43.9172,70.05885288,,,,,,,25.9763,,0.330321,0.406,0.0849897,,,,Segment B: native,43.9172,70.05885288,8.29402,food waste|6.71|42.026|40.0
pig manure,8.54731,35.0,60.0,1.0,8.54731,18.0211,60.0,,,,,,,35.0,,,,0.0,0.0,,,Segment B: native,18.0211,60.0,8.54731,pig manure|8.547|35.0|60.0
pig manure,8.54731,35.0,60.0,3.0,8.09974,24.4359,58.1550209,,,,,,,,,,,2.80822,,,,Segment B: native,24.4359,58.1550209,8.09974,pig manure|8.547|35.0|60.0
pig manure,8.54731,35.0,60.0,5.0,8.20844,42.2235,58.97424421,,,,,,,,,,,1.93139,,,,Segment B: native,42.2235,58.97424421,8.20844,pig manure|8.547|35.0|60.0
pig manure,8.54731,35.0,60.0,7.0,8.20205,55.7227,62.35889064,,,,,,,,,,,1.84515,,,,Segment B: native,55.7227,62.35889064,8.20205,pig manure|8.547|35.0|60.0
pig manure,8.54731,35.0,60.0,9.0,8.10614,61.8258,60.67911661,,,,,,,,,,,2.35893,0.0,,,Segment B: native,61.8258,60.67911661,8.10614,pig manure|8.547|35.0|60.0
pig manure,8.54731,35.0,60.0,12.0,8.01662,60.3539,60.16342006,,,,,,,,,,,1.40573,0.0,,,Segment B: native,60.3539,60.16342006,8.01662,pig manure|8.547|35.0|60.0
pig manure,8.54731,35.0,60.0,16.0,7.97826,42.0311,59.69470386,,,,,,,,,,,1.73795,0.0,,,Segment B: native,42.0311,59.69470386,7.97826,pig manure|8.547|35.0|60.0
pig manure,8.54731,35.0,60.0,25.0,7.9399,27.1965,55.44590418,,,,,,,,,,,0.668869,0.0,,,Segment B: native,27.1965,55.44590418,7.9399,pig manure|8.547|35.0|60.0
pig manure,8.54731,35.0,60.0,36.0,8.0422,25.9929,51.79365568,,,,,,,,,,,0.932462,0.0,,,Segment B: native,25.9929,51.79365568,8.0422,pig manure|8.547|35.0|60.0
pig manure,8.62404,35.0,60.0,1.0,8.62404,18.1628,60.0,,,,,,,35.0,,,,0.0,0.0,,,Segment B: native,18.1628,60.0,8.62404,pig manure|8.624|35.0|60.0
pig manure,8.62404,35.0,60.0,3.0,8.29795,34.203,57.7951556,,,,,,,,,,,2.19861,,,,Segment B: native,34.203,57.7951556,8.29795,pig manure|8.624|35.0|60.0
pig manure,8.62404,35.0,60.0,5.0,8.42583,44.1977,58.84497847,,,,,,,,,,,1.62666,,,,Segment B: native,44.1977,58.84497847,8.42583,pig manure|8.624|35.0|60.0
pig manure,8.62404,35.0,60.0,7.0,8.02941,56.8751,61.95077324,,,,,,,,,,,2.07374,,,,Segment B: native,56.8751,61.95077324,8.02941,pig manure|8.624|35.0|60.0
pig manure,8.62404,35.0,60.0,9.0,7.86957,57.8114,60.59885704,,,,,,,,,,,,0.11546,,,Segment B: native,57.8114,60.59885704,7.86957,pig manure|8.624|35.0|60.0
pig manure,8.62404,35.0,60.0,12.0,7.79923,59.9572,59.83170128,,,,,,,,,,,1.34862,0.0,,,Segment B: native,59.9572,59.83170128,7.79923,pig manure|8.624|35.0|60.0
pig manure,8.62404,35.0,60.0,16.0,7.78005,43.7975,59.9633997,,,,,,,,,,,1.90941,0.0,,,Segment B: native,43.7975,59.9633997,7.78005,pig manure|8.624|35.0|60.0
pig manure,8.62404,35.0,60.0,25.0,7.88875,27.4138,56.59348182,,,,,,,,,,,0.830756,0.0,,,Segment B: native,27.4138,56.59348182,7.88875,pig manure|8.624|35.0|60.0
pig manure,8.62404,35.0,60.0,36.0,7.78645,28.2977,53.20247955,,,,,,,,,,,0.42766,0.0,,,Segment B: native,28.2977,53.20247955,7.78645,pig manure|8.624|35.0|60.0
pig manure,6.9,25.8,65.0,0.0,6.9,29.1905,62.1069,,,,,,,25.8,,0.272614,0.0017269,,,,0.0,Segment B: native,29.1905,62.1069,6.9,pig manure|6.9|25.8|65.0
pig manure,6.9,25.8,65.0,3.0,7.974461456,37.4555,61.7944,,,,,,,,,0.305018,0.00180518,,,,,Segment B: native,37.4555,61.7944,7.974461456,pig manure|6.9|25.8|65.0
pig manure,6.9,25.8,65.0,7.0,8.216566078,48.2494,60.8416,,,,,,,,,0.321292,0.00153654,,,,0.709384,Segment B: native,48.2494,60.8416,8.216566078,pig manure|6.9|25.8|65.0
pig manure,6.9,25.8,65.0,14.0,8.342057365,38.0866,60.0616,,,,,,,,,0.290261,0.00158704,,,,0.735309,Segment B: native,38.0866,60.0616,8.342057365,pig manure|6.9|25.8|65.0
pig manure,6.9,25.8,65.0,21.0,8.288148199,35.0923,59.6806,,,,,,,,,0.276569,0.00161896,,,,0.30974,Segment B: native,35.0923,59.6806,8.288148199,pig manure|6.9|25.8|65.0
pig manure,6.9,25.8,65.0,31.0,8.209478476,32.4547,58.749,,,,,,,,,0.154358,0.00170983,,,,0.285711,Segment B: native,32.4547,58.749,8.209478476,pig manure|6.9|25.8|65.0
pig manure,6.9,25.8,65.0,41.0,8.060196767,27.9694,58.2985,,,,,,,,,0.161509,0.00166552,,,,0.186933,Segment B: native,27.9694,58.2985,8.060196767,pig manure|6.9|25.8|65.0
pig manure,6.9,25.8,65.0,51.0,7.4,28.828,57.6035,,,,,,,18.9,,0.112065,0.0017269,,,,0.0520672,Segment B: native,28.828,57.6035,7.4,pig manure|6.9|25.8|65.0
pig manure,7.34,26.9,65.0,0.0,7.34,28.4539,59.7744,,,,,,,26.9,,0.280678,0.00166894,,,,0.0,Segment B: native,28.4539,59.7744,7.34,pig manure|7.34|26.9|65.0
pig manure,7.34,26.9,65.0,3.0,8.26237661,37.6373,58.5791,,,,,,,,,0.309647,0.00173734,,,,,Segment B: native,37.6373,58.5791,8.26237661,pig manure|7.34|26.9|65.0
pig manure,7.34,26.9,65.0,7.0,8.455696867,49.5278,58.4299,,,,,,,,,0.279697,0.00155592,,,,0.511572,Segment B: native,49.5278,58.4299,8.455696867,pig manure|7.34|26.9|65.0
pig manure,7.34,26.9,65.0,14.0,8.549199877,39.924,57.0872,,,,,,,,,0.238294,0.00166461,,,,0.537546,Segment B: native,39.924,57.0872,8.549199877,pig manure|7.34|26.9|65.0
pig manure,7.34,26.9,65.0,21.0,8.603761583,36.5615,56.3874,,,,,,,,,0.221126,0.0018217,,,,0.274979,Segment B: native,36.5615,56.3874,8.603761583,pig manure|7.34|26.9|65.0
pig manure,7.34,26.9,65.0,31.0,8.57889219,30.6057,54.8111,,,,,,,,,0.140508,0.00175814,,,,0.338171,Segment B: native,30.6057,54.8111,8.57889219,pig manure|7.34|26.9|65.0
pig manure,7.34,26.9,65.0,41.0,8.49945771,34.5788,54.8439,,,,,,,,,0.113007,0.0017616,,,,0.256651,Segment B: native,34.5788,54.8439,8.49945771,pig manure|7.34|26.9|65.0
pig manure,7.34,26.9,65.0,51.0,8.27,30.4842,54.7095,,,,,,,17.1,,0.0901072,0.00172694,,,,0.0754866,Segment B: native,30.4842,54.7095,8.27,pig manure|7.34|26.9|65.0
pig manure,7.45,28.1,65.0,0.0,7.45,28.4591,57.9266,,,,,,,28.1,,0.277224,0.00175596,,,,0.0176997,Segment B: native,28.4591,57.9266,7.45,pig manure|7.45|28.1|65.0
pig manure,7.45,28.1,65.0,3.0,8.276642174,35.9863,56.5688,,,,,,,,,0.302706,0.0018244,,,,,Segment B: native,35.9863,56.5688,8.276642174,pig manure|7.45|28.1|65.0
pig manure,7.45,28.1,65.0,7.0,8.493080807,45.4801,54.8145,,,,,,,,,0.285477,0.00156532,,,,0.436331,Segment B: native,45.4801,54.8145,8.493080807,pig manure|7.45|28.1|65.0
pig manure,7.45,28.1,65.0,14.0,8.562880579,41.2101,53.3875,,,,,,,,,0.261372,0.00169371,,,,0.659872,Segment B: native,41.2101,53.3875,8.562880579,pig manure|7.45|28.1|65.0
pig manure,7.45,28.1,65.0,21.0,8.661227997,37.8475,51.5616,,,,,,,,,0.236132,0.00186017,,,,0.228681,Segment B: native,37.8475,51.5616,8.661227997,pig manure|7.45|28.1|65.0
pig manure,7.45,28.1,65.0,31.0,8.661177769,36.6772,50.5505,,,,,,,,,0.164756,0.00179665,,,,0.244985,Segment B: native,36.6772,50.5505,8.661177769,pig manure|7.45|28.1|65.0
pig manure,7.45,28.1,65.0,41.0,8.53865139,34.0396,50.2586,,,,,,,,,0.15113,0.00177156,,,,0.227462,Segment B: native,34.0396,50.2586,8.53865139,pig manure|7.45|28.1|65.0
pig manure,7.45,28.1,65.0,51.0,8.35,31.0343,49.2448,,,,,,,16.5,,0.0600852,0.00177501,,,,0.0,Segment B: native,31.0343,49.2448,8.35,pig manure|7.45|28.1|65.0
pig manure,7.73,29.3,65.0,0.0,7.73,28.085,57.2841,,,,,,,29.3,,0.28301,0.00175604,,,,0.0120783,Segment B: native,28.085,57.2841,7.73,pig manure|7.73|29.3|65.0
pig manure,7.73,29.3,65.0,3.0,8.078093593,37.0872,54.9607,,,,,,,,,0.281925,0.0018533,,,,,Segment B: native,37.0872,54.9607,8.078093593,pig manure|7.73|29.3|65.0
pig manure,7.73,29.3,65.0,7.0,8.180258857,51.5529,53.2058,,,,,,,,,0.261209,0.00165171,,,,0.744046,Segment B: native,51.5529,53.2058,8.180258857,pig manure|7.73|29.3|65.0
pig manure,7.73,29.3,65.0,14.0,8.296167868,41.7615,49.6947,,,,,,,,,0.254452,0.00168379,,,,0.444655,Segment B: native,41.7615,49.6947,8.296167868,pig manure|7.73|29.3|65.0
pig manure,7.73,29.3,65.0,21.0,8.464155093,40.9658,49.7129,,,,,,,,,0.195714,0.00189887,,,,0.135495,Segment B: native,40.9658,49.7129,8.464155093,pig manure|7.73|29.3|65.0
pig manure,7.73,29.3,65.0,31.0,8.685121433,34.6578,47.0934,,,,,,,,,0.148565,0.00190257,,,,0.28635,Segment B: native,34.6578,47.0934,8.685121433,pig manure|7.73|29.3|65.0
pig manure,7.73,29.3,65.0,41.0,8.518849212,33.8635,47.2053,,,,,,,,,0.115317,0.00186807,,,,0.262272,Segment B: native,33.8635,47.2053,8.518849212,pig manure|7.73|29.3|65.0
pig manure,7.73,29.3,65.0,51.0,8.4,31.0401,47.394,,,,,,,15.8,,0.0496762,0.00186223,,,,0.0173066,Segment B: native,31.0401,47.394,8.4,pig manure|7.73|29.3|65.0
pig manure,6.74917,25.0,60.0,1.0,6.74917,37.0091,60.0,,,,,,,25.0,19.0258,,0.00733872,,,,,Segment B: native,37.0091,60.0,6.74917,pig manure|6.749|25.0|60.0
pig manure,6.74917,25.0,60.0,3.0,7.22038,43.0535,58.6616493,,,,,,,,26.7622,,0.018364,,,,,Segment B: native,43.0535,58.6616493,7.22038,pig manure|6.749|25.0|60.0
pig manure,6.74917,25.0,60.0,7.0,7.10289,49.078,56.99588381,,,,,,,,27.2779,,0.0232051,,,,,Segment B: native,49.078,56.99588381,7.10289,pig manure|6.749|25.0|60.0
pig manure,6.74917,25.0,60.0,14.0,7.14451,49.1478,52.66881049,,,,,,,,24.957,,0.0302335,,,,,Segment B: native,49.1478,52.66881049,7.14451,pig manure|6.749|25.0|60.0
pig manure,6.74917,25.0,60.0,21.0,6.69019,40.9649,48.75868593,,,,,,,,42.7507,,0.0377811,,,,,Segment B: native,40.9649,48.75868593,6.69019,pig manure|6.749|25.0|60.0
pig manure,6.74917,25.0,60.0,28.0,6.59251,36.0032,41.54172297,,,,,,,,37.0774,,0.0463643,,,,,Segment B: native,36.0032,41.54172297,6.59251,pig manure|6.749|25.0|60.0
pig manure,6.74917,25.0,60.0,35.0,6.29513,37.2321,32.47019545,,,,,,,,40.6877,,0.0690449,,,,,Segment B: native,37.2321,32.47019545,6.29513,pig manure|6.749|25.0|60.0
pig manure,6.74917,25.0,60.0,42.0,6.18013,32.4001,25.42692967,,,,,,,,66.2178,,0.069802,,,,,Segment B: native,32.4001,25.42692967,6.18013,pig manure|6.749|25.0|60.0
pig manure,6.93163,25.0,60.0,1.0,6.93163,41.1372,60.0,,,,,,,25.0,26.7622,,0.00994477,,,,,Segment B: native,41.1372,60.0,6.93163,pig manure|6.932|25.0|60.0
pig manure,6.93163,25.0,60.0,3.0,7.04654,50.0154,58.26815636,,,,,,,,33.9828,,0.0225379,,,,,Segment B: native,50.0154,58.26815636,7.04654,pig manure|6.932|25.0|60.0
pig manure,6.93163,25.0,60.0,7.0,7.31136,56.9439,56.18032102,,,,,,,,45.8453,,0.0341695,,,,,Segment B: native,56.9439,56.18032102,7.31136,pig manure|6.932|25.0|60.0
pig manure,6.93163,25.0,60.0,14.0,7.25748,54.5625,51.64421148,,,,,,,,58.4814,,0.0338884,,,,,Segment B: native,54.5625,51.64421148,7.25748,pig manure|6.932|25.0|60.0
pig manure,6.93163,25.0,60.0,21.0,6.96832,43.5436,53.87831321,,,,,,,,61.5759,,0.0471698,,,,,Segment B: native,43.5436,53.87831321,6.96832,pig manure|6.932|25.0|60.0
pig manure,6.93163,25.0,60.0,28.0,6.87087,36.7769,51.62832924,,,,,,,,59.5129,,0.0708992,,,,,Segment B: native,36.7769,51.62832924,6.87087,pig manure|6.932|25.0|60.0
pig manure,6.93163,25.0,60.0,35.0,6.59072,35.043,47.70737314,,,,,,,,65.702,,0.091485,,,,,Segment B: native,35.043,47.70737314,6.59072,pig manure|6.932|25.0|60.0
pig manure,6.93163,25.0,60.0,42.0,6.3109,32.0154,46.93952176,,,,,,,,82.9799,,0.152247,,,,,Segment B: native,32.0154,46.93952176,6.3109,pig manure|6.932|25.0|60.0
pig manure,6.74917,25.0,60.0,1.0,6.74917,37.0091,60.0,,,,,,,25.0,19.0258,,0.00733872,,,,,Segment B: native,37.0091,60.0,6.74917,pig manure|6.749|25.0|60.0
pig manure,6.74917,25.0,60.0,3.0,7.22038,43.0535,58.6616493,,,,,,,,26.7622,,0.018364,,,,,Segment B: native,43.0535,58.6616493,7.22038,pig manure|6.749|25.0|60.0
pig manure,6.74917,25.0,60.0,7.0,7.10289,49.078,56.99588381,,,,,,,,27.2779,,0.0232051,,,,,Segment B: native,49.078,56.99588381,7.10289,pig manure|6.749|25.0|60.0
pig manure,6.74917,25.0,60.0,14.0,7.14451,49.1478,52.66881049,,,,,,,,24.957,,0.0302335,,,,,Segment B: native,49.1478,52.66881049,7.14451,pig manure|6.749|25.0|60.0
pig manure,6.74917,25.0,60.0,21.0,6.69019,40.9649,48.75868593,,,,,,,,42.7507,,0.0377811,,,,,Segment B: native,40.9649,48.75868593,6.69019,pig manure|6.749|25.0|60.0
pig manure,6.74917,25.0,60.0,28.0,6.59251,36.0032,41.54172297,,,,,,,,37.0774,,0.0463643,,,,,Segment B: native,36.0032,41.54172297,6.59251,pig manure|6.749|25.0|60.0
pig manure,6.74917,25.0,60.0,35.0,6.29513,37.2321,32.47019545,,,,,,,,40.6877,,0.0690449,,,,,Segment B: native,37.2321,32.47019545,6.29513,pig manure|6.749|25.0|60.0
pig manure,6.74917,25.0,60.0,42.0,6.18013,32.4001,25.42692967,,,,,,,,66.2178,,0.069802,,,,,Segment B: native,32.4001,25.42692967,6.18013,pig manure|6.749|25.0|60.0
pig manure,7.28786,25.0,60.0,1.0,7.28786,45.6494,60.0,,,,,,,25.0,31.1461,,0.0162136,,,,,Segment B: native,45.6494,60.0,7.28786,pig manure|7.288|25.0|60.0
pig manure,7.28786,25.0,60.0,3.0,7.37732,52.337,58.12843305,,,,,,,,38.1089,,0.0136816,,,,,Segment B: native,52.337,58.12843305,7.37732,pig manure|7.288|25.0|60.0
pig manure,7.28786,25.0,60.0,7.0,7.5117,55.2677,56.0085219,,,,,,,,59.7708,,0.0284172,,,,,Segment B: native,55.2677,56.0085219,7.5117,pig manure|7.288|25.0|60.0
pig manure,7.28786,25.0,60.0,14.0,7.55316,58.0445,51.87895061,,,,,,,,55.1289,,0.0281572,,,,,Segment B: native,58.0445,51.87895061,7.55316,pig manure|7.288|25.0|60.0
pig manure,7.28786,25.0,60.0,21.0,7.36835,45.217,50.30814542,,,,,,,,66.4756,,0.0424741,,,,,Segment B: native,45.217,50.30814542,7.36835,pig manure|7.288|25.0|60.0
pig manure,7.28786,25.0,60.0,28.0,7.25383,37.8098,50.42710423,,,,,,,,68.7966,,0.07872,,,,,Segment B: native,37.8098,50.42710423,7.25383,pig manure|7.288|25.0|60.0
pig manure,7.28786,25.0,60.0,35.0,7.10397,33.8825,47.27777377,,,,,,,,67.5072,,0.10036,,,,,Segment B: native,33.8825,47.27777377,7.10397,pig manure|7.288|25.0|60.0
pig manure,7.28786,25.0,60.0,42.0,6.97126,32.9194,43.61520914,,,,,,,,90.2006,,0.143375,,,,,Segment B: native,32.9194,43.61520914,6.97126,pig manure|7.288|25.0|60.0
pig manure,6.07136,15.87,65.0,0.0,6.07136,8.86696,65.0,,,,,,,,0.496062,,,,,,,Segment B: native,8.86696,65.0,6.07136,pig manure|6.071|15.87|65.0
pig manure,6.07136,15.87,65.0,3.0,6.98633,24.1679,62.10051477,,,,,,,,1.93171,,,,,,,Segment B: native,24.1679,62.10051477,6.98633,pig manure|6.071|15.87|65.0
pig manure,6.07136,15.87,65.0,8.0,6.88132,55.556,53.07560702,,,,,,,,0.360681,,,,,,,Segment B: native,55.556,53.07560702,6.88132,pig manure|6.071|15.87|65.0
pig manure,6.07136,15.87,65.0,14.0,8.09444,65.808,49.46393551,,,,,,,,0.0,,,,,,,Segment B: native,65.808,49.46393551,8.09444,pig manure|6.071|15.87|65.0
pig manure,6.07136,15.87,65.0,19.0,8.17958,60.3243,44.9496583,,,,,,,,65.0286,,,,,,,Segment B: native,60.3243,44.9496583,8.17958,pig manure|6.071|15.87|65.0
pig manure,6.07136,15.87,65.0,25.0,8.60913,67.9418,42.08688434,,,,,,,,82.7515,,,,,,,Segment B: native,67.9418,42.08688434,8.60913,pig manure|6.071|15.87|65.0
pig manure,6.07136,15.87,65.0,30.0,8.42128,55.816,39.41370518,,,,,,,,109.403,,,,,,,Segment B: native,55.816,39.41370518,8.42128,pig manure|6.071|15.87|65.0
pig manure,7.30568,18.8,65.0,0.0,7.30568,11.888,65.0,,,,,,,,1.48718,,,,,,,Segment B: native,11.888,65.0,7.30568,pig manure|7.306|18.8|65.0
pig manure,7.30568,18.8,65.0,3.0,6.80827,27.5944,59.22181907,,,,,,,,2.92384,,,,,,,Segment B: native,27.5944,59.22181907,6.80827,pig manure|7.306|18.8|65.0
pig manure,7.30568,18.8,65.0,8.0,8.28198,67.2371,50.49486538,,,,,,,,7.29242,,,,,,,Segment B: native,67.2371,50.49486538,8.28198,pig manure|7.306|18.8|65.0
pig manure,7.30568,18.8,65.0,14.0,8.58118,65.6048,47.05444088,,,,,,,,28.9747,,,,,,,Segment B: native,65.6048,47.05444088,8.58118,pig manure|7.306|18.8|65.0
pig manure,7.30568,18.8,65.0,19.0,8.65431,68.1849,44.42882393,,,,,,,,86.3159,,,,,,,Segment B: native,68.1849,44.42882393,8.65431,pig manure|7.306|18.8|65.0
pig manure,7.30568,18.8,65.0,25.0,8.5499,53.2293,45.80016256,,,,,,,,94.1346,,,,,,,Segment B: native,53.2293,45.80016256,8.5499,pig manure|7.306|18.8|65.0
pig manure,7.30568,18.8,65.0,30.0,8.19574,37.8819,46.03752841,,,,,,,,139.596,,,,,,,Segment B: native,37.8819,46.03752841,8.19574,pig manure|7.306|18.8|65.0
poultry manure,6.70026,25.0,60.0,1.0,6.70026,34.748,60.0,,,,,,,29.8266,,,,0.194041948,0.018373783,,0.019526592,Segment B: native,34.748,60.0,6.70026,poultry manure|6.7|25.0|60.0
poultry manure,6.70026,25.0,60.0,3.0,8.16644,50.5609,58.64248517,,,,,,,32.8291,,,,0.521142322,,,0.068679775,Segment B: native,50.5609,58.64248517,8.16644,poultry manure|6.7|25.0|60.0
poultry manure,6.70026,25.0,60.0,7.0,8.32096,47.5205,58.70259456,,,,,,,24.4226,,,,0.582127341,0.032600225,,0.027834345,Segment B: native,47.5205,58.70259456,8.32096,poultry manure|6.7|25.0|60.0
poultry manure,6.70026,25.0,60.0,14.0,8.36931,43.8281,56.35458404,,,,,,,22.1028,,,,0.421348315,0.056840449,,0.012260787,Segment B: native,43.8281,56.35458404,8.36931,poultry manure|6.7|25.0|60.0
poultry manure,6.70026,25.0,60.0,21.0,8.3387,22.6542,51.87588031,,,,,,,20.5126,,,,0.399172285,0.040009363,,0.003357966,Segment B: native,22.6542,51.87588031,8.3387,poultry manure|6.7|25.0|60.0
poultry manure,6.70026,25.0,60.0,28.0,8.17202,26.2281,47.02527212,,,,,,,18.6515,,,,0.200101124,0.039538577,,0.000151691,Segment B: native,26.2281,47.02527212,8.17202,poultry manure|6.7|25.0|60.0
poultry manure,6.70026,25.0,60.0,35.0,8.22229,17.8732,42.81256843,,,,,,,19.4838,,,,0.060984644,0.040280524,,0.017149176,Segment B: native,17.8732,42.81256843,8.22229,poultry manure|6.7|25.0|60.0
poultry manure,6.70026,25.0,60.0,42.0,7.93763,19.4105,39.80210007,,,,,,,18.3065,109.0,,,0.033264345,0.008860075,,0.080473034,Segment B: native,19.4105,39.80210007,7.93763,poultry manure|6.7|25.0|60.0
poultry manure,6.84489,25.0,60.0,1.0,6.84489,31.9476,60.0,,,,,,,28.9593,,,,0.243938577,0.017112285,,0.00513764,Segment B: native,31.9476,60.0,6.84489,poultry manure|6.845|25.0|60.0
poultry manure,6.84489,25.0,60.0,3.0,8.17357,44.4556,58.27399582,,,,,,,32.2693,,,,0.731816479,,,0.003010341,Segment B: native,44.4556,58.27399582,8.17357,poultry manure|6.845|25.0|60.0
poultry manure,6.84489,25.0,60.0,7.0,8.42134,52.6948,58.2221515,,,,,,,24.5924,,,,0.615389513,0.027671798,,0.0,Segment B: native,52.6948,58.2221515,8.42134,poultry manure|6.845|25.0|60.0
poultry manure,6.84489,25.0,60.0,14.0,8.30462,36.3949,55.54098492,,,,,,,20.1895,,,,0.371451685,0.044489888,,0.000718727,Segment B: native,36.3949,55.54098492,8.30462,poultry manure|6.845|25.0|60.0
poultry manure,6.84489,25.0,60.0,21.0,8.20454,23.8115,51.73861954,,,,,,,20.9209,,,,0.105337079,0.021507978,,0.017505843,Segment B: native,23.8115,51.73861954,8.20454,poultry manure|6.845|25.0|60.0
poultry manure,6.84489,25.0,60.0,28.0,8.1411,21.6102,47.38914414,,,,,,,15.3893,,,,0.083160674,0.022347903,,0.039020599,Segment B: native,21.6102,47.38914414,8.1411,poultry manure|6.845|25.0|60.0
poultry manure,6.84489,25.0,60.0,35.0,8.07624,16.9051,43.00980153,,,,,,,18.2175,,,,0.049896629,0.023060375,,0.010337566,Segment B: native,16.9051,43.00980153,8.07624,poultry manure|6.845|25.0|60.0
poultry manure,6.84489,25.0,60.0,42.0,7.83059,15.8052,42.17011217,,,,,,,16.7328,111.0,,,0.0277203,0.008830674,,0.005519551,Segment B: native,15.8052,42.17011217,7.83059,poultry manure|6.845|25.0|60.0
poultry manure,6.90197,25.0,60.0,1.0,6.90197,36.0982,60.0,,,,,,,29.2898,,,,0.216218352,0.022021086,,0.004708727,Segment B: native,36.0982,60.0,6.90197,poultry manure|6.902|25.0|60.0
poultry manure,6.90197,25.0,60.0,3.0,8.16881,46.1136,58.26919959,,,,,,,32.9025,,,,0.748449438,0.217887266,,0.000144467,Segment B: native,46.1136,58.26919959,8.16881,poultry manure|6.902|25.0|60.0
poultry manure,6.90197,25.0,60.0,7.0,8.41039,50.1243,57.95223804,,,,,,,28.1436,,,,0.393629213,0.017805131,,4.15e-05,Segment B: native,50.1243,57.95223804,8.41039,poultry manure|6.902|25.0|60.0
poultry manure,6.90197,25.0,60.0,14.0,8.32269,42.8377,54.89537408,,,,,,,22.0431,,,,0.271658801,0.028472509,,0.016826854,Segment B: native,42.8377,54.89537408,8.32269,poultry manure|6.902|25.0|60.0
poultry manure,6.90197,25.0,60.0,21.0,8.34298,24.4235,56.51671097,,,,,,,22.0404,,,,0.171865918,0.025204307,,0.029260974,Segment B: native,24.4235,56.51671097,8.34298,poultry manure|6.902|25.0|60.0
poultry manure,6.90197,25.0,60.0,28.0,8.27288,21.3319,56.40392274,,,,,,,15.4627,,,,0.144145318,0.024772921,,0.018762697,Segment B: native,21.3319,56.40392274,8.27288,poultry manure|6.902|25.0|60.0
poultry manure,6.90197,25.0,60.0,35.0,8.28794,17.6507,53.34388313,,,,,,,15.9371,,,,0.094249064,0.026717491,,0.013937491,Segment B: native,17.6507,53.34388313,8.28794,poultry manure|6.902|25.0|60.0
poultry manure,6.90197,25.0,60.0,42.0,8.04991,15.6716,52.08361605,,,,,,,16.0812,143.0,,,0.060984644,0.010170637,,0.00437015,Segment B: native,15.6716,52.08361605,8.04991,poultry manure|6.902|25.0|60.0
poultry manure,7.12272,25.0,60.0,1.0,7.12272,35.1078,60.0,,,,,,,31.1754,,,,0.299379026,0.015919363,,0.00016072,Segment B: native,35.1078,60.0,7.12272,poultry manure|7.123|25.0|60.0
poultry manure,7.12272,25.0,60.0,3.0,8.2359,46.759,58.05448824,,,,,,,34.5083,,,,0.970209738,0.184620225,,0.000387352,Segment B: native,46.759,58.05448824,8.2359,poultry manure|7.123|25.0|60.0
poultry manure,7.12272,25.0,60.0,7.0,8.44941,51.0924,57.50065932,,,,,,,22.0963,,,,0.920314607,0.064556554,,0.015823708,Segment B: native,51.0924,57.50065932,8.44941,poultry manure|7.123|25.0|60.0
poultry manure,7.12272,25.0,60.0,14.0,8.19662,36.84,55.01248931,,,,,,,22.1624,,,,0.277202996,0.007516854,,0.02657206,Segment B: native,36.84,55.01248931,8.19662,poultry manure|7.123|25.0|60.0
poultry manure,7.12272,25.0,60.0,21.0,8.31872,23.1438,54.65439392,,,,,,,18.6038,,,,0.221762172,0.01903397,,0.016061161,Segment B: native,23.1438,54.65439392,8.31872,poultry manure|7.123|25.0|60.0
poultry manure,7.12272,25.0,60.0,28.0,8.23197,25.5493,54.87995115,,,,,,,19.6242,,,,0.133057303,0.024812135,,0.012593933,Segment B: native,25.5493,54.87995115,8.23197,poultry manure|7.123|25.0|60.0
poultry manure,7.12272,25.0,60.0,35.0,8.33456,17.2835,52.10787767,,,,,,,15.0792,,,,0.155233708,0.024282697,,0.003354352,Segment B: native,17.2835,52.10787767,8.33456,poultry manure|7.123|25.0|60.0
poultry manure,7.12272,25.0,60.0,42.0,8.19643,16.5507,49.53529818,,,,,,,12.5575,152.0,,,0.033264345,0.005281386,,0.0,Segment B: native,16.5507,49.53529818,8.19643,poultry manure|7.123|25.0|60.0
poultry manure,7.43956,25.0,60.0,1.0,7.43956,36.4877,60.0,,,,,,,30.8221,,,,0.260570787,0.022099551,,0.0,Segment B: native,36.4877,60.0,7.43956,poultry manure|7.44|25.0|60.0
poultry manure,7.43956,25.0,60.0,3.0,8.18404,40.7761,58.05935012,,,,,,,33.2787,,,,0.742902622,0.141516105,,0.018860225,Segment B: native,40.7761,58.05935012,8.18404,poultry manure|7.44|25.0|60.0
poultry manure,7.43956,25.0,60.0,7.0,8.49888,53.8855,57.42268497,,,,,,,26.6112,,,,0.626479401,0.025227191,,0.068343071,Segment B: native,53.8855,57.42268497,8.49888,poultry manure|7.44|25.0|60.0
poultry manure,7.43956,25.0,60.0,14.0,8.29082,36.5729,55.34537462,,,,,,,17.9642,,,,0.282746816,0.019818315,,0.028554906,Segment B: native,36.5729,55.34537462,8.29082,poultry manure|7.44|25.0|60.0
poultry manure,7.43956,25.0,60.0,21.0,8.33442,22.9324,52.47498675,,,,,,,19.1544,,,,0.243938577,0.037535206,,0.008231948,Segment B: native,22.9324,52.47498675,8.33442,poultry manure|7.44|25.0|60.0
poultry manure,7.43956,25.0,60.0,28.0,8.18344,21.3765,53.00258335,,,,,,,13.9854,,,,0.188497753,0.026063858,,0.00575161,Segment B: native,21.3765,53.00258335,8.18344,poultry manure|7.44|25.0|60.0
poultry manure,7.43956,25.0,60.0,35.0,8.35026,17.0832,51.30086431,,,,,,,16.3822,171.0,,,0.133057303,0.021779251,,0.005526779,Segment B: native,17.0832,51.30086431,8.35026,poultry manure|7.44|25.0|60.0
poultry manure,7.43956,25.0,60.0,42.0,8.23972,14.7925,49.14385157,,,,,,,14.2414,,,,0.088704869,0.007735805,,0.0,Segment B: native,14.7925,49.14385157,8.23972,poultry manure|7.44|25.0|60.0
poultry manure,5.9342,13.62,65.981,0.0,5.9342,13.1761,65.981,,,,,,,13.62,0.0,,0.0137809,,,,,Segment B: native,13.1761,65.981,5.9342,poultry manure|5.934|13.62|65.981
poultry manure,5.9342,13.62,65.981,23.0,7.728,58.3911,62.1714,,,,,,,,11.5385,,0.0169611,,,,,Segment B: native,58.3911,62.1714,7.728,poultry manure|5.934|13.62|65.981
poultry manure,5.9342,13.62,65.981,51.0,8.3857,56.172,55.0095,,,,,,,,18.0972,,0.0418728,,,,,Segment B: native,56.172,55.0095,8.3857,poultry manure|5.934|13.62|65.981
poultry manure,5.9342,13.62,65.981,76.0,9.0135,37.8641,55.1619,,,,,,,,55.1417,,0.0174912,,,,,Segment B: native,37.8641,55.1619,9.0135,poultry manure|5.934|13.62|65.981
poultry manure,5.9342,13.62,65.981,135.0,9.0882,20.527,51.9619,,,,,,,9.87,53.3198,,0.0344523,,,,,Segment B: native,20.527,51.9619,9.0882,poultry manure|5.934|13.62|65.981
poultry manure,6.5471,16.028,66.7176,0.0,6.5471,13.1761,66.7176,,,,,,,16.028,0.0,,0.0068905,,,,,Segment B: native,13.1761,66.7176,6.5471,poultry manure|6.547|16.028|66.718
poultry manure,6.5471,16.028,66.7176,23.0,8.4155,64.3551,64.8855,,,,,,,,25.0202,,0.0259717,,,,,Segment B: native,64.3551,64.8855,8.4155,poultry manure|6.547|16.028|66.718
poultry manure,6.5471,16.028,66.7176,51.0,8.8341,62.4133,48.5496,,,,,,,,43.3603,,0.0227915,,,,,Segment B: native,62.4133,48.5496,8.8341,poultry manure|6.547|16.028|66.718
poultry manure,6.5471,16.028,66.7176,76.0,9.1779,42.7184,54.6565,,,,,,,,58.1781,,0.0222615,,,,,Segment B: native,42.7184,54.6565,9.1779,poultry manure|6.547|16.028|66.718
poultry manure,6.5471,16.028,66.7176,135.0,9.0882,20.527,44.2748,,,,,,,8.26,52.834,,0.1780919,,,,,Segment B: native,20.527,44.2748,9.0882,poultry manure|6.547|16.028|66.718
sewage sludge,6.75,25.0,57.5,0.0,7.023122212,32.22866231,57.39774734,,,,,,,25.0,,0.3589744,,0.0,0.0,0.0,0.0,Segment B: native,32.22866231,57.39774734,7.023122212,sewage sludge|6.75|25.0|57.5
sewage sludge,6.75,25.0,57.5,3.0,6.743017645,44.23062085,56.85037423,,,,,,,,,1.3782051,,0.006694,0.029572,0.02419,0.000248,Segment B: native,44.23062085,56.85037423,6.743017645,sewage sludge|6.75|25.0|57.5
sewage sludge,6.75,25.0,57.5,7.0,6.775259376,50.3323546,52.98323112,,,,,,,,,2.0641026,,0.286192,0.123412,0.064666,0.06473,Segment B: native,50.3323546,52.98323112,6.775259376,sewage sludge|6.75|25.0|57.5
sewage sludge,6.75,25.0,57.5,10.0,6.96509874,53.0431216,52.4581563,,,,,,,,,2.5512821,,0.210878,0.156208,0.036284,0.020082,Segment B: native,53.0431216,52.4581563,6.96509874,sewage sludge|6.75|25.0|57.5
sewage sludge,6.75,25.0,57.5,14.0,6.584820824,51.66630784,53.04015293,,,,,,,,,2.8910256,,0.132216,0.0836,0.007998,0.006472,Segment B: native,51.66630784,53.04015293,6.584820824,sewage sludge|6.75|25.0|57.5
sewage sludge,6.75,25.0,57.5,21.0,6.480819585,45.67365038,48.87436385,,,,,,,,,3.5833333,,0.006694,0.027676,0.00038,0.001244,Segment B: native,45.67365038,48.87436385,6.480819585,sewage sludge|6.75|25.0|57.5
sewage sludge,6.75,25.0,57.5,28.0,6.38406319,39.36996309,49.72178081,,,,,,,,,4.2820513,,0.0,0.006634,0.0,0.0,Segment B: native,39.36996309,49.72178081,6.38406319,sewage sludge|6.75|25.0|57.5
sewage sludge,6.75,25.0,57.5,35.0,6.243233823,36.94569868,48.74609568,,,,,,,,,3.6282051,,0.0,0.004548,0.0,0.0,Segment B: native,36.94569868,48.74609568,6.243233823,sewage sludge|6.75|25.0|57.5
sewage sludge,6.75,25.0,57.5,42.0,6.29552087,32.70508636,45.06805613,,,,,,,,,3.1666667,,0.0,0.001516,0.0,0.0,Segment B: native,32.70508636,45.06805613,6.29552087,sewage sludge|6.75|25.0|57.5
sewage sludge,6.75,25.0,57.5,49.0,6.452777609,32.09939091,46.34708614,,,,,,,,,2.75,,0.0,0.0,0.0,0.0,Segment B: native,32.09939091,46.34708614,6.452777609,sewage sludge|6.75|25.0|57.5
sewage sludge,6.75,25.0,57.5,56.0,6.65,31.16358295,47.0,,,,,,,23.48,76.65,2.1153846,,0.0,0.0,0.0,0.0,Segment B: native,31.16358295,47.0,6.65,sewage sludge|6.75|25.0|57.5
sewage sludge,6.75,25.0,57.5,0.0,6.911386997,32.87752874,54.81758514,,,,,,,25.0,,0.4294872,,0.0,0.0,0.0,0.0,Segment B: native,32.87752874,54.81758514,6.911386997,sewage sludge|6.75|25.0|57.5
sewage sludge,6.75,25.0,57.5,3.0,6.775724308,53.46604163,55.33834091,,,,,,,,,2.5769231,,1.288702,0.011184,0.007808,0.01892,Segment B: native,53.46604163,55.33834091,6.775724308,sewage sludge|6.75|25.0|57.5
sewage sludge,6.75,25.0,57.5,7.0,7.064521339,57.23833882,51.40649457,,,,,,,,,4.8782051,,1.077824,0.020662,0.002666,0.011368,Segment B: native,57.23833882,51.40649457,7.064521339,sewage sludge|6.75|25.0|57.5
sewage sludge,6.75,25.0,57.5,10.0,7.245629306,54.90987551,49.9426138,,,,,,,,,3.8205128,,0.890376,0.003032,0.00257,0.003816,Segment B: native,54.90987551,49.9426138,7.245629306,sewage sludge|6.75|25.0|57.5
sewage sludge,6.75,25.0,57.5,14.0,7.302976841,51.00856525,51.28990935,,,,,,,,,2.0512821,,0.39163,0.000188,0.0,0.000496,Segment B: native,51.00856525,51.28990935,7.302976841,sewage sludge|6.75|25.0|57.5
sewage sludge,6.75,25.0,57.5,21.0,7.462683946,46.54563416,48.95189515,,,,,,,,,1.8141026,,0.040166,0.0,0.0,0.0,Segment B: native,46.54563416,48.95189515,7.462683946,sewage sludge|6.75|25.0|57.5
sewage sludge,6.75,25.0,57.5,28.0,7.451810553,39.57333354,48.30876992,,,,,,,,,1.3141026,,0.01004,0.0,0.0,0.0,Segment B: native,39.57333354,48.30876992,7.451810553,sewage sludge|6.75|25.0|57.5
sewage sludge,6.75,25.0,57.5,35.0,7.334118293,37.82543304,47.26515028,,,,,,,,,0.8461538,,0.011714,0.0,0.0,0.0,Segment B: native,37.82543304,47.26515028,7.334118293,sewage sludge|6.75|25.0|57.5
sewage sludge,6.75,25.0,57.5,42.0,7.364876948,33.70072386,42.87734968,,,,,,,,,0.4807692,,0.01004,0.0,0.0,0.0,Segment B: native,33.70072386,42.87734968,7.364876948,sewage sludge|6.75|25.0|57.5
sewage sludge,6.75,25.0,57.5,49.0,7.350069763,33.04723864,44.16410534,,,,,,,,,0.4615385,,0.016736,0.0,0.0,0.0,Segment B: native,33.04723864,44.16410534,7.350069763,sewage sludge|6.75|25.0|57.5
sewage sludge,6.75,25.0,57.5,56.0,7.22,32.06616591,39.0,,,,,,,11.78,151.8,0.3717949,,0.011714,0.0,0.0,0.0,Segment B: native,32.06616591,39.0,7.22,sewage sludge|6.75|25.0|57.5
poultry manure,5.8,22.1,60.0,0.0,5.8,34.2756,60.0,,,,,,,22.1,,,,,,,,Segment B: native,34.2756,60.0,5.8,poultry manure|5.8|22.1|60.0
poultry manure,5.8,22.1,60.0,7.0,7.932867976,68.1979,66.31916168,,,,,,,,,,,,,,,Segment B: native,68.1979,66.31916168,7.932867976,poultry manure|5.8|22.1|60.0
poultry manure,5.8,22.1,60.0,14.0,7.962761523,65.9717,62.71403805,,,,,,,,,,,,,,,Segment B: native,65.9717,62.71403805,7.962761523,poultry manure|5.8|22.1|60.0
poultry manure,5.8,22.1,60.0,28.0,8.014565236,51.8728,49.78385682,,,,,,,,,,,,,,,Segment B: native,51.8728,49.78385682,8.014565236,poultry manure|5.8|22.1|60.0
poultry manure,5.8,22.1,60.0,42.0,8.173256573,44.8763,41.40691834,,,,,,,,,,,,,,,Segment B: native,44.8763,41.40691834,8.173256573,poultry manure|5.8|22.1|60.0
poultry manure,5.8,22.1,60.0,84.0,8.2,28.1272,36.73521612,,,,,,,9.7,,,,,,,,Segment B: native,28.1272,36.73521612,8.2,poultry manure|5.8|22.1|60.0
poultry manure,5.8,23.4,60.0,0.0,5.8,33.3216,60.0,,,,,,,23.4,,,,,,,,Segment B: native,33.3216,60.0,5.8,poultry manure|5.8|23.4|60.0
poultry manure,5.8,23.4,60.0,7.0,7.957922118,65.9717,63.66537906,,,,,,,,,,,,,,,Segment B: native,65.9717,63.66537906,7.957922118,poultry manure|5.8|23.4|60.0
poultry manure,5.8,23.4,60.0,14.0,7.928550975,65.5477,60.34209078,,,,,,,,,,,,,,,Segment B: native,65.5477,60.34209078,7.928550975,poultry manure|5.8|23.4|60.0
poultry manure,5.8,23.4,60.0,28.0,7.965553261,49.3286,49.09804737,,,,,,,,,,,,,,,Segment B: native,49.3286,49.09804737,7.965553261,poultry manure|5.8|23.4|60.0
poultry manure,5.8,23.4,60.0,42.0,8.099076416,44.3463,40.71071859,,,,,,,,,,,,,,,Segment B: native,44.3463,40.71071859,8.099076416,poultry manure|5.8|23.4|60.0
poultry manure,5.8,23.4,60.0,84.0,7.8,28.1272,37.97066296,,,,,,,16.5,,,,,,,,Segment B: native,28.1272,37.97066296,7.8,poultry manure|5.8|23.4|60.0
cattle manure,6.6,21.3,60.0,0.0,6.6,30.9929,60.0,,,,,,,21.3,,,,,,,,Segment B: native,30.9929,60.0,6.6,cattle manure|6.6|21.3|60.0
cattle manure,6.6,21.3,60.0,7.0,7.702744886,69.7636,66.50070218,,,,,,,,,,,,,,,Segment B: native,69.7636,66.50070218,7.702744886,cattle manure|6.6|21.3|60.0
cattle manure,6.6,21.3,60.0,14.0,7.903208159,68.9362,62.0827962,,,,,,,,,,,,,,,Segment B: native,68.9362,62.0827962,7.903208159,cattle manure|6.6|21.3|60.0
cattle manure,6.6,21.3,60.0,28.0,7.906186874,33.0024,45.37220227,,,,,,,,,,,,,,,Segment B: native,33.0024,45.37220227,7.906186874,cattle manure|6.6|21.3|60.0
cattle manure,6.6,21.3,60.0,42.0,8.118565568,41.8676,32.9947267,,,,,,,,,,,,,,,Segment B: native,41.8676,32.9947267,8.118565568,cattle manure|6.6|21.3|60.0
cattle manure,6.6,21.3,60.0,84.0,7.7,27.4468,23.28287911,,,,,,,12.4,,,,,,,,Segment B: native,27.4468,23.28287911,7.7,cattle manure|6.6|21.3|60.0
cattle manure,7.0,29.1,60.0,0.0,7.0,30.9929,60.0,,,,,,,29.1,,,,,,,,Segment B: native,30.9929,60.0,7.0,cattle manure|7.0|29.1|60.0
cattle manure,7.0,29.1,60.0,7.0,7.975627338,69.0544,61.07718318,,,,,,,,,,,,,,,Segment B: native,69.0544,61.07718318,7.975627338,cattle manure|7.0|29.1|60.0
cattle manure,7.0,29.1,60.0,14.0,8.312673251,63.7352,61.13239973,,,,,,,,,,,,,,,Segment B: native,63.7352,61.13239973,8.312673251,cattle manure|7.0|29.1|60.0
cattle manure,7.0,29.1,60.0,28.0,8.146495192,33.4752,66.61480161,,,,,,,,,,,,,,,Segment B: native,33.4752,66.61480161,8.146495192,cattle manure|7.0|29.1|60.0
cattle manure,7.0,29.1,60.0,42.0,8.066100815,42.9314,66.84036313,,,,,,,,,,,,,,,Segment B: native,42.9314,66.84036313,8.066100815,cattle manure|7.0|29.1|60.0
cattle manure,7.0,29.1,60.0,84.0,7.6,27.4468,64.42004436,,,,,,,17.9,,,,,,,,Segment B: native,27.4468,64.42004436,7.6,cattle manure|7.0|29.1|60.0
green waste,7.7628,18.07850297,54.6575,0.0,7.7628,28.389,54.6575,,,,,,,18.07850297,,0.8570342,0.0224919,,,,,Segment B: native,28.389,54.6575,7.7628,green waste|7.763|18.079|54.658
green waste,7.7628,18.07850297,54.6575,42.0,8.9295,35.4617,36.6575,,,,,,,16.72295755,,0.1406844,0.0071197,,,,,Segment B: native,35.4617,36.6575,8.9295,green waste|7.763|18.079|54.658
green waste,7.7628,18.07850297,54.6575,84.0,9.4103,45.835,52.3562,,,,,,,12.48288453,,0.2136882,0.0071197,,,,,Segment B: native,45.835,52.3562,9.4103,green waste|7.763|18.079|54.658
green waste,7.7628,18.07850297,54.6575,112.0,9.4808,63.7525,40.7671,,,,,,,12.55591054,,0.756654,0.0071197,,,,,Segment B: native,63.7525,40.7671,9.4808,green waste|7.763|18.079|54.658
green waste,7.7628,18.07850297,54.6575,154.0,9.5,56.6798,34.9315,,,,,,,12.28206298,,0.3231939,0.1559871,,,,,Segment B: native,56.6798,34.9315,9.5,green waste|7.763|18.079|54.658
green waste,7.7628,18.07850297,54.6575,217.0,9.5577,37.8193,24.2466,,,,,,,13.67868553,,0.0882129,0.1381877,,,,,Segment B: native,37.8193,24.2466,9.5577,green waste|7.763|18.079|54.658
green waste,7.8526,19.24691921,51.9452,0.0,7.8526,27.6031,51.9452,,,,,,,19.24691921,,0.8570342,0.0152104,,,,,Segment B: native,27.6031,51.9452,7.8526,green waste|7.853|19.247|51.945
green waste,7.8526,19.24691921,51.9452,42.0,9.1538,34.833,37.2329,,,,,,,15.20766773,,0.1634981,0.0063107,,,,,Segment B: native,34.833,37.2329,9.1538,green waste|7.853|19.247|51.945
green waste,7.8526,19.24691921,51.9452,84.0,9.5064,48.3497,51.0411,,,,,,,13.41853035,,0.1315589,0.0071197,,,,,Segment B: native,48.3497,51.0411,9.5064,green waste|7.853|19.247|51.945
green waste,7.8526,19.24691921,51.9452,112.0,9.5962,46.778,51.3699,,,,,,,12.45093565,,0.1201521,0.0095469,,,,,Segment B: native,46.778,51.3699,9.5962,green waste|7.853|19.247|51.945
green waste,7.8526,19.24691921,51.9452,154.0,9.4167,45.835,41.9178,,,,,,,12.67914194,,0.1041825,0.0435275,,,,,Segment B: native,45.835,41.9178,9.4167,green waste|7.853|19.247|51.945
green waste,7.8526,19.24691921,51.9452,217.0,9.3654,37.8193,23.5068,,,,,,,12.40529439,,0.0973384,0.3242718,,,,,Segment B: native,37.8193,23.5068,9.3654,green waste|7.853|19.247|51.945
pig manure,7.4434,20.567,65.0,0.0,7.4434,25.56685652,65.0,,,,,,,20.567,,0.253913,0.0341615,,,,,Segment B: native,25.56685652,65.0,7.4434,pig manure|7.443|20.567|65.0
pig manure,7.4434,20.567,65.0,7.0,8.0122,55.85153204,55.11127143,,,,,,,20.1031,,0.6573913,0.0341615,,,,,Segment B: native,55.85153204,55.11127143,8.0122,pig manure|7.443|20.567|65.0
pig manure,7.4434,20.567,65.0,14.0,8.8685,49.00297582,47.10629463,,,,,,,19.3814,,0.3165217,0.0341615,,,,,Segment B: native,49.00297582,47.10629463,8.8685,pig manure|7.443|20.567|65.0
pig manure,7.4434,20.567,65.0,21.0,8.8807,39.80902216,49.16780278,,,,,,,17.7835,,0.2643478,0.0341615,,,,,Segment B: native,39.80902216,49.16780278,8.8807,pig manure|7.443|20.567|65.0
pig manure,7.4434,20.567,65.0,28.0,8.5199,31.98084371,50.01953161,,,,,,,16.5979,,0.2226087,0.0279503,,,,,Segment B: native,31.98084371,50.01953161,8.5199,pig manure|7.443|20.567|65.0
pig manure,7.4434,20.567,65.0,35.0,8.6361,29.94722646,47.68637276,,,,,,,13.6082,,0.1843478,0.0279503,,,,,Segment B: native,29.94722646,47.68637276,8.6361,pig manure|7.443|20.567|65.0
pig manure,7.4434,20.567,65.0,42.0,8.8532,28.62316193,48.34327822,,,,,,,13.3505,,0.1426087,0.0403727,,,,,Segment B: native,28.62316193,48.34327822,8.8532,pig manure|7.443|20.567|65.0
pig manure,7.4434,20.567,65.0,63.0,9.0367,26.79292205,44.92447532,,,,,,,11.8557,,0.1356522,0.1583851,,,,,Segment B: native,26.79292205,44.92447532,9.0367,pig manure|7.443|20.567|65.0
pig manure,7.4434,20.567,65.0,84.0,8.7003,26.70587152,43.37321773,,,,,,,11.0825,,0.1147826,,,,,,Segment B: native,26.70587152,43.37321773,8.7003,pig manure|7.443|20.567|65.0
pig manure,7.4434,20.567,65.0,105.0,8.7492,26.61154198,43.35475637,,,,,,,10.567,,0.2156522,0.9409938,,,,,Segment B: native,26.61154198,43.35475637,8.7492,pig manure|7.443|20.567|65.0
pig manure,7.4312,23.5052,65.0,0.0,7.4312,26.60573361,65.0,,,,,,,23.5052,,0.1913043,0.0341615,,,,,Segment B: native,26.60573361,65.0,7.4312,pig manure|7.431|23.505|65.0
pig manure,7.4312,23.5052,65.0,7.0,7.7003,56.57417699,55.01301468,,,,,,,21.701,,0.6295652,0.0341615,,,,,Segment B: native,56.57417699,55.01301468,7.7003,pig manure|7.431|23.505|65.0
pig manure,7.4312,23.5052,65.0,14.0,8.3486,48.19644687,47.01206052,,,,,,,21.134,,0.2469565,0.0341615,,,,,Segment B: native,48.19644687,47.01206052,8.3486,pig manure|7.431|23.505|65.0
pig manure,7.4312,23.5052,65.0,21.0,8.581,41.54196429,48.12179887,,,,,,,19.6907,,0.2156522,0.0341615,,,,,Segment B: native,41.54196429,48.12179887,8.581,pig manure|7.431|23.505|65.0
pig manure,7.4312,23.5052,65.0,28.0,8.4954,33.11671076,47.80020478,,,,,,,17.8866,,0.1913043,0.0279503,,,,,Segment B: native,33.11671076,47.80020478,8.4954,pig manure|7.431|23.505|65.0
pig manure,7.4312,23.5052,65.0,35.0,8.4954,30.85561827,47.06889186,,,,,,,16.701,,0.173913,0.0279503,,,,,Segment B: native,30.85561827,47.06889186,8.4954,pig manure|7.431|23.505|65.0
pig manure,7.4312,23.5052,65.0,42.0,8.7798,29.94319607,46.69240311,,,,,,,15.1031,,0.1426087,0.0403727,,,,,Segment B: native,29.94319607,46.69240311,8.7798,pig manure|7.431|23.505|65.0
pig manure,7.4312,23.5052,65.0,63.0,8.7554,27.61533358,45.8187222,,,,,,,13.866,,0.1147826,0.2204969,,,,,Segment B: native,27.61533358,45.8187222,8.7554,pig manure|7.431|23.505|65.0
pig manure,7.4312,23.5052,65.0,84.0,8.5872,27.56742737,44.27963393,,,,,,,13.7113,,0.0626087,,,,,,Segment B: native,27.56742737,44.27963393,8.5872,pig manure|7.431|23.505|65.0
pig manure,7.4312,23.5052,65.0,105.0,8.6269,27.45604555,44.26117257,,,,,,,13.866,,0.1704348,,,,,,Segment B: native,27.45604555,44.26117257,8.6269,pig manure|7.431|23.505|65.0
pig manure,7.3058,24.2268,65.0,0.0,7.3058,28.14391936,65.0,,,,,,,24.2268,,0.16,0.0341615,,,,,Segment B: native,28.14391936,65.0,7.3058,pig manure|7.306|24.227|65.0
pig manure,7.3058,24.2268,65.0,7.0,7.6972,55.21211027,54.45722968,,,,,,,23.5052,,0.5878261,0.0341615,,,,,Segment B: native,55.21211027,54.45722968,7.6972,pig manure|7.306|24.227|65.0
pig manure,7.3058,24.2268,65.0,14.0,8.208,51.43992493,45.87320371,,,,,,,22.1134,,0.24,0.0341615,,,,,Segment B: native,51.43992493,45.87320371,8.208,pig manure|7.306|24.227|65.0
pig manure,7.3058,24.2268,65.0,21.0,8.6514,42.0473463,48.69524036,,,,,,,20.0515,,0.1669565,0.0341615,,,,,Segment B: native,42.0473463,48.69524036,8.6514,pig manure|7.306|24.227|65.0
pig manure,7.3058,24.2268,65.0,28.0,8.4526,33.01326902,47.60430426,,,,,,,18.299,,0.1669565,0.0279503,,,,,Segment B: native,33.01326902,47.60430426,8.4526,pig manure|7.306|24.227|65.0
pig manure,7.3058,24.2268,65.0,35.0,8.5107,31.47269226,48.05350767,,,,,,,17.732,,0.1634783,0.0279503,,,,,Segment B: native,31.47269226,48.05350767,8.5107,pig manure|7.306|24.227|65.0
pig manure,7.3058,24.2268,65.0,42.0,8.7798,30.21376865,46.87203944,,,,,,,16.0825,,0.1252174,0.0403727,,,,,Segment B: native,30.21376865,46.87203944,8.7798,pig manure|7.306|24.227|65.0
pig manure,7.3058,24.2268,65.0,63.0,8.5566,28.21389439,45.0948416,,,,,,,15.7216,,0.0973913,0.2018634,,,,,Segment B: native,28.21389439,45.0948416,8.5566,pig manure|7.306|24.227|65.0
pig manure,7.3058,24.2268,65.0,84.0,8.5015,28.09987341,44.00963161,,,,,,,15.1546,,0.0243478,,,,,,Segment B: native,28.09987341,44.00963161,8.5015,pig manure|7.306|24.227|65.0
pig manure,7.3058,24.2268,65.0,105.0,8.578,27.98849159,43.98962593,,,,,,,15.3608,,0.1078261,,,,,,Segment B: native,27.98849159,43.98962593,8.578,pig manure|7.306|24.227|65.0
pig manure,7.3119,25.9794,65.0,0.0,7.3119,30.72147219,65.0,,,,,,,25.9794,,0.1321739,0.0341615,,,,,Segment B: native,30.72147219,65.0,7.3119,pig manure|7.312|25.979|65.0
pig manure,7.3119,25.9794,65.0,7.0,7.6024,56.27684152,56.33399058,,,,,,,24.7423,,0.4069565,0.0341615,,,,,Segment B: native,56.27684152,56.33399058,7.6024,pig manure|7.312|25.979|65.0
pig manure,7.3119,25.9794,65.0,14.0,8.1498,50.96104127,54.22963225,,,,,,,23.4021,,0.2017391,0.0341615,,,,,Segment B: native,50.96104127,54.22963225,8.1498,pig manure|7.312|25.979|65.0
pig manure,7.3119,25.9794,65.0,21.0,8.5963,40.1274629,53.56888583,,,,,,,21.1856,,0.1391304,0.0341615,,,,,Segment B: native,40.1274629,53.56888583,8.5963,pig manure|7.312|25.979|65.0
pig manure,7.3119,25.9794,65.0,28.0,8.474,32.82736421,52.10569337,,,,,,,20.7732,,0.1356522,0.0279503,,,,,Segment B: native,32.82736421,52.10569337,8.474,pig manure|7.312|25.979|65.0
pig manure,7.3119,25.9794,65.0,35.0,8.5229,31.68031584,49.92989088,,,,,,,19.0206,,0.1356522,0.0279503,,,,,Segment B: native,31.68031584,49.92989088,8.5229,pig manure|7.312|25.979|65.0
pig manure,7.3119,25.9794,65.0,42.0,8.737,30.5146399,48.77261939,,,,,,,18.1959,,0.1182609,0.0403727,,,,,Segment B: native,30.5146399,48.77261939,8.737,pig manure|7.312|25.979|65.0
pig manure,7.3119,25.9794,65.0,63.0,8.4801,28.30864362,46.48606825,,,,,,,17.9897,,0.0591304,0.2701863,,,,,Segment B: native,28.30864362,46.48606825,8.4801,pig manure|7.312|25.979|65.0
pig manure,7.3119,25.9794,65.0,84.0,8.5076,28.4570715,45.12042519,,,,,,,16.9072,,0.0104348,,,,,,Segment B: native,28.4570715,45.12042519,8.5076,pig manure|7.312|25.979|65.0
pig manure,7.3119,25.9794,65.0,105.0,8.5688,28.34568968,45.10041951,,,,,,,16.9072,,0.1078261,,,,,,Segment B: native,28.34568968,45.10041951,8.5688,pig manure|7.312|25.979|65.0
poultry manure,7.2848,11.9757,54.9367,0.0,7.2848,33.7903,54.9367,,,,,,,,,0.2675676,,,,,,Segment B: native,33.7903,54.9367,7.2848,poultry manure|7.285|11.976|54.937
poultry manure,7.2848,11.9757,54.9367,1.0,7.2913,43.4677,54.557,,,,,,,,,0.2783784,,,,,,Segment B: native,43.4677,54.557,7.2913,poultry manure|7.285|11.976|54.937
poultry manure,7.2848,11.9757,54.9367,3.0,7.3283,52.0161,53.038,,,,,,,,,0.3036036,,,,,,Segment B: native,52.0161,53.038,7.3283,poultry manure|7.285|11.976|54.937
poultry manure,7.2848,11.9757,54.9367,10.0,7.4565,63.2258,55.9494,,,,,,,,,0.3405405,,,,,,Segment B: native,63.2258,55.9494,7.4565,poultry manure|7.285|11.976|54.937
poultry manure,7.2848,11.9757,54.9367,17.0,7.5587,56.2097,61.962,,,,,,,,,0.3261261,,,,,,Segment B: native,56.2097,61.962,7.5587,poultry manure|7.285|11.976|54.937
poultry manure,7.2848,11.9757,54.9367,24.0,7.6348,52.5,58.7342,,,,,,,,,0.3324324,,,,,,Segment B: native,52.5,58.7342,7.6348,poultry manure|7.285|11.976|54.937
poultry manure,7.2848,11.9757,54.9367,32.0,7.6717,46.5323,57.7848,,,,,,,,,0.345045,,,,,,Segment B: native,46.5323,57.7848,7.6717,poultry manure|7.285|11.976|54.937
poultry manure,7.2848,11.9757,54.9367,40.0,7.65,45.9677,46.962,,,,,,,,,0.4576577,,,,,,Segment B: native,45.9677,46.962,7.65,poultry manure|7.285|11.976|54.937
poultry manure,7.2848,11.9757,54.9367,60.0,7.8565,31.6935,42.5949,,,,,,,,,0.4972973,,,,,,Segment B: native,31.6935,42.5949,7.8565,poultry manure|7.285|11.976|54.937
poultry manure,7.3283,13.0607,57.7215,0.0,7.3283,41.7742,57.7215,,,,,,,,,0.2225225,,,,,,Segment B: native,41.7742,57.7215,7.3283,poultry manure|7.328|13.061|57.722
poultry manure,7.3283,13.0607,57.7215,1.0,7.3435,51.5323,57.0253,,,,,,,,,0.2342342,,,,,,Segment B: native,51.5323,57.0253,7.3435,poultry manure|7.328|13.061|57.722
poultry manure,7.3283,13.0607,57.7215,3.0,7.3804,60.4839,55.5063,,,,,,,,,0.2621622,,,,,,Segment B: native,60.4839,55.5063,7.3804,poultry manure|7.328|13.061|57.722
poultry manure,7.3283,13.0607,57.7215,10.0,7.5109,63.1452,58.3544,,,,,,,,,0.3054054,,,,,,Segment B: native,63.1452,58.3544,7.5109,poultry manure|7.328|13.061|57.722
poultry manure,7.3283,13.0607,57.7215,17.0,7.6152,56.0484,64.2405,,,,,,,,,0.3,,,,,,Segment B: native,56.0484,64.2405,7.6152,poultry manure|7.328|13.061|57.722
poultry manure,7.3283,13.0607,57.7215,24.0,7.7,52.8226,60.3797,,,,,,,,,0.3108108,,,,,,Segment B: native,52.8226,60.3797,7.7,poultry manure|7.328|13.061|57.722
poultry manure,7.3283,13.0607,57.7215,32.0,7.7348,48.9516,59.3671,,,,,,,,,0.3657658,,,,,,Segment B: native,48.9516,59.3671,7.7348,poultry manure|7.328|13.061|57.722
poultry manure,7.3283,13.0607,57.7215,40.0,7.7217,48.3065,45.0,,,,,,,,,0.4891892,,,,,,Segment B: native,48.3065,45.0,7.7217,poultry manure|7.328|13.061|57.722
poultry manure,7.3283,13.0607,57.7215,60.0,7.9565,36.9355,40.1899,,,,,,,,,0.5522523,,,,,,Segment B: native,36.9355,40.1899,7.9565,poultry manure|7.328|13.061|57.722
poultry manure,7.2848,11.9757,54.9367,0.0,7.2848,33.7903,54.9367,,,,,,,,,0.2675676,,,,,,Segment B: native,33.7903,54.9367,7.2848,poultry manure|7.285|11.976|54.937
poultry manure,7.2848,11.9757,54.9367,1.0,7.2913,43.4677,54.557,,,,,,,,,0.2783784,,,,,,Segment B: native,43.4677,54.557,7.2913,poultry manure|7.285|11.976|54.937
poultry manure,7.2848,11.9757,54.9367,3.0,7.3283,52.0161,53.038,,,,,,,,,0.3036036,,,,,,Segment B: native,52.0161,53.038,7.3283,poultry manure|7.285|11.976|54.937
poultry manure,7.2848,11.9757,54.9367,10.0,7.4565,63.2258,55.9494,,,,,,,,,0.3405405,,,,,,Segment B: native,63.2258,55.9494,7.4565,poultry manure|7.285|11.976|54.937
poultry manure,7.2848,11.9757,54.9367,17.0,7.5587,56.2097,61.962,,,,,,,,,0.3261261,,,,,,Segment B: native,56.2097,61.962,7.5587,poultry manure|7.285|11.976|54.937
poultry manure,7.2848,11.9757,54.9367,24.0,7.6348,52.5,58.7342,,,,,,,,,0.3324324,,,,,,Segment B: native,52.5,58.7342,7.6348,poultry manure|7.285|11.976|54.937
poultry manure,7.2848,11.9757,54.9367,32.0,7.6717,46.5323,57.7848,,,,,,,,,0.345045,,,,,,Segment B: native,46.5323,57.7848,7.6717,poultry manure|7.285|11.976|54.937
poultry manure,7.2848,11.9757,54.9367,40.0,7.65,45.9677,46.962,,,,,,,,,0.4576577,,,,,,Segment B: native,45.9677,46.962,7.65,poultry manure|7.285|11.976|54.937
poultry manure,7.2848,11.9757,54.9367,60.0,7.8565,31.6935,42.5949,,,,,,,,,0.4972973,,,,,,Segment B: native,31.6935,42.5949,7.8565,poultry manure|7.285|11.976|54.937
poultry manure,7.363,11.1579,53.6076,0.0,7.363,35.5645,53.6076,,,,,,,,,0.1990991,,,,,,Segment B: native,35.5645,53.6076,7.363,poultry manure|7.363|11.158|53.608
poultry manure,7.363,11.1579,53.6076,1.0,7.3848,40.3226,53.038,,,,,,,,,0.2099099,,,,,,Segment B: native,40.3226,53.038,7.3848,poultry manure|7.363|11.158|53.608
poultry manure,7.363,11.1579,53.6076,3.0,7.4283,44.1129,51.5823,,,,,,,,,0.2441441,,,,,,Segment B: native,44.1129,51.5823,7.4283,poultry manure|7.363|11.158|53.608
poultry manure,7.363,11.1579,53.6076,10.0,7.5717,63.9516,54.3038,,,,,,,,,0.2882883,,,,,,Segment B: native,63.9516,54.3038,7.5717,poultry manure|7.363|11.158|53.608
poultry manure,7.363,11.1579,53.6076,17.0,7.6891,56.0484,60.5063,,,,,,,,,0.281982,,,,,,Segment B: native,56.0484,60.5063,7.6891,poultry manure|7.363|11.158|53.608
poultry manure,7.363,11.1579,53.6076,24.0,7.7934,52.8226,56.5823,,,,,,,,,0.2891892,,,,,,Segment B: native,52.8226,56.5823,7.7934,poultry manure|7.363|11.158|53.608
poultry manure,7.363,11.1579,53.6076,32.0,7.8565,47.8226,55.3797,,,,,,,,,0.3036036,,,,,,Segment B: native,47.8226,55.3797,7.8565,poultry manure|7.363|11.158|53.608
poultry manure,7.363,11.1579,53.6076,40.0,7.8586,49.3548,43.6076,,,,,,,,,0.4189189,,,,,,Segment B: native,49.3548,43.6076,7.8586,poultry manure|7.363|11.158|53.608
poultry manure,7.363,11.1579,53.6076,60.0,8.1304,33.9516,38.3544,,,,,,,,,0.454955,,,,,,Segment B: native,33.9516,38.3544,8.1304,poultry manure|7.363|11.158|53.608
sewage sludge,7.4973,25.0,55.0,0.0,7.4973,34.0625,55.0,,,,,,,25.0,,0.3717948,0.140394,0.0,0.0,0.0,0.0,Segment B: native,34.0625,55.0,7.4973,sewage sludge|7.497|25.0|55.0
sewage sludge,7.4973,25.0,55.0,3.0,7.0552,38.125,54.39844773,,,,,,,,,1.051282,0.1354679,0.010256,,,5.4e-05,Segment B: native,38.125,54.39844773,7.0552,sewage sludge|7.497|25.0|55.0
sewage sludge,7.4973,25.0,55.0,7.0,6.4631,48.1875,51.2320605,,,,,,,,,1.7307692,0.0960591,0.063002,,,0.003054,Segment B: native,48.1875,51.2320605,6.4631,sewage sludge|7.497|25.0|55.0
sewage sludge,7.4973,25.0,55.0,10.0,6.8578,50.0625,52.39820103,,,,,,,,,2.0384615,0.0960591,0.054212,,,0.000738,Segment B: native,50.0625,52.39820103,6.8578,sewage sludge|7.497|25.0|55.0
sewage sludge,7.4973,25.0,55.0,14.0,5.1131,48.0625,53.26248801,,,,,,,,,2.5,0.0862068,0.092306,,0.07299,5.4e-05,Segment B: native,48.0625,53.26248801,5.1131,sewage sludge|7.497|25.0|55.0
sewage sludge,7.4973,25.0,55.0,21.0,4.7973,42.0625,50.54418774,,,,,,,,,2.5641025,0.0714285,0.013186,,0.0145,5.4e-05,Segment B: native,42.0625,50.54418774,4.7973,sewage sludge|7.497|25.0|55.0
sewage sludge,7.4973,25.0,55.0,28.0,4.2684,38.3125,54.14191112,,,,,,,,,3.9102564,0.0615763,0.024908,,0.0145,5.4e-05,Segment B: native,38.3125,54.14191112,4.2684,sewage sludge|7.497|25.0|55.0
sewage sludge,7.4973,25.0,55.0,35.0,4.071,36.0,50.17504708,,,,,,,,,3.5384615,0.2339901,0.04835,0.0243,0.0145,5.4e-05,Segment B: native,36.0,50.17504708,4.071,sewage sludge|7.497|25.0|55.0
sewage sludge,7.4973,25.0,55.0,42.0,4.3947,34.0625,47.37883084,,,,,,,,,2.8589743,0.3374384,0.033698,0.0243,0.0145,5.4e-05,Segment B: native,34.0625,47.37883084,4.3947,sewage sludge|7.497|25.0|55.0
sewage sludge,7.4973,25.0,55.0,49.0,5.1368,33.125,50.46402889,,,,,,,,,2.5641025,0.6034482,0.016116,0.0243,0.0145,5.4e-05,Segment B: native,33.125,50.46402889,5.1368,sewage sludge|7.497|25.0|55.0
sewage sludge,7.4973,25.0,55.0,56.0,5.2,32.1875,45.43006144,,,,,,,31.26,56.41,2.3974358,0.775862,0.019046,0.006,0.0145,5.4e-05,Segment B: native,32.1875,45.43006144,5.2,sewage sludge|7.497|25.0|55.0
sewage sludge,7.7026,25.0,55.0,0.0,7.7026,36.0625,55.0,,,,,,,25.0,,0.4102564,0.1305418,0.0,0.0,0.0,0.0,Segment B: native,36.0625,55.0,7.7026,sewage sludge|7.703|25.0|55.0
sewage sludge,7.7026,25.0,55.0,3.0,7.5289,41.0625,54.19666591,,,,,,,,,1.2435897,0.1108374,0.010256,,0.07372,7.6e-05,Segment B: native,41.0625,54.19666591,7.5289,sewage sludge|7.703|25.0|55.0
sewage sludge,7.7026,25.0,55.0,7.0,7.1263,50.1875,49.24773324,,,,,,,,,1.9743589,0.0862068,0.209522,,,0.002978,Segment B: native,50.1875,49.24773324,7.1263,sewage sludge|7.703|25.0|55.0
sewage sludge,7.7026,25.0,55.0,10.0,6.8105,53.9375,51.63377029,,,,,,,,,2.4487179,0.0665024,0.426372,0.0792,,0.003782,Segment B: native,53.9375,51.63377029,6.8105,sewage sludge|7.703|25.0|55.0
sewage sludge,7.7026,25.0,55.0,14.0,6.5894,45.875,54.40376317,,,,,,,,,2.6410256,0.1059113,0.297434,,0.02627,0.001922,Segment B: native,45.875,54.40376317,6.5894,sewage sludge|7.703|25.0|55.0
sewage sludge,7.7026,25.0,55.0,21.0,6.3526,41.0,50.37969715,,,,,,,,,3.2051282,0.1256157,0.03663,,0.0072,5.4e-05,Segment B: native,41.0,50.37969715,6.3526,sewage sludge|7.703|25.0|55.0
sewage sludge,7.7026,25.0,55.0,28.0,6.1236,36.0625,54.26048499,,,,,,,,,3.6025641,0.2044334,0.024908,,0.0072,5.4e-05,Segment B: native,36.0625,54.26048499,6.1236,sewage sludge|7.703|25.0|55.0
sewage sludge,7.7026,25.0,55.0,35.0,5.9026,35.125,49.05708632,,,,,,,,,3.8589743,0.3866995,0.010256,,0.0072,5.4e-05,Segment B: native,35.125,49.05708632,5.9026,sewage sludge|7.703|25.0|55.0
sewage sludge,7.7026,25.0,55.0,42.0,6.0447,34.75,45.64858247,,,,,,,,,3.2564102,0.7610837,0.001464,0.0243,0.0072,5.4e-05,Segment B: native,34.75,45.64858247,6.0447,sewage sludge|7.703|25.0|55.0
sewage sludge,7.7026,25.0,55.0,49.0,6.2736,37.125,49.06982559,,,,,,,,,2.7692307,,0.004394,0.0243,0.0072,5.4e-05,Segment B: native,37.125,49.06982559,6.2736,sewage sludge|7.703|25.0|55.0
sewage sludge,7.7026,25.0,55.0,56.0,6.3368,34.0625,45.13561381,,,,,,,17.64,65.5,2.0384615,,0.004394,0.006,0.0072,5.4e-05,Segment B: native,34.0625,45.13561381,6.3368,sewage sludge|7.703|25.0|55.0
sewage sludge,7.7973,25.0,55.0,0.0,7.7973,37.875,55.0,,,,,,,25.0,,0.4615384,0.1009852,0.0,0.0,0.0,0.0,Segment B: native,37.875,55.0,7.7973,sewage sludge|7.797|25.0|55.0
sewage sludge,7.7973,25.0,55.0,3.0,7.7657,41.9375,54.32052955,,,,,,,,,1.576923,0.1354679,0.051282,,0.03795,4.2e-05,Segment B: native,41.9375,54.32052955,7.7657,sewage sludge|7.797|25.0|55.0
sewage sludge,7.7973,25.0,55.0,7.0,6.4868,52.0625,50.07859119,,,,,,,,,2.1410256,0.1059113,0.209522,0.0792,0.08175,0.002836,Segment B: native,52.0625,50.07859119,6.4868,sewage sludge|7.797|25.0|55.0
sewage sludge,7.7973,25.0,55.0,10.0,6.25,55.0,51.62648759,,,,,,,,,2.4230769,0.091133,0.596336,,0.051,0.002172,Segment B: native,55.0,51.62648759,6.25,sewage sludge|7.797|25.0|55.0
sewage sludge,7.7973,25.0,55.0,14.0,6.0447,45.125,54.42418658,,,,,,,,,2.9358974,0.0812807,0.065934,0.0426,0.0072,0.000576,Segment B: native,45.125,54.42418658,6.0447,sewage sludge|7.797|25.0|55.0
sewage sludge,7.7973,25.0,55.0,21.0,5.9421,41.5625,49.93775089,,,,,,,,,3.7948717,0.0714285,0.054212,0.2073,0.0072,5.4e-05,Segment B: native,41.5625,49.93775089,5.9421,sewage sludge|7.797|25.0|55.0
sewage sludge,7.7973,25.0,55.0,28.0,6.0763,39.9375,53.47391578,,,,,,,,,3.076923,0.2241379,0.019046,0.0243,0.04744,5.4e-05,Segment B: native,39.9375,53.47391578,6.0763,sewage sludge|7.797|25.0|55.0
sewage sludge,7.7973,25.0,55.0,35.0,6.2105,37.9375,48.5145589,,,,,,,,,2.525641,0.6133004,0.010256,0.0243,0.0072,5.4e-05,Segment B: native,37.9375,48.5145589,6.2105,sewage sludge|7.797|25.0|55.0
sewage sludge,7.7973,25.0,55.0,42.0,6.3526,34.9375,45.20383055,,,,,,,,,2.0128205,0.7807881,0.001464,0.0243,0.0072,5.4e-05,Segment B: native,34.9375,45.20383055,6.3526,sewage sludge|7.797|25.0|55.0
sewage sludge,7.7973,25.0,55.0,49.0,6.4789,34.9375,48.51579377,,,,,,,,,1.2051282,,0.004394,0.0243,0.0072,5.4e-05,Segment B: native,34.9375,48.51579377,6.4789,sewage sludge|7.797|25.0|55.0
sewage sludge,7.7973,25.0,55.0,56.0,6.5578,35.0,45.38733533,,,,,,,16.46,72.85,0.6410256,,0.004394,0.006,0.0072,5.4e-05,Segment B: native,35.0,45.38733533,6.5578,sewage sludge|7.797|25.0|55.0
sewage sludge,8.0736,25.0,55.0,0.0,8.0736,37.875,55.0,,,,,,,25.0,,0.5128205,0.0862068,0.0,0.0,0.0,0.0,Segment B: native,37.875,55.0,8.0736,sewage sludge|8.074|25.0|55.0
sewage sludge,8.0736,25.0,55.0,3.0,7.4105,46.0625,54.53624205,,,,,,,,,2.025641,0.1502463,0.142124,,0.08248,0.003238,Segment B: native,46.0625,54.53624205,7.4105,sewage sludge|8.074|25.0|55.0
sewage sludge,8.0736,25.0,55.0,7.0,7.0631,55.0,51.08210444,,,,,,,,,3.7948717,0.0960591,0.098168,,0.01167,0.002706,Segment B: native,55.0,51.08210444,7.0631,sewage sludge|8.074|25.0|55.0
sewage sludge,8.0736,25.0,55.0,10.0,7.2447,59.0625,54.22479302,,,,,,,,,4.2564102,0.091133,0.745786,0.0243,0.0072,0.000858,Segment B: native,59.0625,54.22479302,7.2447,sewage sludge|8.074|25.0|55.0
sewage sludge,8.0736,25.0,55.0,14.0,7.4657,48.0,56.39793812,,,,,,,,,3.9871794,0.0763546,0.678388,0.006,0.0072,5.4e-05,Segment B: native,48.0,56.39793812,7.4657,sewage sludge|8.074|25.0|55.0
sewage sludge,8.0736,25.0,55.0,21.0,7.6552,44.0625,51.87629042,,,,,,,,,2.7948717,0.0763546,0.027838,,0.0072,5.4e-05,Segment B: native,44.0625,51.87629042,7.6552,sewage sludge|8.074|25.0|55.0
sewage sludge,8.0736,25.0,55.0,28.0,7.7421,38.0,54.72408672,,,,,,,,,2.051282,0.3472906,0.019046,0.0243,0.0072,5.4e-05,Segment B: native,38.0,54.72408672,7.7421,sewage sludge|8.074|25.0|55.0
sewage sludge,8.0736,25.0,55.0,35.0,7.8052,35.9375,54.07033169,,,,,,,,,1.7435897,0.6330049,0.010256,0.0243,0.0072,5.4e-05,Segment B: native,35.9375,54.07033169,7.8052,sewage sludge|8.074|25.0|55.0
sewage sludge,8.0736,25.0,55.0,42.0,7.971,34.0,52.58390028,,,,,,,,,1.2307692,0.9827586,0.001464,0.0243,0.0072,5.4e-05,Segment B: native,34.0,52.58390028,7.971,sewage sludge|8.074|25.0|55.0
sewage sludge,8.0736,25.0,55.0,49.0,8.1526,35.0625,54.16420524,,,,,,,,,0.8076923,,0.004394,0.0243,0.0072,5.4e-05,Segment B: native,35.0625,54.16420524,8.1526,sewage sludge|8.074|25.0|55.0
sewage sludge,8.0736,25.0,55.0,56.0,8.3184,34.9375,53.74817238,,,,,,,13.15,81.34,0.5384615,,0.004394,0.006,0.0072,5.4e-05,Segment B: native,34.9375,53.74817238,8.3184,sewage sludge|8.074|25.0|55.0
sewage sludge,7.8842,25.0,55.0,0.0,7.8842,36.9375,55.0,,,,,,,25.0,,0.525641,0.091133,0.0,0.0,0.0,0.0,Segment B: native,36.9375,55.0,7.8842,sewage sludge|7.884|25.0|55.0
sewage sludge,7.8842,25.0,55.0,3.0,7.4105,63.0,54.35556023,,,,,,,,,2.025641,0.1600985,1.217582,,0.0802,0.002042,Segment B: native,63.0,54.35556023,7.4105,sewage sludge|7.884|25.0|55.0
sewage sludge,7.8842,25.0,55.0,7.0,6.85,54.8125,51.7033783,,,,,,,,,4.5384615,0.1108374,1.109156,0.006,0.0072,0.000978,Segment B: native,54.8125,51.7033783,6.85,sewage sludge|7.884|25.0|55.0
sewage sludge,7.8842,25.0,55.0,10.0,6.7315,51.9375,54.27307706,,,,,,,,,4.2948717,0.0960591,0.819046,0.0243,0.0072,0.000314,Segment B: native,51.9375,54.27307706,6.7315,sewage sludge|7.884|25.0|55.0
sewage sludge,7.8842,25.0,55.0,14.0,6.4236,43.9375,55.36403509,,,,,,,,,3.8333333,0.0960591,0.364834,0.006,0.0072,5.4e-05,Segment B: native,43.9375,55.36403509,6.4236,sewage sludge|7.884|25.0|55.0
sewage sludge,7.8842,25.0,55.0,21.0,6.9052,42.0,50.83013048,,,,,,,,,3.1666666,0.0862068,0.104028,,0.0072,5.4e-05,Segment B: native,42.0,50.83013048,6.9052,sewage sludge|7.884|25.0|55.0
sewage sludge,7.8842,25.0,55.0,28.0,7.1105,38.9375,52.95114521,,,,,,,,,2.4230769,0.2586206,0.027838,0.0243,0.0072,5.4e-05,Segment B: native,38.9375,52.95114521,7.1105,sewage sludge|7.884|25.0|55.0
sewage sludge,7.8842,25.0,55.0,35.0,7.2447,36.8125,49.66281224,,,,,,,,,0.9743589,0.775862,0.013186,0.0243,0.0072,5.4e-05,Segment B: native,36.8125,49.66281224,7.2447,sewage sludge|7.884|25.0|55.0
sewage sludge,7.8842,25.0,55.0,42.0,7.3157,37.0625,46.77038514,,,,,,,,,0.5128205,,0.001464,,0.0072,5.4e-05,Segment B: native,37.0625,46.77038514,7.3157,sewage sludge|7.884|25.0|55.0
sewage sludge,7.8842,25.0,55.0,49.0,7.5052,34.9375,49.5211671,,,,,,,,,0.3589743,,0.004394,0.0243,0.0072,5.4e-05,Segment B: native,34.9375,49.5211671,7.5052,sewage sludge|7.884|25.0|55.0
sewage sludge,7.8842,25.0,55.0,56.0,7.5763,35.0,46.71182085,,,,,,,13.6,87.63,0.2948717,,0.004394,0.006,0.0072,5.4e-05,Segment B: native,35.0,46.71182085,7.5763,sewage sludge|7.884|25.0|55.0
sewage sludge,8.2,25.0,55.0,0.0,8.2,37.0,55.0,,,,,,,25.0,,0.4743589,0.1009852,0.0,0.0,0.0,0.0,Segment B: native,37.0,55.0,8.2,sewage sludge|8.2|25.0|55.0
sewage sludge,8.2,25.0,55.0,3.0,7.6157,66.0625,54.48644773,,,,,,,,,2.2564102,0.1502463,1.030036,0.189,0.01021,0.001922,Segment B: native,66.0625,54.48644773,7.6157,sewage sludge|8.2|25.0|55.0
sewage sludge,8.2,25.0,55.0,7.0,6.8894,56.0,50.68420103,,,,,,,,,4.576923,0.0960591,0.810256,0.006,0.0072,5.4e-05,Segment B: native,56.0,50.68420103,6.8894,sewage sludge|8.2|25.0|55.0
sewage sludge,8.2,25.0,55.0,10.0,7.0394,52.0,50.41232583,,,,,,,,,4.0128205,0.0862068,0.514284,0.0243,0.0072,5.4e-05,Segment B: native,52.0,50.41232583,7.0394,sewage sludge|8.2|25.0|55.0
sewage sludge,8.2,25.0,55.0,14.0,7.2526,46.0625,51.43099531,,,,,,,,,2.7948717,0.0812807,0.221244,0.006,0.0072,5.4e-05,Segment B: native,46.0625,51.43099531,7.2526,sewage sludge|8.2|25.0|55.0
sewage sludge,8.2,25.0,55.0,21.0,7.4105,42.0,51.53425401,,,,,,,,,1.6153846,0.1798029,0.024908,,0.0072,5.4e-05,Segment B: native,42.0,51.53425401,7.4105,sewage sludge|8.2|25.0|55.0
sewage sludge,8.2,25.0,55.0,28.0,7.7026,38.9375,53.77381285,,,,,,,,,1.0384615,0.4211822,0.130402,0.0243,0.0072,5.4e-05,Segment B: native,38.9375,53.77381285,7.7026,sewage sludge|8.2|25.0|55.0
sewage sludge,8.2,25.0,55.0,35.0,8.1368,37.9375,53.21394419,,,,,,,,,0.7435897,0.6576354,0.013186,0.006,0.0072,5.4e-05,Segment B: native,37.9375,53.21394419,8.1368,sewage sludge|8.2|25.0|55.0
sewage sludge,8.2,25.0,55.0,42.0,8.3421,36.9375,52.14950369,,,,,,,,,0.4743589,,0.001464,0.0426,0.0072,5.4e-05,Segment B: native,36.9375,52.14950369,8.3421,sewage sludge|8.2|25.0|55.0
sewage sludge,8.2,25.0,55.0,49.0,8.5157,34.9375,53.61925763,,,,,,,,,0.3974358,,0.004394,0.006,0.0072,5.4e-05,Segment B: native,34.9375,53.61925763,8.5157,sewage sludge|8.2|25.0|55.0
sewage sludge,8.2,25.0,55.0,56.0,8.6736,34.9375,53.05248045,,,,,,,14.22,98.63,0.3717948,,0.004394,0.006,0.0072,5.4e-05,Segment B: native,34.9375,53.05248045,8.6736,sewage sludge|8.2|25.0|55.0
sewage sludge,8.3578,25.0,55.0,0.0,8.3578,37.0,55.0,,,,,,,25.0,,0.551282,0.0714285,0.0,0.0,0.0,0.0,Segment B: native,37.0,55.0,8.3578,sewage sludge|8.358|25.0|55.0
sewage sludge,8.3578,25.0,55.0,3.0,7.9552,68.0,54.48644773,,,,,,,,,2.6666666,0.1354679,1.405128,0.189,0.01021,0.000716,Segment B: native,68.0,54.48644773,7.9552,sewage sludge|8.358|25.0|55.0
sewage sludge,8.3578,25.0,55.0,7.0,7.4578,60.0625,50.92083977,,,,,,,,,4.6538461,0.1206896,1.153112,0.0243,0.0072,5.4e-05,Segment B: native,60.0625,50.92083977,7.4578,sewage sludge|8.358|25.0|55.0
sewage sludge,8.3578,25.0,55.0,10.0,7.1342,53.9375,49.68487821,,,,,,,,,4.3717948,0.1108374,0.898168,0.0243,0.0072,5.4e-05,Segment B: native,53.9375,49.68487821,7.1342,sewage sludge|8.358|25.0|55.0
sewage sludge,8.3578,25.0,55.0,14.0,7.071,45.9375,50.60374536,,,,,,,,,3.4743589,0.0960591,0.578754,0.0243,0.0072,5.4e-05,Segment B: native,45.9375,50.60374536,7.071,sewage sludge|8.358|25.0|55.0
sewage sludge,8.3578,25.0,55.0,21.0,7.7973,42.0625,62.10163752,,,,,,,,,2.8846153,0.2487684,0.153846,0.0243,0.0072,5.4e-05,Segment B: native,42.0625,62.10163752,7.7973,sewage sludge|8.358|25.0|55.0
sewage sludge,8.3578,25.0,55.0,28.0,8.1447,39.0,63.39793534,,,,,,,,,1.8846153,0.366995,0.021978,0.0243,0.0656,5.4e-05,Segment B: native,39.0,63.39793534,8.1447,sewage sludge|8.358|25.0|55.0
sewage sludge,8.3578,25.0,55.0,35.0,8.2789,38.0,65.1027924,,,,,,,,,0.9487179,0.5985221,0.013186,0.0243,0.0072,5.4e-05,Segment B: native,38.0,65.1027924,8.2789,sewage sludge|8.358|25.0|55.0
sewage sludge,8.3578,25.0,55.0,42.0,8.5947,36.9375,62.86305957,,,,,,,,,0.7179487,0.9926108,0.001464,0.0243,0.0072,5.4e-05,Segment B: native,36.9375,62.86305957,8.5947,sewage sludge|8.358|25.0|55.0
sewage sludge,8.3578,25.0,55.0,49.0,8.6657,34.9375,63.01900675,,,,,,,,,0.525641,,0.004394,0.0243,0.0072,5.4e-05,Segment B: native,34.9375,63.01900675,8.6657,sewage sludge|8.358|25.0|55.0
sewage sludge,8.3578,25.0,55.0,56.0,8.9263,34.9375,60.63233071,,,,,,,11.4,125.3,0.4615384,,0.004394,0.0243,0.0072,5.4e-05,Segment B: native,34.9375,60.63233071,8.9263,sewage sludge|8.358|25.0|55.0
poultry manure,7.9,16.6,53.8,0.0,7.8988,30.4255,53.8,,,,,,,,,,,,,,0.0038167,Segment B: native,30.4255,53.8,7.8988,poultry manure|7.9|16.6|53.8
poultry manure,7.9,16.6,53.8,12.0,9.1556,45.8723,62.56340811,,,,,,,,,,,,,,0.0343511,Segment B: native,45.8723,62.56340811,9.1556,poultry manure|7.9|16.6|53.8
poultry manure,7.9,16.6,53.8,28.0,9.175,37.3191,58.92364935,,,,,,,,,,,,,,0.0114503,Segment B: native,37.3191,58.92364935,9.175,poultry manure|7.9|16.6|53.8
poultry manure,7.9,16.6,53.8,42.0,9.2217,28.2553,62.2,,,,,,,,,,,,,,0.1259541,Segment B: native,28.2553,62.2,9.2217,poultry manure|7.9|16.6|53.8
poultry manure,8.29,18.6,49.3,0.0,8.284,25.1914,49.3,,,,,,,,,,,,,,0.0038167,Segment B: native,25.1914,49.3,8.284,poultry manure|8.29|18.6|49.3
poultry manure,8.29,18.6,49.3,12.0,9.0544,38.468,60.08715713,,,,,,,,,,,,,,0.0343511,Segment B: native,38.468,60.08715713,9.0544,poultry manure|8.29|18.6|49.3
poultry manure,8.29,18.6,49.3,28.0,9.0389,31.5744,58.52867794,,,,,,,,,,,,,,0.0114503,Segment B: native,31.5744,58.52867794,9.0389,poultry manure|8.29|18.6|49.3
poultry manure,8.29,18.6,49.3,42.0,8.821,28.7659,62.8,,,,,,,,,,,,,,0.1259541,Segment B: native,28.7659,62.8,8.821,poultry manure|8.29|18.6|49.3
poultry manure,8.04,20.4,50.2,0.0,8.0194,20.2127,50.2,,,,,,,,,,,,,,0.0038167,Segment B: native,20.2127,50.2,8.0194,poultry manure|8.04|20.4|50.2
poultry manure,8.04,20.4,50.2,12.0,9.1089,35.5319,63.46567405,,,,,,,,,,,,,,0.0343511,Segment B: native,35.5319,63.46567405,9.1089,poultry manure|8.04|20.4|50.2
poultry manure,8.04,20.4,50.2,28.0,9.1712,38.3404,60.67096545,,,,,,,,,,,,,,0.0114503,Segment B: native,38.3404,60.67096545,9.1712,poultry manure|8.04|20.4|50.2
poultry manure,8.04,20.4,50.2,42.0,9.284,31.5744,57.6,,,,,,,,,,,,,,0.1259541,Segment B: native,31.5744,57.6,9.284,poultry manure|8.04|20.4|50.2
sewage sludge,7.62,25.027,55.4,0.0,7.62,34.0613,55.4,,,,,,,25.027,,0.3555555,0.1494464,0.0,,,,Segment B: native,34.0613,55.4,7.62,sewage sludge|7.62|25.027|55.4
sewage sludge,7.62,25.027,55.4,3.0,7.223454969,38.0459,54.55512727,,,,,,,25.9594,,1.2666666,0.1125461,0.051412,,,,Segment B: native,38.0459,54.55512727,7.223454969,sewage sludge|7.62|25.027|55.4
sewage sludge,7.62,25.027,55.4,7.0,6.880112834,45.0191,50.73496233,,,,,,,26.8108,,1.8444444,0.105166,0.154242,,,,Segment B: native,45.0191,50.73496233,6.880112834,sewage sludge|7.62|25.027|55.4
sewage sludge,7.62,25.027,55.4,10.0,6.654203925,48.0842,51.74411039,,,,,,,27.0945,,2.5888888,0.0940959,0.154242,,,,Segment B: native,48.0842,51.74411039,6.654203925,sewage sludge|7.62|25.027|55.4
sewage sludge,7.62,25.027,55.4,14.0,5.426952672,51.1494,53.94882791,,,,,,,27.7837,,2.7555555,0.0867158,0.37018,,,,Segment B: native,51.1494,53.94882791,5.426952672,sewage sludge|7.62|25.027|55.4
sewage sludge,7.62,25.027,55.4,21.0,5.089731752,48.2375,50.48965601,,,,,,,28.4324,,3.3777777,0.0940959,0.74036,,,,Segment B: native,48.2375,50.48965601,5.089731752,sewage sludge|7.62|25.027|55.4
sewage sludge,7.62,25.027,55.4,28.0,4.530496498,38.1226,54.95022476,,,,,,,28.9594,,3.9777777,0.0719557,1.820052,,,,Segment B: native,38.1226,54.95022476,4.530496498,sewage sludge|7.62|25.027|55.4
sewage sludge,7.62,25.027,55.4,35.0,4.345569405,34.1379,50.21959703,,,,,,,28.1486,,3.5333333,0.2564575,0.647814,,,,Segment B: native,34.1379,50.21959703,4.345569405,sewage sludge|7.62|25.027|55.4
sewage sludge,7.62,25.027,55.4,42.0,4.544909434,35.0574,47.4308629,,,,,,,26.0,,3.2888888,0.3154981,0.277636,,,,Segment B: native,35.0574,47.4308629,4.544909434,sewage sludge|7.62|25.027|55.4
sewage sludge,7.62,25.027,55.4,49.0,5.135037558,33.0651,50.75176283,,,,,,,23.6486,,2.9444444,0.5627306,0.431876,,,,Segment B: native,33.0651,50.75176283,5.135037558,sewage sludge|7.62|25.027|55.4
sewage sludge,7.62,25.027,55.4,56.0,5.06,33.0651,45.53381198,,,,,,,23.1216,45.85,2.6222222,0.902214,0.123394,,,,Segment B: native,33.0651,45.53381198,5.06,sewage sludge|7.62|25.027|55.4
sewage sludge,8.68,24.8243,55.9,0.0,8.68,37.8927,55.9,,,,,,,24.8243,,0.4333333,0.0719557,0.0,,,,Segment B: native,37.8927,55.9,8.68,sewage sludge|8.68|24.824|55.9
sewage sludge,8.68,24.8243,55.9,3.0,7.906643228,55.134,55.49007841,,,,,,,23.081,,2.7,0.2195571,0.58612,,,,Segment B: native,55.134,55.49007841,7.906643228,sewage sludge|8.68|24.824|55.9
sewage sludge,8.68,24.8243,55.9,7.0,7.400162573,65.0957,51.54416932,,,,,,,23.3648,,4.5333333,0.1937269,0.431876,,,,Segment B: native,65.0957,51.54416932,7.400162573,sewage sludge|8.68|24.824|55.9
sewage sludge,8.68,24.8243,55.9,10.0,7.181682241,60.0383,49.75655311,,,,,,,19.3108,,3.8222222,0.1678966,0.339332,,,,Segment B: native,60.0383,49.75655311,7.181682241,sewage sludge|8.68|24.824|55.9
sewage sludge,8.68,24.8243,55.9,14.0,7.371373056,54.2145,50.72275895,,,,,,,17.6891,,2.6555555,0.1162361,0.308482,,,,Segment B: native,54.2145,50.72275895,7.371373056,sewage sludge|8.68|24.824|55.9
sewage sludge,8.68,24.8243,55.9,21.0,7.484413507,44.1762,50.14101907,,,,,,,16.027,,2.2777777,0.0645756,0.18509,,,,Segment B: native,44.1762,50.14101907,7.484413507,sewage sludge|8.68|24.824|55.9
sewage sludge,8.68,24.8243,55.9,28.0,7.599132753,38.1992,52.17299228,,,,,,,15.0945,,1.9555555,0.1236162,0.246788,,,,Segment B: native,38.1992,52.17299228,7.599132753,sewage sludge|8.68|24.824|55.9
sewage sludge,8.68,24.8243,55.9,35.0,7.701425083,38.0459,52.36473812,,,,,,,14.3243,,1.3444444,0.400369,0.154242,,,,Segment B: native,38.0459,52.36473812,7.701425083,sewage sludge|8.68|24.824|55.9
sewage sludge,8.68,24.8243,55.9,42.0,7.733727481,38.1226,51.36835847,,,,,,,12.8648,,1.0888888,0.7656826,0.123392,,,,Segment B: native,38.1226,51.36835847,7.733727481,sewage sludge|8.68|24.824|55.9
sewage sludge,8.68,24.8243,55.9,49.0,7.773615967,34.2145,53.19260424,,,,,,,12.581,,0.8777777,,0.163933333,,,,Segment B: native,34.2145,53.19260424,7.773615967,sewage sludge|8.68|24.824|55.9
sewage sludge,8.68,24.8243,55.9,56.0,7.15,34.1379,52.40998965,,,,,,,12.3378,97.2,0.7222222,,2.131133333,,,,Segment B: native,34.1379,52.40998965,7.15,sewage sludge|8.68|24.824|55.9
pig manure,8.5438,35.0,60.0,1.0,8.5438,17.8961,60.0,,,,,,,35.0,11.95,,,0.163933333,0.0,,,Segment B: native,17.8961,60.0,8.5438,pig manure|8.544|35.0|60.0
pig manure,8.5438,35.0,60.0,3.0,8.0964,24.4415,58.1550209,,,,,,,,31.75,,,,,,,Segment B: native,24.4415,58.1550209,8.0964,pig manure|8.544|35.0|60.0
pig manure,8.5438,35.0,60.0,5.0,8.2149,42.2857,58.97424421,,,,,,,,32.16,,,,,,,Segment B: native,42.2857,58.97424421,8.2149,pig manure|8.544|35.0|60.0
pig manure,8.5438,35.0,60.0,7.0,8.1973,56.3896,62.35889064,,,,,,,,52.57,,,,0.168366667,,,Segment B: native,56.3896,62.35889064,8.1973,pig manure|8.544|35.0|60.0
pig manure,8.5438,35.0,60.0,9.0,8.1008,61.6883,60.67911661,,,,,,,,58.76,,,,0.0,,,Segment B: native,61.6883,60.67911661,8.1008,pig manure|8.544|35.0|60.0
pig manure,8.5438,35.0,60.0,12.0,8.0131,60.4415,60.16342006,,,,,,,,88.45,,,,0.0,,,Segment B: native,60.4415,60.16342006,8.0131,pig manure|8.544|35.0|60.0
pig manure,8.5438,35.0,60.0,16.0,7.989,42.1298,59.69470386,,,,,,,,101.44,,,,0.0,,,Segment B: native,42.1298,59.69470386,7.989,pig manure|8.544|35.0|60.0
pig manure,8.5438,35.0,60.0,25.0,7.9254,27.1688,55.44590418,,,,,,,,112.98,,,,0.0,,,Segment B: native,27.1688,55.44590418,7.9254,pig manure|8.544|35.0|60.0
pig manure,8.5438,35.0,60.0,36.0,8.0504,25.922,51.79365568,,,,,,,,112.78,,,,0.0,,,Segment B: native,25.922,51.79365568,8.0504,pig manure|8.544|35.0|60.0
pig manure,8.6184,35.0,60.0,1.0,8.6184,17.8961,60.0,,,,,,,35.0,14.63,,,,0.0,,,Segment B: native,17.8961,60.0,8.6184,pig manure|8.618|35.0|60.0
pig manure,8.6184,35.0,60.0,3.0,8.307,34.1038,57.7951556,,,,,,,,35.87,,,,,,,Segment B: native,34.1038,57.7951556,8.307,pig manure|8.618|35.0|60.0
pig manure,8.6184,35.0,60.0,5.0,8.4035,44.1558,58.84497847,,,,,,,,35.05,,,,,,,Segment B: native,44.1558,58.84497847,8.4035,pig manure|8.618|35.0|60.0
pig manure,8.6184,35.0,60.0,7.0,8.0153,56.0779,61.95077324,,,,,,,,65.15,,,,0.1274,,,Segment B: native,56.0779,61.95077324,8.0153,pig manure|8.618|35.0|60.0
pig manure,8.6184,35.0,60.0,9.0,7.8881,57.6363,60.59885704,,,,,,,,92.37,,,,0.0,,,Segment B: native,57.6363,60.59885704,7.8881,pig manure|8.618|35.0|60.0
pig manure,8.6184,35.0,60.0,12.0,7.7916,60.0519,59.83170128,,,,,,,,118.55,,,,0.0,,,Segment B: native,60.0519,59.83170128,7.7916,pig manure|8.618|35.0|60.0
pig manure,8.6184,35.0,60.0,16.0,7.7916,44.0,59.9633997,,,,,,,,123.29,,,,0.0,,,Segment B: native,44.0,59.9633997,7.7916,pig manure|8.618|35.0|60.0
pig manure,8.6184,35.0,60.0,25.0,7.9078,27.0909,56.59348182,,,,,,,,123.29,,,2.677566667,0.0,,,Segment B: native,27.0909,56.59348182,7.9078,pig manure|8.618|35.0|60.0
pig manure,8.6184,35.0,60.0,36.0,7.7938,27.4025,53.20247955,,,,,,,,137.73,,,1.387966667,0.0,,,Segment B: native,27.4025,53.20247955,7.7938,pig manure|8.618|35.0|60.0
pig manure,6.7596,17.15,64.06,0.0,6.7596,30.0,64.06,,,,,,,17.15,1.8518,3.9296,0.0700754,,,0.0,0.0,Segment B: native,30.0,64.06,6.7596,pig manure|6.76|17.15|64.06
pig manure,6.7596,17.15,64.06,3.0,7.5435,66.8617,62.00899545,,,,,,,,14.6296,4.3517,0.0093962,,,0.0010769,,Segment B: native,66.8617,62.00899545,7.5435,pig manure|6.76|17.15|64.06
pig manure,6.7596,17.15,64.06,7.0,7.9983,68.218,55.47970251,,,,,,,,32.2222,2.0603,0.0010188,,,0.0003967,0.2246,Segment B: native,68.218,55.47970251,7.9983,pig manure|6.76|17.15|64.06
pig manure,6.7596,17.15,64.06,14.0,7.2508,50.7446,46.46239334,,,,,,,,42.4074,0.8241,0.004415,,,8.9e-05,0.0,Segment B: native,50.7446,46.46239334,7.2508,pig manure|6.76|17.15|64.06
pig manure,6.7596,17.15,64.06,21.0,7.7104,30.4787,40.90286705,,,,,,,,52.2222,1.0804,,,,0.0,0.0,Segment B: native,30.4787,40.90286705,7.7104,pig manure|6.76|17.15|64.06
pig manure,6.7596,17.15,64.06,28.0,7.0475,33.6702,36.32308864,,,,,,,,55.3703,0.6884,,,,0.0,0.0,Segment B: native,33.6702,36.32308864,7.0475,pig manure|6.76|17.15|64.06
pig manure,6.7596,17.15,64.06,35.0,8.279,29.601,37.23048279,,,,,,,,72.4074,1.7587,0.0048679,,,0.0,0.0,Segment B: native,29.601,37.23048279,8.279,pig manure|6.76|17.15|64.06
pig manure,6.7596,17.15,64.06,49.0,8.1314,27.7659,29.46735682,,,,,,,,100.9259,,,,,0.0,0.0,Segment B: native,27.7659,29.46735682,8.1314,pig manure|6.76|17.15|64.06
pig manure,6.8443,30.55,64.06,0.0,6.8443,30.0,64.06,,,,,,,30.55,2.037,3.7336,0.0673584,,,0.0,0.0,Segment B: native,30.0,64.06,6.8443,pig manure|6.844|30.55|64.06
pig manure,6.8443,30.55,64.06,3.0,7.6524,64.7872,62.42319807,,,,,,,,12.5925,2.8291,0.0331698,,,0.0005587,0.6014,Segment B: native,64.7872,62.42319807,7.6524,pig manure|6.844|30.55|64.06
pig manure,6.8443,30.55,64.06,7.0,7.9669,70.1329,60.02872023,,,,,,,,47.4074,2.6783,0.0078113,,,0.0003481,0.3985,Segment B: native,70.1329,60.02872023,7.9669,pig manure|6.844|30.55|64.06
pig manure,6.8443,30.55,64.06,14.0,7.2967,56.8882,58.52097988,,,,,,,,68.3333,0.7336,0.0127924,,,0.0,0.0,Segment B: native,56.8882,58.52097988,7.2967,pig manure|6.844|30.55|64.06
pig manure,6.8443,30.55,64.06,21.0,7.4879,30.2393,69.43810548,,,,,,,,72.4074,0.7788,0.0023773,,,8.9e-05,0.0,Segment B: native,30.2393,69.43810548,7.4879,pig manure|6.844|30.55|64.06
pig manure,6.8443,30.55,64.06,28.0,7.1854,32.7925,68.58743502,,,,,,,,91.4814,0.7638,,,,0.0,0.0,Segment B: native,32.7925,68.58743502,7.1854,pig manure|6.844|30.55|64.06
pig manure,6.8443,30.55,64.06,35.0,8.025,30.9574,66.61396654,,,,,,,,98.7037,1.4422,0.0078113,,,0.0,0.0,Segment B: native,30.9574,66.61396654,8.025,pig manure|6.844|30.55|64.06
pig manure,6.8443,30.55,64.06,49.0,8.1483,27.7659,66.61780909,,,,,,,,139.074,,,,,0.0,0.0,Segment B: native,27.7659,66.61780909,8.1483,pig manure|6.844|30.55|64.06
pig manure,7.50064,25.0,70.0,1.0,7.50064,15.1763,70.0058,,,,,,,25.0,,,0.134986,,,,,Segment B: native,15.1763,70.0058,7.50064,pig manure|7.501|25.0|70.0
pig manure,7.50064,25.0,70.0,3.0,7.83108,49.8166,63.0356,,,,,,,,,,0.362236,,,,,Segment B: native,49.8166,63.0356,7.83108,pig manure|7.501|25.0|70.0
pig manure,7.50064,25.0,70.0,6.0,8.53324,58.4485,57.7744,,,,,,,,,,0.497004,,,,,Segment B: native,58.4485,57.7744,8.53324,pig manure|7.501|25.0|70.0
pig manure,7.50064,25.0,70.0,10.0,8.64969,69.2807,50.4089,,,,,,,,,,0.356668,,,,,Segment B: native,69.2807,50.4089,8.64969,pig manure|7.501|25.0|70.0
pig manure,7.50064,25.0,70.0,14.0,8.52458,66.9394,39.0107,,,,,,,,,,0.218207,,,,,Segment B: native,66.9394,39.0107,8.52458,pig manure|7.501|25.0|70.0
pig manure,7.50064,25.0,70.0,21.0,7.87573,51.3963,30.5919,,,,,,,,,,0.177663,,,,,Segment B: native,51.3963,30.5919,7.87573,pig manure|7.501|25.0|70.0
pig manure,7.50064,25.0,70.0,28.0,7.83952,32.3554,27.2357,,,,,,,,,,0.206836,,,,,Segment B: native,32.3554,27.2357,7.83952,pig manure|7.501|25.0|70.0
pig manure,7.50064,25.0,70.0,35.0,7.68379,19.5205,23.7041,,,,,,,,,,0.222629,,,,,Segment B: native,19.5205,23.7041,7.68379,pig manure|7.501|25.0|70.0
pig manure,7.50064,25.0,70.0,42.0,7.682,17.292,22.934,,,,,,,,,,0.224103,,,,,Segment B: native,17.292,22.934,7.682,pig manure|7.501|25.0|70.0
pig manure,7.50064,25.0,70.0,50.0,7.71464,11.9323,23.5003,,,,,,,,,,0.237794,,,,,Segment B: native,11.9323,23.5003,7.71464,pig manure|7.501|25.0|70.0
pig manure,7.72467,25.0,70.0,1.0,7.72467,16.5867,69.5018,,,,,,,25.0,,,0.108695,,,,,Segment B: native,16.5867,69.5018,7.72467,pig manure|7.725|25.0|70.0
pig manure,7.72467,25.0,70.0,3.0,8.01068,52.2708,62.5097,,,,,,,,,,0.498855,,,,,Segment B: native,52.2708,62.5097,8.01068,pig manure|7.725|25.0|70.0
pig manure,7.72467,25.0,70.0,6.0,8.66778,66.8547,55.8458,,,,,,,,,,0.455925,,,,,Segment B: native,66.8547,55.8458,8.66778,pig manure|7.725|25.0|70.0
pig manure,7.72467,25.0,70.0,10.0,8.72353,69.0268,45.697,,,,,,,,,,0.230376,,,,,Segment B: native,69.0268,45.697,8.72353,pig manure|7.725|25.0|70.0
pig manure,7.72467,25.0,70.0,14.0,8.42946,67.3061,39.8873,,,,,,,,,,0.19215,,,,,Segment B: native,67.3061,39.8873,8.42946,pig manure|7.725|25.0|70.0
pig manure,7.72467,25.0,70.0,21.0,8.15796,55.3173,29.1674,,,,,,,,,,0.117803,,,,,Segment B: native,55.3173,29.1674,8.15796,pig manure|7.725|25.0|70.0
pig manure,7.72467,25.0,70.0,28.0,7.69309,31.2271,25.7673,,,,,,,,,,0.144395,,,,,Segment B: native,31.2271,25.7673,7.69309,pig manure|7.725|25.0|70.0
pig manure,7.72467,25.0,70.0,35.0,7.87779,20.7898,21.7317,,,,,,,,,,0.174037,,,,,Segment B: native,20.7898,21.7317,7.87779,pig manure|7.725|25.0|70.0
pig manure,7.72467,25.0,70.0,42.0,7.81154,18.3639,19.3835,,,,,,,,,,0.198282,,,,,Segment B: native,18.3639,19.3835,7.81154,pig manure|7.725|25.0|70.0
pig manure,7.72467,25.0,70.0,50.0,7.83917,12.9478,18.1089,,,,,,,,,,0.210798,,,,,Segment B: native,12.9478,18.1089,7.83917,pig manure|7.725|25.0|70.0
pig manure,7.50064,25.0,70.0,1.0,7.50064,15.1763,70.0058,,,,,,,25.0,,,0.134986,,,,,Segment B: native,15.1763,70.0058,7.50064,pig manure|7.501|25.0|70.0
pig manure,7.50064,25.0,70.0,3.0,7.83108,49.8166,63.0356,,,,,,,,,,0.362236,,,,,Segment B: native,49.8166,63.0356,7.83108,pig manure|7.501|25.0|70.0
pig manure,7.50064,25.0,70.0,6.0,8.53324,58.4485,57.7744,,,,,,,,,,0.497004,,,,,Segment B: native,58.4485,57.7744,8.53324,pig manure|7.501|25.0|70.0
pig manure,7.50064,25.0,70.0,10.0,8.64969,69.2807,50.4089,,,,,,,,,,0.356668,,,,,Segment B: native,69.2807,50.4089,8.64969,pig manure|7.501|25.0|70.0
pig manure,7.50064,25.0,70.0,14.0,8.52458,66.9394,39.0107,,,,,,,,,,0.218207,,,,,Segment B: native,66.9394,39.0107,8.52458,pig manure|7.501|25.0|70.0
pig manure,7.50064,25.0,70.0,21.0,7.87573,51.3963,30.5919,,,,,,,,,,0.177663,,,,,Segment B: native,51.3963,30.5919,7.87573,pig manure|7.501|25.0|70.0
pig manure,7.50064,25.0,70.0,28.0,7.83952,32.3554,27.2357,,,,,,,,,,0.206836,,,,,Segment B: native,32.3554,27.2357,7.83952,pig manure|7.501|25.0|70.0
pig manure,7.50064,25.0,70.0,35.0,7.68379,19.5205,23.7041,,,,,,,,,,0.222629,,,,,Segment B: native,19.5205,23.7041,7.68379,pig manure|7.501|25.0|70.0
pig manure,7.50064,25.0,70.0,42.0,7.682,17.292,22.934,,,,,,,,,,0.224103,,,,,Segment B: native,17.292,22.934,7.682,pig manure|7.501|25.0|70.0
pig manure,7.50064,25.0,70.0,50.0,7.71464,11.9323,23.5003,,,,,,,,,,0.237794,,,,,Segment B: native,11.9323,23.5003,7.71464,pig manure|7.501|25.0|70.0
pig manure,7.85671,25.0,70.0,1.0,7.85671,14.33,68.2306,,,,,,,25.0,,,0.10799,,,,,Segment B: native,14.33,68.2306,7.85671,pig manure|7.857|25.0|70.0
pig manure,7.85671,25.0,70.0,3.0,8.17338,56.5021,60.2961,,,,,,,,,,0.607775,,,,,Segment B: native,56.5021,60.2961,8.17338,pig manure|7.857|25.0|70.0
pig manure,7.85671,25.0,70.0,6.0,8.73912,65.6135,55.5829,,,,,,,,,,0.496536,,,,,Segment B: native,65.6135,55.5829,8.73912,pig manure|7.857|25.0|70.0
pig manure,7.85671,25.0,70.0,10.0,8.8562,68.3498,44.8641,,,,,,,,,,0.213944,,,,,Segment B: native,68.3498,44.8641,8.8562,pig manure|7.857|25.0|70.0
pig manure,7.85671,25.0,70.0,14.0,8.73797,65.811,41.9256,,,,,,,,,,0.190976,,,,,Segment B: native,65.811,41.9256,8.73797,pig manure|7.857|25.0|70.0
pig manure,7.85671,25.0,70.0,21.0,8.38449,55.8533,24.1705,,,,,,,,,,0.106302,,,,,Segment B: native,55.8533,24.1705,8.38449,pig manure|7.857|25.0|70.0
pig manure,7.85671,25.0,70.0,28.0,7.82701,23.8646,24.5181,,,,,,,,,,0.142751,,,,,Segment B: native,23.8646,24.5181,7.82701,pig manure|7.857|25.0|70.0
pig manure,7.85671,25.0,70.0,35.0,7.87027,17.8279,24.2739,,,,,,,,,,0.15385,,,,,Segment B: native,17.8279,24.2739,7.87027,pig manure|7.857|25.0|70.0
pig manure,7.85671,25.0,70.0,42.0,7.81655,15.8533,20.2384,,,,,,,,,,0.164479,,,,,Segment B: native,15.8533,20.2384,7.81655,pig manure|7.857|25.0|70.0
pig manure,7.85671,25.0,70.0,50.0,7.83542,11.2835,18.6787,,,,,,,,,,0.208684,,,,,Segment B: native,11.2835,18.6787,7.83542,pig manure|7.857|25.0|70.0
food waste,4.39265,23.9,60.05,1.0,4.39265,14.4852,60.05,,,,,,,23.9,9.64716,,,,,,,Segment B: native,14.4852,60.05,4.39265,food waste|4.393|23.9|60.05
food waste,4.39265,23.9,60.05,3.0,5.30734,37.2283,58.52048699,,,,,,,,12.9548,,,,,,,Segment B: native,37.2283,58.52048699,5.30734,food waste|4.393|23.9|60.05
food waste,4.39265,23.9,60.05,7.0,6.04531,47.9165,57.32021609,,,,,,,,19.4462,,,,,,,Segment B: native,47.9165,57.32021609,6.04531,food waste|4.393|23.9|60.05
food waste,4.39265,23.9,60.05,14.0,5.75826,41.2071,53.95165419,,,,,,,,25.889,,,,,,,Segment B: native,41.2071,53.95165419,5.75826,food waste|4.393|23.9|60.05
food waste,4.39265,23.9,60.05,21.0,5.61612,35.0956,45.104429,,,,,,,,39.5192,,,,,,,Segment B: native,35.0956,45.104429,5.61612,food waste|4.393|23.9|60.05
food waste,4.39265,23.9,60.05,28.0,5.59593,30.9322,38.31862752,,,,,,,,54.5966,,,,,,,Segment B: native,30.9322,38.31862752,5.59593,food waste|4.393|23.9|60.05
food waste,4.39265,23.9,60.05,35.0,5.53861,27.4824,35.39841571,,,,,,,,69.5293,,,,,,,Segment B: native,27.4824,35.39841571,5.53861,food waste|4.393|23.9|60.05
food waste,4.39265,23.9,60.05,42.0,5.56259,16.9926,33.76759881,,,,,,,,82.6288,,,,,,,Segment B: native,16.9926,33.76759881,5.56259,food waste|4.393|23.9|60.05
food waste,4.44036,23.9,60.05,1.0,4.44036,16.4333,60.05,,,,,,,23.9,13.265,,,,,,,Segment B: native,16.4333,60.05,4.44036,food waste|4.44|23.9|60.05
food waste,4.44036,23.9,60.05,3.0,5.67317,42.5517,58.39515924,,,,,,,,14.3056,,,,,,,Segment B: native,42.5517,58.39515924,5.67317,food waste|4.44|23.9|60.05
food waste,4.44036,23.9,60.05,7.0,6.31748,51.5426,56.99276157,,,,,,,,17.806,,,,,,,Segment B: native,51.5426,56.99276157,6.31748,food waste|4.44|23.9|60.05
food waste,4.44036,23.9,60.05,14.0,6.18596,52.0468,53.46810981,,,,,,,,28.0114,,,,,,,Segment B: native,52.0468,53.46810981,6.18596,food waste|4.44|23.9|60.05
food waste,4.44036,23.9,60.05,21.0,6.24705,46.2247,45.06261764,,,,,,,,42.6546,,,,,,,Segment B: native,46.2247,45.06261764,6.24705,food waste|4.44|23.9|60.05
food waste,4.44036,23.9,60.05,28.0,6.241,44.3565,37.82626161,,,,,,,,60.0956,,,,,,,Segment B: native,44.3565,37.82626161,6.241,food waste|4.44|23.9|60.05
food waste,4.44036,23.9,60.05,35.0,6.29679,31.5329,34.77046457,,,,,,,,83.2764,,,,,,,Segment B: native,31.5329,34.77046457,6.29679,food waste|4.44|23.9|60.05
food waste,4.44036,23.9,60.05,42.0,6.27835,18.9407,33.23133164,,,,,,,,99.4149,,,,,,,Segment B: native,18.9407,33.23133164,6.27835,food waste|4.44|23.9|60.05
food waste,4.33609,23.9,60.05,1.0,4.33609,13.2893,60.05,,,,,,,23.9,14.133,,,,,,,Segment B: native,13.2893,60.05,4.33609,food waste|4.336|23.9|60.05
food waste,4.33609,23.9,60.05,3.0,6.06022,43.1304,58.44806286,,,,,,,,17.441,,,,,,,Segment B: native,43.1304,58.44806286,6.06022,food waste|4.336|23.9|60.05
food waste,4.33609,23.9,60.05,7.0,6.52603,52.372,56.85800323,,,,,,,,18.6743,,,,,,,Segment B: native,52.372,56.85800323,6.52603,food waste|4.336|23.9|60.05
food waste,4.33609,23.9,60.05,14.0,6.23721,46.0676,53.08111524,,,,,,,,31.0985,,,,,,,Segment B: native,46.0676,53.08111524,6.23721,food waste|4.336|23.9|60.05
food waste,4.33609,23.9,60.05,21.0,6.19227,43.2544,45.69743164,,,,,,,,45.3077,,,,,,,Segment B: native,43.2544,45.69743164,6.19227,food waste|4.336|23.9|60.05
food waste,4.33609,23.9,60.05,28.0,6.165,44.6651,38.02475706,,,,,,,,65.3049,,,,,,,Segment B: native,44.6651,38.02475706,6.165,food waste|4.336|23.9|60.05
food waste,4.33609,23.9,60.05,35.0,6.15718,30.1249,35.87209071,,,,,,,,91.139,,,,,,,Segment B: native,30.1249,35.87209071,6.15718,food waste|4.336|23.9|60.05
food waste,4.33609,23.9,60.05,42.0,6.20414,20.6766,34.24218959,,,,,,,,113.307,,,,,,,Segment B: native,20.6766,34.24218959,6.20414,food waste|4.336|23.9|60.05
food waste,4.42798,23.9,60.05,1.0,4.42798,16.1632,60.05,,,,,,,23.9,15.146,,,,,,,Segment B: native,16.1632,60.05,4.42798,food waste|4.428|23.9|60.05
food waste,4.42798,23.9,60.05,3.0,6.2175,42.7446,58.2525362,,,,,,,,18.9843,,,,,,,Segment B: native,42.7446,58.2525362,6.2175,food waste|4.428|23.9|60.05
food waste,4.42798,23.9,60.05,7.0,6.79643,52.9892,56.3287356,,,,,,,,20.7003,,,,,,,Segment B: native,52.9892,56.3287356,6.79643,food waste|4.428|23.9|60.05
food waste,4.42798,23.9,60.05,14.0,6.20363,43.1166,52.61566064,,,,,,,,34.2821,,,,,,,Segment B: native,43.1166,52.61566064,6.20363,food waste|4.428|23.9|60.05
food waste,4.42798,23.9,60.05,21.0,6.2488,38.336,45.62026005,,,,,,,,55.2927,,,,,,,Segment B: native,38.336,45.62026005,6.2488,food waste|4.428|23.9|60.05
food waste,4.42798,23.9,60.05,28.0,6.23922,37.2393,38.23307638,,,,,,,,82.6218,,,,,,,Segment B: native,37.2393,38.23307638,6.23922,food waste|4.428|23.9|60.05
food waste,4.42798,23.9,60.05,35.0,6.28795,32.9409,36.06450552,,,,,,,,103.005,,,,,,,Segment B: native,32.9409,36.06450552,6.28795,food waste|4.428|23.9|60.05
food waste,4.42798,23.9,60.05,42.0,6.25539,15.7775,34.35843167,,,,,,,,120.398,,,,,,,Segment B: native,15.7775,34.35843167,6.25539,food waste|4.428|23.9|60.05
food waste,4.49514,23.9,60.05,1.0,4.49514,15.0252,60.05,,,,,,,23.9,12.9754,,,,,,,Segment B: native,15.0252,60.05,4.49514,food waste|4.495|23.9|60.05
food waste,4.49514,23.9,60.05,3.0,6.30235,43.7283,58.32754762,,,,,,,,21.1551,,,,,,,Segment B: native,43.7283,58.32754762,6.30235,food waste|4.495|23.9|60.05
food waste,4.49514,23.9,60.05,7.0,6.96962,53.5485,56.22934355,,,,,,,,22.1475,,,,,,,Segment B: native,53.5485,56.22934355,6.96962,food waste|4.495|23.9|60.05
food waste,4.49514,23.9,60.05,14.0,6.17357,44.1581,52.68190383,,,,,,,,37.6587,,,,,,,Segment B: native,44.1581,52.68190383,6.17357,food waste|4.495|23.9|60.05
food waste,4.49514,23.9,60.05,21.0,6.15515,40.0333,46.29577369,,,,,,,,61.4183,,,,,,,Segment B: native,40.0333,46.29577369,6.15515,food waste|4.495|23.9|60.05
food waste,4.49514,23.9,60.05,28.0,6.19151,40.8654,39.25017979,,,,,,,,84.8408,,,,,,,Segment B: native,40.8654,39.25017979,6.19151,food waste|4.495|23.9|60.05
food waste,4.49514,23.9,60.05,35.0,6.22786,34.9854,36.23645211,,,,,,,,117.814,,,,,,,Segment B: native,34.9854,36.23645211,6.22786,food waste|4.495|23.9|60.05
food waste,4.49514,23.9,60.05,42.0,6.43566,20.8116,34.46066462,,,,,,,,134.29,,,,,,,Segment B: native,20.8116,34.46066462,6.43566,food waste|4.495|23.9|60.05
food waste,4.51813,23.9,60.05,1.0,4.51813,16.4911,60.05,,,,,,,23.9,16.0144,,,,,,,Segment B: native,16.4911,60.05,4.51813,food waste|4.518|23.9|60.05
food waste,4.51813,23.9,60.05,3.0,6.36243,44.8663,57.34304633,,,,,,,,18.5987,,,,,,,Segment B: native,44.8663,57.34304633,6.36243,food waste|4.518|23.9|60.05
food waste,4.51813,23.9,60.05,7.0,7.29481,54.4936,55.38625128,,,,,,,,21.7132,,,,,,,Segment B: native,54.4936,55.38625128,7.29481,food waste|4.518|23.9|60.05
food waste,4.51813,23.9,60.05,14.0,6.5288,51.1596,52.56620541,,,,,,,,42.3375,,,,,,,Segment B: native,51.1596,52.56620541,6.5288,food waste|4.518|23.9|60.05
food waste,4.51813,23.9,60.05,21.0,6.498,44.9131,46.37604869,,,,,,,,76.5648,,,,,,,Segment B: native,44.9131,46.37604869,6.498,food waste|4.518|23.9|60.05
food waste,4.51813,23.9,60.05,28.0,6.50786,44.6651,39.77167638,,,,,,,,98.2987,,,,,,,Segment B: native,44.6651,39.77167638,6.50786,food waste|4.518|23.9|60.05
food waste,4.51813,23.9,60.05,35.0,6.56012,37.2228,36.2569152,,,,,,,,123.602,,,,,,,Segment B: native,37.2228,36.2569152,6.56012,food waste|4.518|23.9|60.05
food waste,4.51813,23.9,60.05,42.0,6.33316,18.6128,34.49601408,,,,,,,,141.911,,,,,,,Segment B: native,18.6128,34.49601408,6.33316,food waste|4.518|23.9|60.05
sewage sludge,7.7,25.0,60.0,0.0,7.4,23.9073,52.2,,,,,,,25.0,,,,,,,,Segment B: native,23.9073,52.2,7.4,sewage sludge|7.7|25.0|60.0
sewage sludge,7.7,25.0,60.0,1.0,7.8,29.0801,51.9,,,,,,,,,,,,,,,Segment B: native,29.0801,51.9,7.8,sewage sludge|7.7|25.0|60.0
sewage sludge,7.7,25.0,60.0,3.0,7.8,41.4398,49.1,,,,,,,,,,,,,,,Segment B: native,41.4398,49.1,7.8,sewage sludge|7.7|25.0|60.0
sewage sludge,7.7,25.0,60.0,5.0,8.0,47.2063,46.5,,,,,,,,,,,,,,,Segment B: native,47.2063,46.5,8.0,sewage sludge|7.7|25.0|60.0
sewage sludge,7.7,25.0,60.0,7.0,8.1,54.0487,41.5,,,,,,,,,,,,,,,Segment B: native,54.0487,41.5,8.1,sewage sludge|7.7|25.0|60.0
sewage sludge,7.7,25.0,60.0,9.0,7.9,62.888,52.1,,,,,,,,,,,,,,,Segment B: native,62.888,52.1,7.9,sewage sludge|7.7|25.0|60.0
sewage sludge,7.7,25.0,60.0,11.0,7.9,58.3773,49.0,,,,,,,,,,,,,,,Segment B: native,58.3773,49.0,7.9,sewage sludge|7.7|25.0|60.0
sewage sludge,7.7,25.0,60.0,13.0,7.8,43.753,62.4,,,,,,,,,,,,,,,Segment B: native,43.753,62.4,7.8,sewage sludge|7.7|25.0|60.0
sewage sludge,7.7,25.0,60.0,15.0,8.2,37.1335,47.7,,,,,,,,,,,,,,,Segment B: native,37.1335,47.7,8.2,sewage sludge|7.7|25.0|60.0
sewage sludge,7.7,25.0,60.0,23.0,8.0,38.1647,48.2,,,,,,,,,,,,,,,Segment B: native,38.1647,48.2,8.0,sewage sludge|7.7|25.0|60.0
sewage sludge,7.7,25.0,60.0,31.0,8.3,38.0425,61.3,,,,,,,,,,,,,,,Segment B: native,38.0425,61.3,8.3,sewage sludge|7.7|25.0|60.0
sewage sludge,7.7,25.0,60.0,0.0,7.7,24.7336,47.8,,,,,,,25.0,,,,,,,,Segment B: native,24.7336,47.8,7.7,sewage sludge|7.7|25.0|60.0
sewage sludge,7.7,25.0,60.0,1.0,7.9,31.1114,48.6,,,,,,,,,,,,,,,Segment B: native,31.1114,48.6,7.9,sewage sludge|7.7|25.0|60.0
sewage sludge,7.7,25.0,60.0,3.0,8.1,46.7591,50.5,,,,,,,,,,,,,,,Segment B: native,46.7591,50.5,8.1,sewage sludge|7.7|25.0|60.0
sewage sludge,7.7,25.0,60.0,5.0,7.9,53.1539,46.8,,,,,,,,,,,,,,,Segment B: native,53.1539,46.8,7.9,sewage sludge|7.7|25.0|60.0
sewage sludge,7.7,25.0,60.0,7.0,8.2,63.3102,42.4,,,,,,,,,,,,,,,Segment B: native,63.3102,42.4,8.2,sewage sludge|7.7|25.0|60.0
sewage sludge,7.7,25.0,60.0,9.0,7.8,59.9271,46.8,,,,,,,,,,,,,,,Segment B: native,59.9271,46.8,7.8,sewage sludge|7.7|25.0|60.0
sewage sludge,7.7,25.0,60.0,11.0,8.1,52.0337,47.2,,,,,,,,,,,,,,,Segment B: native,52.0337,47.2,8.1,sewage sludge|7.7|25.0|60.0
sewage sludge,7.7,25.0,60.0,13.0,8.3,40.224,45.4,,,,,,,,,,,,,,,Segment B: native,40.224,45.4,8.3,sewage sludge|7.7|25.0|60.0
sewage sludge,7.7,25.0,60.0,15.0,8.5,37.2799,66.8,,,,,,,,,,,,,,,Segment B: native,37.2799,66.8,8.5,sewage sludge|7.7|25.0|60.0
sewage sludge,7.7,25.0,60.0,23.0,8.0,38.6209,52.0,,,,,,,,,,,,,,,Segment B: native,38.6209,52.0,8.0,sewage sludge|7.7|25.0|60.0
sewage sludge,7.7,25.0,60.0,31.0,8.3,36.6739,51.7,,,,,,,,,,,,,,,Segment B: native,36.6739,51.7,8.3,sewage sludge|7.7|25.0|60.0
pig manure,7.24707,27.5,57.5,1.0,7.24707,41.2939,57.5,,,,,,,27.5,,,,1.25313,,,,Segment B: native,41.2939,57.5,7.24707,pig manure|7.247|27.5|57.5
pig manure,7.24707,27.5,57.5,3.0,7.299412462,54.6039,57.64863623,,,,,,,,,,,1.76824,,,,Segment B: native,54.6039,57.64863623,7.299412462,pig manure|7.247|27.5|57.5
pig manure,7.24707,27.5,57.5,8.0,7.354746905,63.0487,56.11552346,,,,,,,,,,,1.2322,,,,Segment B: native,63.0487,56.11552346,7.354746905,pig manure|7.247|27.5|57.5
pig manure,7.24707,27.5,57.5,13.0,7.275505309,58.8135,60.43265682,,,,,,,,,,,1.0093,,,,Segment B: native,58.8135,60.43265682,7.275505309,pig manure|7.247|27.5|57.5
pig manure,7.24707,27.5,57.5,16.0,7.32883077,51.7183,60.35209924,,,,,,,,,,,0.863618,,,,Segment B: native,51.7183,60.35209924,7.32883077,pig manure|7.247|27.5|57.5
pig manure,7.24707,27.5,57.5,21.0,7.421315009,48.8703,58.95954487,,,,,,,,,,,0.794258,,,,Segment B: native,48.8703,58.95954487,7.421315009,pig manure|7.247|27.5|57.5
pig manure,7.24707,27.5,57.5,30.0,7.580935847,38.1788,56.75292152,,,,,,,,,,,0.901488,,,,Segment B: native,38.1788,56.75292152,7.580935847,pig manure|7.247|27.5|57.5
pig manure,7.24707,27.5,57.5,37.0,7.579314839,31.4912,46.52251304,,,,,,,,,,,1.16538,,,,Segment B: native,31.4912,46.52251304,7.579314839,pig manure|7.247|27.5|57.5
pig manure,7.24707,27.5,57.5,44.0,7.694945687,32.8079,43.84137481,,,,,,,,,,,0.332679,,,,Segment B: native,32.8079,43.84137481,7.694945687,pig manure|7.247|27.5|57.5
pig manure,7.24707,27.5,57.5,51.0,7.697335223,34.5054,43.81154633,,,,,,,,,,,0.659255,,,,Segment B: native,34.5054,43.81154633,7.697335223,pig manure|7.247|27.5|57.5
pig manure,7.24707,27.5,57.5,58.0,7.692132154,32.7089,39.31426864,,,,,,,,,,,0.512982,,,,Segment B: native,32.7089,39.31426864,7.692132154,pig manure|7.247|27.5|57.5
pig manure,7.24707,27.5,57.5,60.0,7.80654,32.3544,39.31426864,,,,,,,,,,,0.518387,,,,Segment B: native,32.3544,39.31426864,7.80654,pig manure|7.247|27.5|57.5
pig manure,6.52408,27.5,57.5,1.0,6.52408,43.9862,57.5,,,,,,,27.5,,,,,,,,Segment B: native,43.9862,57.5,6.52408,pig manure|6.524|27.5|57.5
pig manure,6.52408,27.5,57.5,3.0,6.463815105,54.2546,58.11484926,,,,,,,,,,,,,,,Segment B: native,54.2546,58.11484926,6.463815105,pig manure|6.524|27.5|57.5
pig manure,6.52408,27.5,57.5,8.0,6.970227218,66.9533,57.1338199,,,,,,,,,,,,,,,Segment B: native,66.9533,57.1338199,6.970227218,pig manure|6.524|27.5|57.5
pig manure,6.52408,27.5,57.5,13.0,7.301275261,63.3244,62.0825125,,,,,,,,,,,,,,,Segment B: native,63.3244,62.0825125,7.301275261,pig manure|6.524|27.5|57.5
pig manure,6.52408,27.5,57.5,16.0,7.388424046,56.219,62.19050191,,,,,,,,,,,,,,,Segment B: native,56.219,62.19050191,7.388424046,pig manure|6.524|27.5|57.5
pig manure,6.52408,27.5,57.5,21.0,7.628936894,51.5831,58.06908511,,,,,,,,,,,,,,,Segment B: native,51.5831,58.06908511,7.628936894,pig manure|6.524|27.5|57.5
pig manure,6.52408,27.5,57.5,30.0,7.765334,43.9535,51.68860293,,,,,,,,,,,2.48517,,,,Segment B: native,43.9535,51.68860293,7.765334,pig manure|6.524|27.5|57.5
pig manure,6.52408,27.5,57.5,37.0,7.73037699,33.5053,41.39949266,,,,,,,,,,,1.14546,,,,Segment B: native,33.5053,41.39949266,7.73037699,pig manure|6.524|27.5|57.5
pig manure,6.52408,27.5,57.5,44.0,7.791921813,32.3765,35.50186023,,,,,,,,,,,0.836827,,,,Segment B: native,32.3765,35.50186023,7.791921813,pig manure|6.524|27.5|57.5
pig manure,6.52408,27.5,57.5,51.0,7.770444313,32.3682,32.66290182,,,,,,,,,,,0.243383,,,,Segment B: native,32.3682,32.66290182,7.770444313,pig manure|6.524|27.5|57.5
pig manure,6.52408,27.5,57.5,58.0,7.749950336,30.2736,31.52886264,,,,,,,,,,,0.373403,,,,Segment B: native,30.2736,31.52886264,7.749950336,pig manure|6.524|27.5|57.5
pig manure,6.52408,27.5,57.5,60.0,7.76751,30.7309,31.52886264,,,,,,,,,,,0.361729,,,,Segment B: native,30.7309,31.52886264,7.76751,pig manure|6.524|27.5|57.5
pig manure,7.86825,22.6,60.0,0.0,7.86825,25.9928,60.0,,,,,,,22.26,,,,,,,,Segment B: native,25.9928,60.0,7.86825,pig manure|7.868|22.6|60.0
pig manure,7.86825,22.6,60.0,1.0,7.37916,53.8615,59.800325,,,,,,,13.94,,,,,,,,Segment B: native,53.8615,59.800325,7.37916,pig manure|7.868|22.6|60.0
pig manure,7.86825,22.6,60.0,7.0,8.06994,53.7003,57.68244,,,,,,,16.51,,,,,,,,Segment B: native,53.7003,57.68244,8.06994,pig manure|7.868|22.6|60.0
pig manure,7.86825,22.6,60.0,12.0,8.71226,40.4744,54.92703339,,,,,,,9.0,,,,,,,,Segment B: native,40.4744,54.92703339,8.71226,pig manure|7.868|22.6|60.0
pig manure,7.86825,22.6,60.0,35.0,8.51056,25.9104,48.46399657,,,,,,,11.41,,,,,,,,Segment B: native,25.9104,48.46399657,8.51056,pig manure|7.868|22.6|60.0
pig manure,7.87344,22.6,60.0,0.0,7.87344,26.6191,60.0,,,,,,,22.26,,,,,,,,Segment B: native,26.6191,60.0,7.87344,pig manure|7.873|22.6|60.0
pig manure,7.87344,22.6,60.0,1.0,7.74879,57.1926,59.800325,,,,,,,17.78,,,,,,,,Segment B: native,57.1926,59.800325,7.74879,pig manure|7.873|22.6|60.0
pig manure,7.87344,22.6,60.0,7.0,8.24827,52.476,57.67426462,,,,,,,14.93,,,,,,,,Segment B: native,52.476,57.67426462,8.24827,pig manure|7.873|22.6|60.0
pig manure,7.87344,22.6,60.0,12.0,8.81094,44.2608,55.42563081,,,,,,,10.17,,,,,,,,Segment B: native,44.2608,55.42563081,8.81094,pig manure|7.873|22.6|60.0
pig manure,7.87344,22.6,60.0,35.0,8.97801,26.6222,46.04207072,,,,,,,10.84,,,,,,,,Segment B: native,26.6222,46.04207072,8.97801,pig manure|7.873|22.6|60.0
pig manure,7.86825,22.6,60.0,0.0,7.86825,25.9928,60.0,,,,,,,22.26,,,,,,,,Segment B: native,25.9928,60.0,7.86825,pig manure|7.868|22.6|60.0
pig manure,7.86825,22.6,60.0,1.0,7.37916,53.8615,59.800325,,,,,,,13.94,,,,,,,,Segment B: native,53.8615,59.800325,7.37916,pig manure|7.868|22.6|60.0
pig manure,7.86825,22.6,60.0,7.0,8.06994,53.7003,57.68244,,,,,,,16.51,,,,,,,,Segment B: native,53.7003,57.68244,8.06994,pig manure|7.868|22.6|60.0
pig manure,7.86825,22.6,60.0,12.0,8.71226,40.4744,54.92703339,,,,,,,9.0,,,,,,,,Segment B: native,40.4744,54.92703339,8.71226,pig manure|7.868|22.6|60.0
pig manure,7.86825,22.6,60.0,35.0,8.51056,25.9104,48.46399657,,,,,,,11.41,,,,,,,,Segment B: native,25.9104,48.46399657,8.51056,pig manure|7.868|22.6|60.0
pig manure,7.86825,22.6,60.0,0.0,7.86825,26.2205,60.0,,,,,,,22.26,,,,,,,,Segment B: native,26.2205,60.0,7.86825,pig manure|7.868|22.6|60.0
pig manure,7.86825,22.6,60.0,1.0,7.38175,55.3422,59.800325,,,,,,,18.37,,,,,,,,Segment B: native,55.3422,59.800325,7.38175,pig manure|7.868|22.6|60.0
pig manure,7.86825,22.6,60.0,7.0,8.18075,56.1487,57.54868849,,,,,,,10.77,,,,,,,,Segment B: native,56.1487,57.54868849,8.18075,pig manure|7.868|22.6|60.0
pig manure,7.86825,22.6,60.0,12.0,8.73217,42.5812,53.8333694,,,,,,,12.51,,,,,,,,Segment B: native,42.5812,53.8333694,8.73217,pig manure|7.868|22.6|60.0
pig manure,7.86825,22.6,60.0,35.0,8.68369,27.0776,46.04207072,,,,,,,9.31,,,,,,,,Segment B: native,27.0776,46.04207072,8.68369,pig manure|7.868|22.6|60.0
sewage sludge,5.81549,30.0,61.8069,0.0,5.81549,39.2351,61.8069,,,,,,,30.0,,,0.0462175,,9.96e-05,0.00011944,0.000116291,Segment B: native,39.2351,61.8069,5.81549,sewage sludge|5.815|30.0|61.807
sewage sludge,5.81549,30.0,61.8069,3.0,8.21163,54.202,64.6736,,,,,,,,,,0.0462175,,0.040296,0.00037866,0.013877316,Segment B: native,54.202,64.6736,8.21163,sewage sludge|5.815|30.0|61.807
sewage sludge,5.81549,30.0,61.8069,7.0,8.82977,59.5528,65.8058,,,,,,,,,,0.049623,,0.020913947,0.000277673,0.010497105,Segment B: native,59.5528,65.8058,8.82977,sewage sludge|5.815|30.0|61.807
sewage sludge,5.81549,30.0,61.8069,14.0,8.77038,53.9436,68.9313,,,,,,,,,,0.0656775,,0.0026807,0.000328664,0.041799368,Segment B: native,53.9436,68.9313,8.77038,sewage sludge|5.815|30.0|61.807
sewage sludge,5.81549,30.0,61.8069,28.0,9.07493,31.8443,72.7563,,,,,,,,,,0.0812454,,0.000591979,0.000323878,0.014483263,Segment B: native,31.8443,72.7563,9.07493,sewage sludge|5.815|30.0|61.807
sewage sludge,5.81549,30.0,61.8069,42.0,8.49912,29.6769,75.3835,,,,,,,,,,0.0865969,,0.000502192,0.000408595,0.001904779,Segment B: native,29.6769,75.3835,8.49912,sewage sludge|5.815|30.0|61.807
sewage sludge,5.81549,30.0,61.8069,60.0,7.68739,30.6997,76.0461,,,,,,,,,,0.169302,,0.000152787,0.055067368,4.5e-05,Segment B: native,30.6997,76.0461,7.68739,sewage sludge|5.815|30.0|61.807
sewage sludge,5.81549,30.0,61.8069,80.0,6.6153,26.0575,75.5779,,,,,,,,,,0.138652,,0.000132253,0.000780763,8.27e-05,Segment B: native,26.0575,75.5779,6.6153,sewage sludge|5.815|30.0|61.807
sewage sludge,6.88717,30.0,59.7561,0.0,6.88717,37.853,59.7561,,,,,,,30.0,,,0.041839,,8.31e-05,0.000119677,0.000116335,Segment B: native,37.853,59.7561,6.88717,sewage sludge|6.887|30.0|59.756
sewage sludge,6.88717,30.0,59.7561,3.0,8.59427,58.6983,60.9841,,,,,,,,,,0.044758,,0.009048053,0.000378389,0.003996316,Segment B: native,58.6983,60.9841,8.59427,sewage sludge|6.887|30.0|59.756
sewage sludge,6.88717,30.0,59.7561,7.0,8.67298,57.8983,62.768,,,,,,,,,,0.049623,,0.023470105,0.000295715,0.010295421,Segment B: native,57.8983,62.768,8.67298,sewage sludge|6.887|30.0|59.756
sewage sludge,6.88717,30.0,59.7561,14.0,8.69845,52.3475,65.3664,,,,,,,,,,0.0637315,,0.001468126,0.000311094,0.043395789,Segment B: native,52.3475,65.3664,8.69845,sewage sludge|6.887|30.0|59.756
sewage sludge,6.88717,30.0,59.7561,28.0,9.14398,30.9489,71.0218,,,,,,,,,,0.0792994,,0.000591942,0.00021667,0.011828211,Segment B: native,30.9489,71.0218,9.14398,sewage sludge|6.887|30.0|59.756
sewage sludge,6.88717,30.0,59.7561,42.0,8.58975,29.9883,72.2114,,,,,,,,,,0.0831914,,0.000485861,0.000426232,0.001719937,Segment B: native,29.9883,72.2114,8.58975,sewage sludge|6.887|30.0|59.756
sewage sludge,6.88717,30.0,59.7561,60.0,7.53492,30.038,73.7749,,,,,,,,,,,,0.000152745,0.030258632,7.87e-05,Segment B: native,30.038,73.7749,7.53492,sewage sludge|6.887|30.0|59.756
sewage sludge,6.88717,30.0,59.7561,80.0,6.92026,25.9797,71.7733,,,,,,,,,,,,0.000115915,0.000655679,0.000116394,Segment B: native,25.9797,71.7733,6.92026,sewage sludge|6.887|30.0|59.756
sewage sludge,5.81549,30.0,61.8069,0.0,5.81549,39.2351,61.8069,,,,,,,30.0,,,0.0462175,,9.96e-05,0.00011944,0.000116291,Segment B: native,39.2351,61.8069,5.81549,sewage sludge|5.815|30.0|61.807
sewage sludge,5.81549,30.0,61.8069,3.0,8.21163,54.202,64.6736,,,,,,,,,,0.0462175,,0.040296,0.00037866,0.013877316,Segment B: native,54.202,64.6736,8.21163,sewage sludge|5.815|30.0|61.807
sewage sludge,5.81549,30.0,61.8069,7.0,8.82977,59.5528,65.8058,,,,,,,,,,0.049623,,0.020913947,0.000277673,0.010497105,Segment B: native,59.5528,65.8058,8.82977,sewage sludge|5.815|30.0|61.807
sewage sludge,5.81549,30.0,61.8069,14.0,8.77038,53.9436,68.9313,,,,,,,,,,0.0656775,,0.0026807,0.000328664,0.041799368,Segment B: native,53.9436,68.9313,8.77038,sewage sludge|5.815|30.0|61.807
sewage sludge,5.81549,30.0,61.8069,28.0,9.07493,31.8443,72.7563,,,,,,,,,,0.0812454,,0.000591979,0.000323878,0.014483263,Segment B: native,31.8443,72.7563,9.07493,sewage sludge|5.815|30.0|61.807
sewage sludge,5.81549,30.0,61.8069,42.0,8.49912,29.6769,75.3835,,,,,,,,,,0.0865969,,0.000502192,0.000408595,0.001904779,Segment B: native,29.6769,75.3835,8.49912,sewage sludge|5.815|30.0|61.807
sewage sludge,5.81549,30.0,61.8069,60.0,7.68739,30.6997,76.0461,,,,,,,,,,0.169302,,0.000152787,0.055067368,4.5e-05,Segment B: native,30.6997,76.0461,7.68739,sewage sludge|5.815|30.0|61.807
sewage sludge,5.81549,30.0,61.8069,80.0,6.6153,26.0575,75.5779,,,,,,,,,,0.138652,,0.000132253,0.000780763,8.27e-05,Segment B: native,26.0575,75.5779,6.6153,sewage sludge|5.815|30.0|61.807
sewage sludge,6.44555,30.0,59.8232,0.0,6.44555,36.5489,59.8232,,,,,,,30.0,,,0.043785,,8.32e-05,0.000119271,0.000116386,Segment B: native,36.5489,59.8232,6.44555,sewage sludge|6.446|30.0|59.823
sewage sludge,6.44555,30.0,59.8232,3.0,8.577,59.1266,61.0704,,,,,,,,,,0.0413525,,0.013636105,0.000396027,0.007878105,Segment B: native,59.1266,61.0704,8.577,sewage sludge|6.446|30.0|59.823
sewage sludge,6.44555,30.0,59.8232,7.0,8.73339,59.8059,62.9213,,,,,,,,,,0.052542,,0.042084526,0.000277436,0.023386105,Segment B: native,59.8059,62.9213,8.73339,sewage sludge|6.446|30.0|59.823
sewage sludge,6.44555,30.0,59.8232,14.0,8.61071,56.7465,65.2513,,,,,,,,,,0.062272,,0.001386295,0.000310587,0.019785474,Segment B: native,56.7465,65.2513,8.61071,sewage sludge|6.446|30.0|59.823
sewage sludge,6.44555,30.0,59.8232,28.0,9.17131,31.9026,70.8205,,,,,,,,,,0.0827049,,0.000608411,0.000234274,0.015340368,Segment B: native,31.9026,70.8205,9.17131,sewage sludge|6.446|30.0|59.823
sewage sludge,6.44555,30.0,59.8232,42.0,8.46748,33.784,73.3614,,,,,,,,,,0.0724884,,0.000420262,0.000283345,0.002627416,Segment B: native,33.784,73.3614,8.46748,sewage sludge|6.446|30.0|59.823
sewage sludge,6.44555,30.0,59.8232,60.0,7.59389,31.6925,73.4586,,,,,,,,,,,,0.000152843,0.040124789,0.000145836,Segment B: native,31.6925,73.4586,7.59389,sewage sludge|6.446|30.0|59.823
sewage sludge,6.44555,30.0,59.8232,80.0,7.00801,26.0768,72.5975,,,,,,,,,,,,0.00013235,0.000708995,0.000200402,Segment B: native,26.0768,72.5975,7.00801,sewage sludge|6.446|30.0|59.823
sewage sludge,5.81549,30.0,61.8069,0.0,5.81549,39.2351,61.8069,,,,,,,30.0,,,0.0462175,,9.96e-05,0.00011944,0.000116291,Segment B: native,39.2351,61.8069,5.81549,sewage sludge|5.815|30.0|61.807
sewage sludge,5.81549,30.0,61.8069,3.0,8.21163,54.202,64.6736,,,,,,,,,,0.0462175,,0.040296,0.00037866,0.013877316,Segment B: native,54.202,64.6736,8.21163,sewage sludge|5.815|30.0|61.807
sewage sludge,5.81549,30.0,61.8069,7.0,8.82977,59.5528,65.8058,,,,,,,,,,0.049623,,0.020913947,0.000277673,0.010497105,Segment B: native,59.5528,65.8058,8.82977,sewage sludge|5.815|30.0|61.807
sewage sludge,5.81549,30.0,61.8069,14.0,8.77038,53.9436,68.9313,,,,,,,,,,0.0656775,,0.0026807,0.000328664,0.041799368,Segment B: native,53.9436,68.9313,8.77038,sewage sludge|5.815|30.0|61.807
sewage sludge,5.81549,30.0,61.8069,28.0,9.07493,31.8443,72.7563,,,,,,,,,,0.0812454,,0.000591979,0.000323878,0.014483263,Segment B: native,31.8443,72.7563,9.07493,sewage sludge|5.815|30.0|61.807
sewage sludge,5.81549,30.0,61.8069,42.0,8.49912,29.6769,75.3835,,,,,,,,,,0.0865969,,0.000502192,0.000408595,0.001904779,Segment B: native,29.6769,75.3835,8.49912,sewage sludge|5.815|30.0|61.807
sewage sludge,5.81549,30.0,61.8069,60.0,7.68739,30.6997,76.0461,,,,,,,,,,0.169302,,0.000152787,0.055067368,4.5e-05,Segment B: native,30.6997,76.0461,7.68739,sewage sludge|5.815|30.0|61.807
sewage sludge,5.81549,30.0,61.8069,80.0,6.6153,26.0575,75.5779,,,,,,,,,,0.138652,,0.000132253,0.000780763,8.27e-05,Segment B: native,26.0575,75.5779,6.6153,sewage sludge|5.815|30.0|61.807
sewage sludge,6.52323,30.0,58.4624,0.0,6.52323,35.2059,58.4624,,,,,,,30.0,,,0.044758,,0.000197852,0.000136908,0.000217125,Segment B: native,35.2059,58.4624,6.52323,sewage sludge|6.523|30.0|58.462
sewage sludge,6.52323,30.0,58.4624,3.0,8.63742,59.8467,62.8432,,,,,,,,,,0.0471905,,0.004689484,0.000253376,0.010331684,Segment B: native,59.8467,62.8432,8.63742,sewage sludge|6.523|30.0|58.462
sewage sludge,6.52323,30.0,58.4624,7.0,8.87293,59.0467,62.6434,,,,,,,,,,0.0462175,,0.012639053,0.000384813,0.017420526,Segment B: native,59.0467,62.6434,8.87293,sewage sludge|6.523|30.0|58.462
sewage sludge,6.52323,30.0,58.4624,14.0,8.88258,55.3061,62.4818,,,,,,,,,,0.0588665,,0.002451289,0.000185743,0.026087263,Segment B: native,55.3061,62.4818,8.88258,sewage sludge|6.523|30.0|58.462
sewage sludge,6.52323,30.0,58.4624,28.0,9.07062,31.4744,69.2106,,,,,,,,,,0.0788129,,0.000477287,0.000323607,0.006954947,Segment B: native,31.4744,69.2106,9.07062,sewage sludge|6.523|30.0|58.462
sewage sludge,6.52323,30.0,58.4624,42.0,8.60557,29.4239,69.5282,,,,,,,,,,0.0773534,,0.00035476,0.000265775,0.001787211,Segment B: native,29.4239,69.5282,8.60557,sewage sludge|6.523|30.0|58.462
sewage sludge,6.52323,30.0,58.4624,60.0,7.97222,30.8941,71.0533,,,,,,,,,,0.937971,,0.000234766,0.029776,0.000112162,Segment B: native,30.8941,71.0533,7.97222,sewage sludge|6.523|30.0|58.462
sewage sludge,6.52323,30.0,58.4624,80.0,7.2727,25.8823,70.4796,,,,,,,,,,,,0.000132392,0.000601889,0.000200357,Segment B: native,25.8823,70.4796,7.2727,sewage sludge|6.523|30.0|58.462
pig manure,8.10081,20.0,63.8633,0.0,8.10081,25.7342,63.8633,,,,,,,20.0,,,,,,,,Segment B: native,25.7342,63.8633,8.10081,pig manure|8.101|20.0|63.863
pig manure,8.10081,20.0,63.8633,3.0,7.81669,62.9272,58.5286,,,,,,,,,,,,,,,Segment B: native,62.9272,58.5286,7.81669,pig manure|8.101|20.0|63.863
pig manure,8.10081,20.0,63.8633,5.0,7.90935,62.6685,56.8828,,,,,,,,,,,,,,,Segment B: native,62.6685,56.8828,7.90935,pig manure|8.101|20.0|63.863
pig manure,8.10081,20.0,63.8633,8.0,7.63472,43.7427,54.4979,,,,,,,,,,,,,,,Segment B: native,43.7427,54.4979,7.63472,pig manure|8.101|20.0|63.863
pig manure,8.10081,20.0,63.8633,15.0,8.32744,45.9103,55.9623,,,,,,,,,,,,,,,Segment B: native,45.9103,55.9623,8.32744,pig manure|8.101|20.0|63.863
pig manure,8.10081,20.0,63.8633,22.0,8.02573,31.9945,54.9024,,,,,,,,,,,,,,,Segment B: native,31.9945,54.9024,8.02573,pig manure|8.101|20.0|63.863
pig manure,8.10081,20.0,63.8633,30.0,8.05336,20.0407,57.8591,,,,,,,,,,,,,,,Segment B: native,20.0407,57.8591,8.05336,pig manure|8.101|20.0|63.863
pig manure,7.74608,20.0,63.682,0.0,7.74608,25.4624,63.682,,,,,,,20.0,,,,,,,,Segment B: native,25.4624,63.682,7.74608,pig manure|7.746|20.0|63.682
pig manure,7.74608,20.0,63.682,3.0,7.49936,63.6975,55.8926,,,,,,,,,,,,,,,Segment B: native,63.6975,55.8926,7.49936,pig manure|7.746|20.0|63.682
pig manure,7.74608,20.0,63.682,5.0,7.43991,64.1485,54.5467,,,,,,,,,,,,,,,Segment B: native,64.1485,54.5467,7.43991,pig manure|7.746|20.0|63.682
pig manure,7.74608,20.0,63.682,8.0,7.52615,59.9622,52.5523,,,,,,,,,,,,,,,Segment B: native,59.9622,52.5523,7.52615,pig manure|7.746|20.0|63.682
pig manure,7.74608,20.0,63.682,15.0,8.10193,50.1088,44.8605,,,,,,,,,,,,,,,Segment B: native,50.1088,44.8605,8.10193,pig manure|7.746|20.0|63.682
pig manure,7.74608,20.0,63.682,22.0,8.14016,28.0831,41.8619,,,,,,,,,,,,,,,Segment B: native,28.0831,41.8619,8.14016,pig manure|7.746|20.0|63.682
pig manure,7.74608,20.0,63.682,30.0,8.00731,19.0592,40.2162,,,,,,,,,,,,,,,Segment B: native,19.0592,40.2162,8.00731,pig manure|7.746|20.0|63.682
pig manure,8.10081,20.0,63.8633,0.0,8.10081,25.7342,63.8633,,,,,,,20.0,,,,,,,,Segment B: native,25.7342,63.8633,8.10081,pig manure|8.101|20.0|63.863
pig manure,8.10081,20.0,63.8633,3.0,7.81669,62.9272,58.5286,,,,,,,,,,,,,,,Segment B: native,62.9272,58.5286,7.81669,pig manure|8.101|20.0|63.863
pig manure,8.10081,20.0,63.8633,5.0,7.90935,62.6685,56.8828,,,,,,,,,,,,,,,Segment B: native,62.6685,56.8828,7.90935,pig manure|8.101|20.0|63.863
pig manure,8.10081,20.0,63.8633,8.0,7.63472,43.7427,54.4979,,,,,,,,,,,,,,,Segment B: native,43.7427,54.4979,7.63472,pig manure|8.101|20.0|63.863
pig manure,8.10081,20.0,63.8633,15.0,8.32744,45.9103,55.9623,,,,,,,,,,,,,,,Segment B: native,45.9103,55.9623,8.32744,pig manure|8.101|20.0|63.863
pig manure,8.10081,20.0,63.8633,22.0,8.02573,31.9945,54.9024,,,,,,,,,,,,,,,Segment B: native,31.9945,54.9024,8.02573,pig manure|8.101|20.0|63.863
pig manure,8.10081,20.0,63.8633,30.0,8.05336,20.0407,57.8591,,,,,,,,,,,,,,,Segment B: native,20.0407,57.8591,8.05336,pig manure|8.101|20.0|63.863
pig manure,7.85325,20.0,61.2343,0.0,7.85325,29.4795,61.2343,,,,,,,20.0,,,,,,,,Segment B: native,29.4795,61.2343,7.85325,pig manure|7.853|20.0|61.234
pig manure,7.85325,20.0,61.2343,3.0,7.61658,65.3285,52.1827,,,,,,,,,,,,,,,Segment B: native,65.3285,52.1827,7.61658,pig manure|7.853|20.0|61.234
pig manure,7.85325,20.0,61.2343,5.0,7.60988,64.6318,53.0893,,,,,,,,,,,,,,,Segment B: native,64.6318,53.0893,7.60988,pig manure|7.853|20.0|61.234
pig manure,7.85325,20.0,61.2343,8.0,7.56132,48.3035,54.3584,,,,,,,,,,,,,,,Segment B: native,48.3035,54.3584,7.56132,pig manure|7.853|20.0|61.234
pig manure,7.85325,20.0,61.2343,15.0,8.32297,43.2676,48.2845,,,,,,,,,,,,,,,Segment B: native,43.2676,48.2845,8.32297,pig manure|7.853|20.0|61.234
pig manure,7.85325,20.0,61.2343,22.0,7.91214,24.0659,48.5286,,,,,,,,,,,,,,,Segment B: native,24.0659,48.5286,7.91214,pig manure|7.853|20.0|61.234
pig manure,7.85325,20.0,61.2343,30.0,7.88339,20.9922,47.3082,,,,,,,,,,,,,,,Segment B: native,20.9922,47.3082,7.88339,pig manure|7.853|20.0|61.234
pig manure,8.10081,20.0,63.8633,0.0,8.10081,25.7342,63.8633,,,,,,,20.0,,,,,,,,Segment B: native,25.7342,63.8633,8.10081,pig manure|8.101|20.0|63.863
pig manure,8.10081,20.0,63.8633,3.0,7.81669,62.9272,58.5286,,,,,,,,,,,,,,,Segment B: native,62.9272,58.5286,7.81669,pig manure|8.101|20.0|63.863
pig manure,8.10081,20.0,63.8633,5.0,7.90935,62.6685,56.8828,,,,,,,,,,,,,,,Segment B: native,62.6685,56.8828,7.90935,pig manure|8.101|20.0|63.863
pig manure,8.10081,20.0,63.8633,8.0,7.63472,43.7427,54.4979,,,,,,,,,,,,,,,Segment B: native,43.7427,54.4979,7.63472,pig manure|8.101|20.0|63.863
pig manure,8.10081,20.0,63.8633,15.0,8.32744,45.9103,55.9623,,,,,,,,,,,,,,,Segment B: native,45.9103,55.9623,8.32744,pig manure|8.101|20.0|63.863
pig manure,8.10081,20.0,63.8633,22.0,8.02573,31.9945,54.9024,,,,,,,,,,,,,,,Segment B: native,31.9945,54.9024,8.02573,pig manure|8.101|20.0|63.863
pig manure,8.10081,20.0,63.8633,30.0,8.05336,20.0407,57.8591,,,,,,,,,,,,,,,Segment B: native,20.0407,57.8591,8.05336,pig manure|8.101|20.0|63.863
pig manure,7.8432,20.0,61.4714,0.0,7.8432,22.5779,61.4714,,,,,,,20.0,,,,,,,,Segment B: native,22.5779,61.4714,7.8432,pig manure|7.843|20.0|61.471
pig manure,7.8432,20.0,61.4714,3.0,7.58141,64.9811,56.325,,,,,,,,,,,,,,,Segment B: native,64.9811,56.325,7.58141,pig manure|7.843|20.0|61.471
pig manure,7.8432,20.0,61.4714,5.0,7.60765,67.9995,55.3278,,,,,,,,,,,,,,,Segment B: native,67.9995,55.3278,7.60765,pig manure|7.843|20.0|61.471
pig manure,7.8432,20.0,61.4714,8.0,7.49852,61.3516,53.7587,,,,,,,,,,,,,,,Segment B: native,61.3516,53.7587,7.49852,pig manure|7.843|20.0|61.471
pig manure,7.8432,20.0,61.4714,15.0,8.24985,49.0667,51.8898,,,,,,,,,,,,,,,Segment B: native,49.0667,51.8898,8.24985,pig manure|7.843|20.0|61.471
pig manure,7.8432,20.0,61.4714,22.0,8.06592,40.1193,48.7378,,,,,,,,,,,,,,,Segment B: native,40.1193,48.7378,8.06592,pig manure|7.843|20.0|61.471
pig manure,7.8432,20.0,61.4714,30.0,7.83985,22.9554,47.9916,,,,,,,,,,,,,,,Segment B: native,22.9554,47.9916,7.83985,pig manure|7.843|20.0|61.471
pig manure,6.81234,27.5,63.5633,0.0,6.81234,33.4651,63.5633,,,,,,,27.5,,,,,,,,Segment B: native,33.4651,63.5633,6.81234,pig manure|6.812|27.5|63.563
pig manure,6.81234,27.5,63.5633,3.0,7.45208,55.1077,61.4828,,,,,,,,,,,,,,,Segment B: native,55.1077,61.4828,7.45208,pig manure|6.812|27.5|63.563
pig manure,6.81234,27.5,63.5633,6.0,8.90065,62.1758,58.1132,,,,,,,,,,,,,,,Segment B: native,62.1758,58.1132,8.90065,pig manure|6.812|27.5|63.563
pig manure,6.81234,27.5,63.5633,10.0,8.7563,61.0654,48.2987,,,,,,,,,,,,,,,Segment B: native,61.0654,48.2987,8.7563,pig manure|6.812|27.5|63.563
pig manure,6.81234,27.5,63.5633,14.0,9.02076,55.7369,57.0277,,,,,,,,,,,,,,,Segment B: native,55.7369,57.0277,9.02076,pig manure|6.812|27.5|63.563
pig manure,6.81234,27.5,63.5633,21.0,9.15669,54.863,64.0068,,,,,,,,,,,,,,,Segment B: native,54.863,64.0068,9.15669,pig manure|6.812|27.5|63.563
pig manure,6.81234,27.5,63.5633,28.0,9.05473,46.5433,48.3438,,,,,,,,,,,,,,,Segment B: native,46.5433,48.3438,9.05473,pig manure|6.812|27.5|63.563
pig manure,6.81234,27.5,63.5633,35.0,8.94573,39.3129,25.3757,,,,,,,,,,,,,,,Segment B: native,39.3129,25.3757,8.94573,pig manure|6.812|27.5|63.563
pig manure,6.81234,27.5,63.5633,42.0,8.86844,32.8547,18.0754,,,,,,,,,,,,,,,Segment B: native,32.8547,18.0754,8.86844,pig manure|6.812|27.5|63.563
pig manure,6.81234,27.5,63.5633,52.0,8.79127,24.2174,16.5946,,,,,,,,,,,,,,,Segment B: native,24.2174,16.5946,8.79127,pig manure|6.812|27.5|63.563
pig manure,6.79296,27.5,59.597,0.0,6.79296,28.0194,59.597,,,,,,,27.5,,,,,,,,Segment B: native,28.0194,59.597,6.79296,pig manure|6.793|27.5|59.597
pig manure,6.79296,27.5,59.597,3.0,7.19481,55.1078,55.4339,,,,,,,,,,,,,,,Segment B: native,55.1078,55.4339,7.19481,pig manure|6.793|27.5|59.597
pig manure,6.79296,27.5,59.597,6.0,9.09449,61.4827,48.8912,,,,,,,,,,,,,,,Segment B: native,61.4827,48.8912,9.09449,pig manure|6.793|27.5|59.597
pig manure,6.79296,27.5,59.597,10.0,8.88846,54.7287,42.0515,,,,,,,,,,,,,,,Segment B: native,54.7287,42.0515,8.88846,pig manure|6.793|27.5|59.597
pig manure,6.79296,27.5,59.597,14.0,9.07538,55.737,59.9034,,,,,,,,,,,,,,,Segment B: native,55.737,59.9034,9.07538,pig manure|6.793|27.5|59.597
pig manure,6.79296,27.5,59.597,21.0,8.98929,52.2491,49.496,,,,,,,,,,,,,,,Segment B: native,52.2491,49.496,8.98929,pig manure|6.793|27.5|59.597
pig manure,6.79296,27.5,59.597,28.0,8.28116,44.5038,29.8664,,,,,,,,,,,,,,,Segment B: native,44.5038,29.8664,8.28116,pig manure|6.793|27.5|59.597
pig manure,6.79296,27.5,59.597,35.0,8.72723,40.2436,13.5092,,,,,,,,,,,,,,,Segment B: native,40.2436,13.5092,8.72723,pig manure|6.793|27.5|59.597
pig manure,6.79296,27.5,59.597,42.0,8.61999,33.7853,10.8366,,,,,,,,,,,,,,,Segment B: native,33.7853,10.8366,8.61999,pig manure|6.793|27.5|59.597
pig manure,6.79296,27.5,59.597,52.0,8.58861,24.3956,10.2482,,,,,,,,,,,,,,,Segment B: native,24.3956,10.2482,8.58861,pig manure|6.793|27.5|59.597
pig manure,6.81234,27.5,63.5633,0.0,6.81234,33.4651,63.5633,,,,,,,27.5,,,,,,,,Segment B: native,33.4651,63.5633,6.81234,pig manure|6.812|27.5|63.563
pig manure,6.81234,27.5,63.5633,3.0,7.45208,55.1077,61.4828,,,,,,,,,,,,,,,Segment B: native,55.1077,61.4828,7.45208,pig manure|6.812|27.5|63.563
pig manure,6.81234,27.5,63.5633,6.0,8.90065,62.1758,58.1132,,,,,,,,,,,,,,,Segment B: native,62.1758,58.1132,8.90065,pig manure|6.812|27.5|63.563
pig manure,6.81234,27.5,63.5633,10.0,8.7563,61.0654,48.2987,,,,,,,,,,,,,,,Segment B: native,61.0654,48.2987,8.7563,pig manure|6.812|27.5|63.563
pig manure,6.81234,27.5,63.5633,14.0,9.02076,55.7369,57.0277,,,,,,,,,,,,,,,Segment B: native,55.7369,57.0277,9.02076,pig manure|6.812|27.5|63.563
pig manure,6.81234,27.5,63.5633,21.0,9.15669,54.863,64.0068,,,,,,,,,,,,,,,Segment B: native,54.863,64.0068,9.15669,pig manure|6.812|27.5|63.563
pig manure,6.81234,27.5,63.5633,28.0,9.05473,46.5433,48.3438,,,,,,,,,,,,,,,Segment B: native,46.5433,48.3438,9.05473,pig manure|6.812|27.5|63.563
pig manure,6.81234,27.5,63.5633,35.0,8.94573,39.3129,25.3757,,,,,,,,,,,,,,,Segment B: native,39.3129,25.3757,8.94573,pig manure|6.812|27.5|63.563
pig manure,6.81234,27.5,63.5633,42.0,8.86844,32.8547,18.0754,,,,,,,,,,,,,,,Segment B: native,32.8547,18.0754,8.86844,pig manure|6.812|27.5|63.563
pig manure,6.81234,27.5,63.5633,52.0,8.79127,24.2174,16.5946,,,,,,,,,,,,,,,Segment B: native,24.2174,16.5946,8.79127,pig manure|6.812|27.5|63.563
pig manure,6.76124,27.5,58.7045,0.0,6.76124,32.4352,58.7045,,,,,,,27.5,,,,,,,,Segment B: native,32.4352,58.7045,6.76124,pig manure|6.761|27.5|58.704
pig manure,6.76124,27.5,58.7045,3.0,6.2609,49.9196,59.0367,,,,,,,,,,,,,,,Segment B: native,49.9196,59.0367,6.2609,pig manure|6.761|27.5|58.704
pig manure,6.76124,27.5,58.7045,6.0,6.94118,55.562,61.4187,,,,,,,,,,,,,,,Segment B: native,55.562,61.4187,6.94118,pig manure|6.761|27.5|58.704
pig manure,6.76124,27.5,58.7045,10.0,8.19771,60.7287,59.0745,,,,,,,,,,,,,,,Segment B: native,60.7287,59.0745,8.19771,pig manure|6.761|27.5|58.704
pig manure,6.76124,27.5,58.7045,14.0,9.10358,58.3113,67.7703,,,,,,,,,,,,,,,Segment B: native,58.3113,67.7703,9.10358,pig manure|6.761|27.5|58.704
pig manure,6.76124,27.5,58.7045,21.0,9.16903,56.6055,60.6023,,,,,,,,,,,,,,,Segment B: native,56.6055,60.6023,9.16903,pig manure|6.761|27.5|58.704
pig manure,6.76124,27.5,58.7045,28.0,9.08116,49.375,61.8298,,,,,,,,,,,,,,,Segment B: native,49.375,61.8298,9.08116,pig manure|6.761|27.5|58.704
pig manure,6.76124,27.5,58.7045,35.0,9.12723,42.3425,51.3233,,,,,,,,,,,,,,,Segment B: native,42.3425,51.3233,9.12723,pig manure|6.761|27.5|58.704
pig manure,6.76124,27.5,58.7045,42.0,8.60765,34.5972,39.3954,,,,,,,,,,,,,,,Segment B: native,34.5972,39.3954,8.60765,pig manure|6.761|27.5|58.704
pig manure,6.76124,27.5,58.7045,52.0,8.56924,24.3759,35.5016,,,,,,,,,,,,,,,Segment B: native,24.3759,35.5016,8.56924,pig manure|6.761|27.5|58.704
cattle manure,9.30447,27.5,65.0,0.0,9.30447,28.5352,65.0,,,,,,,27.5,20.7161,,,,,,,Segment B: native,28.5352,65.0,9.30447,cattle manure|9.304|27.5|65.0
cattle manure,9.30447,27.5,65.0,1.0,9.27597,63.509,64.92443319,,,,,,,,30.7744,,,,,,,Segment B: native,63.509,64.92443319,9.27597,cattle manure|9.304|27.5|65.0
cattle manure,9.30447,27.5,65.0,3.0,9.18716,61.2197,61.76387707,,,,,,,,27.6769,,,,,,,Segment B: native,61.2197,61.76387707,9.18716,cattle manure|9.304|27.5|65.0
cattle manure,9.30447,27.5,65.0,6.0,8.47582,45.4939,61.79548894,,,,,,,,35.5704,,,,,,,Segment B: native,45.4939,61.79548894,8.47582,cattle manure|9.304|27.5|65.0
cattle manure,9.30447,27.5,65.0,9.0,8.57738,33.6005,58.81063011,,,,,,,,39.4338,,,,,,,Segment B: native,33.6005,58.81063011,8.57738,cattle manure|9.304|27.5|65.0
cattle manure,9.30447,27.5,65.0,12.0,9.33439,45.335,59.70623876,,,,,,,,53.4555,,,,,,,Segment B: native,45.335,59.70623876,9.33439,cattle manure|9.304|27.5|65.0
cattle manure,9.30447,27.5,65.0,15.0,9.92726,35.1164,59.46036813,,,,,,,,112.706,,,,,,,Segment B: native,35.1164,59.46036813,9.92726,cattle manure|9.304|27.5|65.0
cattle manure,9.30447,27.5,65.0,18.0,9.29743,26.7335,59.92869012,,,,,,,,78.368,,,,,,,Segment B: native,26.7335,59.92869012,9.29743,cattle manure|9.304|27.5|65.0
cattle manure,9.30447,27.5,65.0,21.0,9.423,25.353,58.72261002,,,,,,,,71.0408,,,,,,,Segment B: native,25.353,58.72261002,9.423,cattle manure|9.304|27.5|65.0
cattle manure,9.30447,27.5,65.0,24.0,9.81599,35.1192,58.6076498,,,,,,,,84.6628,,,,,,,Segment B: native,35.1192,58.6076498,9.81599,cattle manure|9.304|27.5|65.0
cattle manure,9.30447,27.5,65.0,27.0,9.29336,28.5153,58.937275,,,,,,,,85.7619,,,,,,,Segment B: native,28.5153,58.937275,9.29336,cattle manure|9.304|27.5|65.0
cattle manure,9.30447,27.5,65.0,30.0,9.58809,25.0435,56.48683182,,,,,,,,87.1274,,,,,,,Segment B: native,25.0435,56.48683182,9.58809,cattle manure|9.304|27.5|65.0
cattle manure,9.31005,27.5,65.0,0.0,9.31005,28.469,65.0,,,,,,,27.5,20.3497,,,,,,,Segment B: native,28.469,65.0,9.31005,cattle manure|9.31|27.5|65.0
cattle manure,9.31005,27.5,65.0,1.0,9.36363,63.1589,64.92443319,,,,,,,,35.8701,,,,,,,Segment B: native,63.1589,64.92443319,9.36363,cattle manure|9.31|27.5|65.0
cattle manure,9.31005,27.5,65.0,3.0,9.09393,58.5986,61.38309525,,,,,,,,38.6345,,,,,,,Segment B: native,58.5986,61.38309525,9.09393,cattle manure|9.31|27.5|65.0
cattle manure,9.31005,27.5,65.0,6.0,8.47861,45.5886,61.84134462,,,,,,,,26.8443,,,,,,,Segment B: native,45.5886,61.84134462,8.47861,cattle manure|9.31|27.5|65.0
cattle manure,9.31005,27.5,65.0,9.0,8.94586,37.3287,59.07588443,,,,,,,,34.4047,,,,,,,Segment B: native,37.3287,59.07588443,8.94586,cattle manure|9.31|27.5|65.0
cattle manure,9.31005,27.5,65.0,12.0,9.39134,46.3759,59.83685922,,,,,,,,51.2906,,,,,,,Segment B: native,46.3759,59.83685922,9.39134,cattle manure|9.31|27.5|65.0
cattle manure,9.31005,27.5,65.0,15.0,9.77764,42.1092,59.56195969,,,,,,,,78.9342,,,,,,,Segment B: native,42.1092,59.56195969,9.77764,cattle manure|9.31|27.5|65.0
cattle manure,9.31005,27.5,65.0,18.0,9.38118,38.1737,59.06381058,,,,,,,,71.8401,,,,,,,Segment B: native,38.1737,59.06381058,9.38118,cattle manure|9.31|27.5|65.0
cattle manure,9.31005,27.5,65.0,21.0,9.51679,35.2508,57.01889075,,,,,,,,82.5645,,,,,,,Segment B: native,35.2508,57.01889075,9.51679,cattle manure|9.31|27.5|65.0
cattle manure,9.31005,27.5,65.0,24.0,9.6686,38.7718,57.19447366,,,,,,,,75.4704,,,,,,,Segment B: native,38.7718,57.19447366,9.6686,cattle manure|9.31|27.5|65.0
cattle manure,9.31005,27.5,65.0,27.0,9.41619,35.9907,57.54480795,,,,,,,,70.9076,,,,,,,Segment B: native,35.9907,57.54480795,9.41619,cattle manure|9.31|27.5|65.0
cattle manure,9.31005,27.5,65.0,30.0,9.60763,30.1722,55.83013523,,,,,,,,94.9209,,,,,,,Segment B: native,30.1722,55.83013523,9.60763,cattle manure|9.31|27.5|65.0
food waste,4.08761,25.0,65.3179,0.0,4.08761,47.9831,65.3179,,,,,,,25.0,,,,,,,0.0069113,Segment B: native,47.9831,65.3179,4.08761,food waste|4.088|25.0|65.318
food waste,4.08761,25.0,65.3179,3.0,6.89528,65.0147,58.3203,,,,,,,,,,,,,,0.0069113,Segment B: native,65.0147,58.3203,6.89528,food waste|4.088|25.0|65.318
food waste,4.08761,25.0,65.3179,7.0,8.39139,74.8903,65.3933,,,,,,,,,,,1.25511,,,0.885418,Segment B: native,74.8903,65.3933,8.39139,food waste|4.088|25.0|65.318
food waste,4.08761,25.0,65.3179,10.0,8.48885,57.1214,53.1979,,,,,,,,,,,1.26075,,,,Segment B: native,57.1214,53.1979,8.48885,food waste|4.088|25.0|65.318
food waste,4.08761,25.0,65.3179,12.0,8.58631,46.037,57.6229,,,,,,,,,,,,,,0.129972,Segment B: native,46.037,57.6229,8.58631,food waste|4.088|25.0|65.318
food waste,4.08761,25.0,65.3179,14.0,7.89787,41.2744,55.1215,,,,,,,,,,,0.773607,,,0.0716283,Segment B: native,41.2744,55.1215,7.89787,food waste|4.088|25.0|65.318
food waste,4.08761,25.0,65.3179,21.0,7.18351,36.0888,39.3982,,,,,,,,,,,0.393519,,,0.0151967,Segment B: native,36.0888,39.3982,7.18351,food waste|4.088|25.0|65.318
food waste,4.08761,25.0,65.3179,27.0,7.19181,35.013,28.9326,,,,,,,,,,,0.649012,,,0.0471439,Segment B: native,35.013,28.9326,7.19181,food waste|4.088|25.0|65.318
food waste,4.08761,25.0,65.3179,30.0,7.19077,35.0976,23.6878,,,,,,,,,,,0.418525,,,0.0364998,Segment B: native,35.0976,23.6878,7.19077,food waste|4.088|25.0|65.318
food waste,4.19233,25.0,65.5959,0.0,4.19233,36.391,65.5959,,,,,,,25.0,,,,,,,0.00693581,Segment B: native,36.391,65.5959,4.19233,food waste|4.192|25.0|65.596
food waste,4.19233,25.0,65.5959,3.0,5.79212,62.9477,61.8379,,,,,,,,,,,,,,0.0140024,Segment B: native,62.9477,61.8379,5.79212,food waste|4.192|25.0|65.596
food waste,4.19233,25.0,65.5959,7.0,8.48989,72.8233,62.9636,,,,,,,,,,,,,,0.808503,Segment B: native,72.8233,62.9636,8.48989,food waste|4.192|25.0|65.596
food waste,4.19233,25.0,65.5959,10.0,8.2929,58.9466,52.4364,,,,,,,,,,,1.34907,,,,Segment B: native,58.9466,52.4364,8.2929,food waste|4.192|25.0|65.596
food waste,4.19233,25.0,65.5959,12.0,8.39865,46.5205,57.4778,,,,,,,,,,,1.3351,,,0.129999,Segment B: native,46.5205,57.4778,8.39865,food waste|4.192|25.0|65.596
food waste,4.19233,25.0,65.5959,14.0,8.5013,43.0513,52.5226,,,,,,,,,,,1.18594,,,0.071601,Segment B: native,43.0513,52.5226,8.5013,food waste|4.192|25.0|65.596
food waste,4.19233,25.0,65.5959,21.0,6.79057,35.9316,42.7223,,,,,,,,,,,0.474632,,,0.0151667,Segment B: native,35.9316,42.7223,6.79057,food waste|4.192|25.0|65.596
food waste,4.19233,25.0,65.5959,27.0,6.89114,35.0976,33.3689,,,,,,,,,,,0.399377,,,0.0471194,Segment B: native,35.0976,33.3689,6.89114,food waste|4.192|25.0|65.596
food waste,4.19233,25.0,65.5959,30.0,6.79679,33.9734,31.3031,,,,,,,,,,,0.472601,,,0.0364726,Segment B: native,33.9734,31.3031,6.79679,food waste|4.192|25.0|65.596
food waste,4.18403,25.0,70.298,0.0,4.18403,36.1613,70.298,,,,,,,25.0,,,,,,,0.00103772,Segment B: native,36.1613,70.298,4.18403,food waste|4.184|25.0|70.298
food waste,4.18403,25.0,70.298,3.0,5.5972,60.0104,66.4675,,,,,,,,,,,,,,0.0021871,Segment B: native,60.0104,66.4675,5.5972,food waste|4.184|25.0|70.298
food waste,4.18403,25.0,70.298,7.0,7.59202,72.8959,68.5602,,,,,,,,,,,,,,,Segment B: native,72.8959,68.5602,7.59202,food waste|4.184|25.0|70.298
food waste,4.18403,25.0,70.298,10.0,7.79212,63.0444,61.3088,,,,,,,,,,,2.8902,,,,Segment B: native,63.0444,61.3088,7.79212,food waste|4.184|25.0|70.298
food waste,4.18403,25.0,70.298,12.0,8.09694,54.039,58.2031,,,,,,,,,,,1.03769,,,0.177331,Segment B: native,54.039,58.2031,8.09694,food waste|4.184|25.0|70.298
food waste,4.18403,25.0,70.298,14.0,8.39036,45.0699,57.9258,,,,,,,,,,,0.915564,,,0.0715792,Segment B: native,45.0699,57.9258,8.39036,food waste|4.184|25.0|70.298
food waste,4.18403,25.0,70.298,21.0,7.29549,36.0646,34.8411,,,,,,,,,,,0.473732,,,0.0,Segment B: native,36.0646,34.8411,7.29549,food waste|4.184|25.0|70.298
food waste,4.18403,25.0,70.298,27.0,7.2084,34.9162,31.8216,,,,,,,,,,,0.452998,,,0.0,Segment B: native,34.9162,31.8216,7.2084,food waste|4.184|25.0|70.298
food waste,4.18403,25.0,70.298,30.0,7.20425,35.0492,24.1713,,,,,,,,,,,0.364452,,,0.0,Segment B: native,35.0492,24.1713,7.20425,food waste|4.184|25.0|70.298
food waste,4.18611,25.0,62.5861,0.0,4.18611,40.0052,62.5861,,,,,,,25.0,,,,,,,0.0483478,Segment B: native,40.0052,62.5861,4.18611,food waste|4.186|25.0|62.586
food waste,4.18611,25.0,62.5861,3.0,6.29497,69.0157,59.4686,,,,,,,,,,,,,,0.0258748,Segment B: native,69.0157,59.4686,6.29497,food waste|4.186|25.0|62.586
food waste,4.18611,25.0,62.5861,7.0,8.59253,74.9508,64.5713,,,,,,,,,,,,,,0.796644,Segment B: native,74.9508,64.5713,8.59253,food waste|4.186|25.0|62.586
food waste,4.18611,25.0,62.5861,10.0,8.59357,56.9884,59.6528,,,,,,,,,,,1.99796,,,,Segment B: native,56.9884,59.6528,8.59357,food waste|4.186|25.0|62.586
food waste,4.18611,25.0,62.5861,12.0,8.7014,47.1007,59.9437,,,,,,,,,,,1.25397,,,0.183224,Segment B: native,47.1007,59.9437,8.7014,food waste|4.186|25.0|62.586
food waste,4.18611,25.0,62.5861,14.0,8.59046,42.0964,59.9928,,,,,,,,,,,1.59826,,,0.107099,Segment B: native,42.0964,59.9928,8.59046,food waste|4.186|25.0|62.586
food waste,4.18611,25.0,62.5861,21.0,7.12131,35.0855,47.6299,,,,,,,,,,,0.528708,,,0.0,Segment B: native,35.0855,47.6299,7.12131,food waste|4.186|25.0|62.586
food waste,4.18611,25.0,62.5861,27.0,7.09642,34.8921,37.8655,,,,,,,,,,,0.513825,,,0.0,Segment B: native,34.8921,37.8655,7.09642,food waste|4.186|25.0|62.586
food waste,4.18611,25.0,62.5861,30.0,7.09331,34.9888,32.7052,,,,,,,,,,,0.580751,,,0.0,Segment B: native,34.9888,32.7052,7.09331,food waste|4.186|25.0|62.586
food waste,4.29912,25.0,60.6037,0.0,4.29912,42.048,60.6037,,,,,,,25.0,,,,,,,0.0483287,Segment B: native,42.048,60.6037,4.29912,food waste|4.299|25.0|60.604
food waste,4.29912,25.0,60.6037,3.0,6.59253,68.0366,57.172,,,,,,,,,,,,,,0.0495135,Segment B: native,68.0366,57.172,6.59253,food waste|4.299|25.0|60.604
food waste,4.29912,25.0,60.6037,7.0,8.38828,72.9805,63.8823,,,,,,,,,,,,,,0.175373,Segment B: native,72.9805,63.8823,8.38828,food waste|4.299|25.0|60.604
food waste,4.29912,25.0,60.6037,10.0,8.49508,55.9489,57.8638,,,,,,,,,,,0.997575,,,,Segment B: native,55.9489,57.8638,8.49508,food waste|4.299|25.0|60.604
food waste,4.29912,25.0,60.6037,12.0,8.59046,45.8798,59.291,,,,,,,,,,,1.35536,,,0.189182,Segment B: native,45.8798,59.291,8.59046,food waste|4.299|25.0|60.604
food waste,4.29912,25.0,60.6037,14.0,7.88751,41.0326,54.3358,,,,,,,,,,,0.996669,,,0.118952,Segment B: native,41.0326,54.3358,7.88751,food waste|4.299|25.0|60.604
food waste,4.29912,25.0,60.6037,21.0,7.10057,34.9888,45.575,,,,,,,,,,,0.47462,,,0.0566059,Segment B: native,34.9888,45.575,7.10057,food waste|4.299|25.0|60.604
food waste,4.29912,25.0,60.6037,27.0,6.90254,36.0404,39.3402,,,,,,,,,,,1.18301,,,0.10039,Segment B: native,36.0404,39.3402,6.90254,food waste|4.299|25.0|60.604
food waste,4.29912,25.0,60.6037,30.0,6.90358,36.0525,35.6546,,,,,,,,,,,0.546944,,,0.0187701,Segment B: native,36.0525,35.6546,6.90358,food waste|4.299|25.0|60.604
poultry manure,7.75082,15.0,67.0,1.0,7.75082,36.9765,67.0,,,,,,,,,,,0.243748,,,0.047518533,Segment B: native,36.9765,67.0,7.75082,poultry manure|7.751|15.0|67.0
poultry manure,7.75082,15.0,67.0,2.0,8.429905351,49.026,63.83088409,,,,,,,,,,,0.24957,,,0.059480067,Segment B: native,49.026,63.83088409,8.429905351,poultry manure|7.751|15.0|67.0
poultry manure,7.75082,15.0,67.0,3.0,8.74638209,48.2385,59.29716932,,,,,,,,,,,0.184797333,,,0.0189856,Segment B: native,48.2385,59.29716932,8.74638209,poultry manure|7.751|15.0|67.0
poultry manure,7.75082,15.0,67.0,4.0,8.706734785,57.4112,57.65217001,,,,,,,,,,,0.245798667,,,0.047606867,Segment B: native,57.4112,57.65217001,8.706734785,poultry manure|7.751|15.0|67.0
poultry manure,7.75082,15.0,67.0,5.0,8.747673686,54.7372,56.04974912,,,,,,,,,,,0.249041333,,,0.039888667,Segment B: native,54.7372,56.04974912,8.747673686,poultry manure|7.751|15.0|67.0
poultry manure,7.75082,15.0,67.0,6.0,8.759175707,56.9999,54.19870046,,,,,,,,,,,0.245686,,,0.0659956,Segment B: native,56.9999,54.19870046,8.759175707,poultry manure|7.751|15.0|67.0
poultry manure,7.75082,15.0,67.0,7.0,8.8061,54.7379,54.25718239,,,,,,,,,,,0.259964667,,,0.076546667,Segment B: native,54.7379,54.25718239,8.8061,poultry manure|7.751|15.0|67.0
poultry manure,7.75082,15.0,67.0,8.0,8.787598449,55.6851,51.96636701,,,,,,,,,,,0.223622,,,0.060218,Segment B: native,55.6851,51.96636701,8.787598449,poultry manure|7.751|15.0|67.0
poultry manure,7.75082,15.0,67.0,9.0,8.782443954,53.7483,51.92823109,,,,,,,,,,,0.251335333,,,0.054037267,Segment B: native,53.7483,51.92823109,8.782443954,poultry manure|7.751|15.0|67.0
poultry manure,7.75082,15.0,67.0,10.0,8.714734233,55.3388,51.98503904,,,,,,,,,,,0.179186667,,,0.027742067,Segment B: native,55.3388,51.98503904,8.714734233,poultry manure|7.751|15.0|67.0
poultry manure,7.75082,15.0,67.0,11.0,8.735538863,53.7923,51.7001095,,,,,,,,,,,0.202820667,,,0.068482667,Segment B: native,53.7923,51.7001095,8.735538863,poultry manure|7.751|15.0|67.0
poultry manure,7.75082,15.0,67.0,12.0,8.760718062,49.4703,50.07009197,,,,,,,,,,,0.18915,,,0.0581418,Segment B: native,49.4703,50.07009197,8.760718062,poultry manure|7.751|15.0|67.0
poultry manure,7.75082,15.0,67.0,13.0,8.76338217,52.0077,50.71055763,,,,,,,,,,,0.177098,,,0.068728667,Segment B: native,52.0077,50.71055763,8.76338217,poultry manure|7.751|15.0|67.0
poultry manure,7.75082,15.0,67.0,14.0,8.83313,50.7287,50.80348734,,,,,,,,,,,0.181060667,,,0.081595333,Segment B: native,50.7287,50.80348734,8.83313,poultry manure|7.751|15.0|67.0
poultry manure,7.75082,15.0,67.0,15.0,8.795111456,47.0282,51.58737257,,,,,,,,,,,0.181244667,,,0.067111333,Segment B: native,47.0282,51.58737257,8.795111456,poultry manure|7.751|15.0|67.0
poultry manure,7.75082,15.0,67.0,16.0,8.796820433,49.356,50.94268734,,,,,,,,,,,0.176030667,,,0.055884,Segment B: native,49.356,50.94268734,8.796820433,poultry manure|7.751|15.0|67.0
poultry manure,7.75082,15.0,67.0,17.0,8.802900805,45.0557,50.7416815,,,,,,,,,,,0.179512667,,,0.0518196,Segment B: native,45.0557,50.7416815,8.802900805,poultry manure|7.751|15.0|67.0
poultry manure,7.75082,15.0,67.0,18.0,8.866592834,46.9787,50.79172516,,,,,,,,,,,0.181435333,,,0.062081533,Segment B: native,46.9787,50.79172516,8.866592834,poultry manure|7.751|15.0|67.0
poultry manure,7.75082,15.0,67.0,19.0,8.866592834,43.8999,50.79172516,,,,,,,,,,,0.192834667,,,0.052807333,Segment B: native,43.8999,50.79172516,8.866592834,poultry manure|7.751|15.0|67.0
poultry manure,7.75082,15.0,67.0,20.0,8.88497364,45.9602,51.15414903,,,,,,,,,,,0.185941333,,,0.044347133,Segment B: native,45.9602,51.15414903,8.88497364,poultry manure|7.751|15.0|67.0
poultry manure,7.75082,15.0,67.0,21.0,8.9416,46.5749,48.64898068,,,,,,,,,,,0.186845333,,,0.036701267,Segment B: native,46.5749,48.64898068,8.9416,poultry manure|7.751|15.0|67.0
poultry manure,7.75082,15.0,67.0,22.0,8.884363826,48.7003,49.18544659,,,,,,,,,,,0.177731333,,,0.034102,Segment B: native,48.7003,49.18544659,8.884363826,poultry manure|7.751|15.0|67.0
poultry manure,7.75082,15.0,67.0,23.0,8.889877689,46.3515,49.33211831,,,,,,,,,,,0.183973333,,,0.031339933,Segment B: native,46.3515,49.33211831,8.889877689,poultry manure|7.751|15.0|67.0
poultry manure,7.75082,15.0,67.0,24.0,8.889877689,47.2264,48.90091615,,,,,,,,,,,0.183077333,,,0.049252933,Segment B: native,47.2264,48.90091615,8.889877689,poultry manure|7.751|15.0|67.0
poultry manure,7.75082,15.0,67.0,25.0,8.877435619,48.3471,48.55239911,,,,,,,,,,,0.190278,,,0.0442118,Segment B: native,48.3471,48.55239911,8.877435619,poultry manure|7.751|15.0|67.0
poultry manure,7.75082,15.0,67.0,26.0,8.877174824,44.9937,47.67129784,,,,,,,,,,,0.189682667,,,0.037379533,Segment B: native,44.9937,47.67129784,8.877174824,poultry manure|7.751|15.0|67.0
poultry manure,7.75082,15.0,67.0,27.0,8.877174824,47.0178,47.07106148,,,,,,,,,,,0.17901,,,0.047442133,Segment B: native,47.0178,47.07106148,8.877174824,poultry manure|7.751|15.0|67.0
poultry manure,7.75082,15.0,67.0,28.0,8.91865,45.0377,46.27225239,,,,,,,,,,,0.186151333,,,0.038114267,Segment B: native,45.0377,46.27225239,8.91865,poultry manure|7.751|15.0|67.0
poultry manure,7.75082,15.0,67.0,29.0,8.872463346,46.3608,46.21430023,,,,,,,,,,,0.176978667,,,0.026235267,Segment B: native,46.3608,46.21430023,8.872463346,poultry manure|7.751|15.0|67.0
poultry manure,7.75082,15.0,67.0,30.0,8.872592892,44.995,45.64315818,,,,,,,,,,,0.177882,,,0.037654667,Segment B: native,44.995,45.64315818,8.872592892,poultry manure|7.751|15.0|67.0
poultry manure,7.75082,15.0,67.0,31.0,8.869622406,44.0846,46.12159927,,,,,,,,,,,0.178785333,,,0.031618467,Segment B: native,44.0846,46.12159927,8.869622406,poultry manure|7.751|15.0|67.0
poultry manure,7.75082,15.0,67.0,32.0,8.869259318,43.1019,45.67679245,,,,,,,,,,,0.178069333,,,0.039311467,Segment B: native,43.1019,45.67679245,8.869259318,poultry manure|7.751|15.0|67.0
poultry manure,7.75082,15.0,67.0,33.0,8.860669318,41.0206,44.29447955,,,,,,,,,,,0.15966,,,0.048071667,Segment B: native,41.0206,44.29447955,8.860669318,poultry manure|7.751|15.0|67.0
poultry manure,7.75082,15.0,67.0,34.0,8.860669318,41.7943,44.20398846,,,,,,,,,,,0.154925333,,,0.0591472,Segment B: native,41.7943,44.20398846,8.860669318,poultry manure|7.751|15.0|67.0
poultry manure,7.75082,15.0,67.0,35.0,8.92435,40.696,43.90670056,,,,,,,,,,,0.156848667,,,0.049258533,Segment B: native,40.696,43.90670056,8.92435,poultry manure|7.751|15.0|67.0
poultry manure,7.75082,15.0,67.0,36.0,8.835505915,40.0241,43.03769289,,,,,,,,,,,0.070784667,,,0.041774933,Segment B: native,40.0241,43.03769289,8.835505915,poultry manure|7.751|15.0|67.0
poultry manure,7.75082,15.0,67.0,37.0,8.836638301,37.8344,42.47155084,,,,,,,,,,,0.071028,,,0.040044,Segment B: native,37.8344,42.47155084,8.836638301,poultry manure|7.751|15.0|67.0
poultry manure,7.75082,15.0,67.0,38.0,8.834795006,37.1842,42.46767315,,,,,,,,,,,0.060056333,,,0.040574067,Segment B: native,37.1842,42.46767315,8.834795006,poultry manure|7.751|15.0|67.0
poultry manure,7.75082,15.0,67.0,39.0,8.78638762,38.5434,42.20042861,,,,,,,,,,,0.0598798,,,0.028080267,Segment B: native,38.5434,42.20042861,8.78638762,poultry manure|7.751|15.0|67.0
poultry manure,7.75082,15.0,67.0,40.0,8.780830514,38.2691,41.98635475,,,,,,,,,,,0.060003733,,,0.032228,Segment B: native,38.2691,41.98635475,8.780830514,poultry manure|7.751|15.0|67.0
poultry manure,7.75082,15.0,67.0,41.0,8.778987219,36.7877,42.75021686,,,,,,,,,,,0.100072667,,,0.0572316,Segment B: native,36.7877,42.75021686,8.778987219,poultry manure|7.751|15.0|67.0
poultry manure,7.75082,15.0,67.0,42.0,8.76214,38.4649,42.62137368,,,,,,,,,,,0.020785933,,,0.0414824,Segment B: native,38.4649,42.62137368,8.76214,poultry manure|7.751|15.0|67.0
poultry manure,7.75082,15.0,67.0,43.0,8.724559916,38.1617,41.85272369,,,,,,,,,,,0.0210294,,,0.034993733,Segment B: native,38.1617,41.85272369,8.724559916,poultry manure|7.751|15.0|67.0
poultry manure,7.75082,15.0,67.0,44.0,8.724559916,37.591,42.77928326,,,,,,,,,,,0.021393133,,,0.030802667,Segment B: native,37.591,42.77928326,8.724559916,poultry manure|7.751|15.0|67.0
poultry manure,7.75082,15.0,67.0,45.0,8.723609916,38.7117,42.46202818,,,,,,,,,,,0.0217566,,,0.030301733,Segment B: native,38.7117,42.46202818,8.723609916,poultry manure|7.751|15.0|67.0
poultry manure,7.75082,15.0,67.0,46.0,8.678391053,37.1219,42.5363115,,,,,,,,,,,0.021760933,,,0.028860267,Segment B: native,37.1219,42.5363115,8.678391053,poultry manure|7.751|15.0|67.0
poultry manure,7.75082,15.0,67.0,47.0,8.681410371,36.1753,42.52751076,,,,,,,,,,,0.022064467,,,0.028738667,Segment B: native,36.1753,42.52751076,8.681410371,poultry manure|7.751|15.0|67.0
poultry manure,7.75082,15.0,67.0,48.0,8.681410371,35.6119,42.65278867,,,,,,,,,,,0.0221878,,,0.033031,Segment B: native,35.6119,42.65278867,8.681410371,poultry manure|7.751|15.0|67.0
poultry manure,7.75082,15.0,67.0,49.0,8.67854,35.3303,42.66599096,,,,,,,,,,,0.0269894,,,0.0379204,Segment B: native,35.3303,42.66599096,8.67854,poultry manure|7.751|15.0|67.0
poultry manure,7.75082,15.0,67.0,50.0,8.656984205,36.3643,42.33850145,,,,,,,,,,,0.026573933,,,0.024630867,Segment B: native,36.3643,42.33850145,8.656984205,poultry manure|7.751|15.0|67.0
poultry manure,7.75082,15.0,67.0,51.0,8.651635227,36.3357,42.60362757,,,,,,,,,,,0.026577733,,,0.023876733,Segment B: native,36.3357,42.60362757,8.651635227,poultry manure|7.751|15.0|67.0
poultry manure,7.75082,15.0,67.0,52.0,8.651635227,36.3866,43.04396481,,,,,,,,,,,0.0262212,,,0.0227604,Segment B: native,36.3866,43.04396481,8.651635227,poultry manure|7.751|15.0|67.0
poultry manure,7.75082,15.0,67.0,53.0,8.646566818,36.6038,42.76312467,,,,,,,,,,,0.026225,,,0.021626333,Segment B: native,36.6038,42.76312467,8.646566818,poultry manure|7.751|15.0|67.0
poultry manure,7.75082,15.0,67.0,54.0,8.651752273,36.5897,42.5573349,,,,,,,,,,,0.0268282,,,0.024326933,Segment B: native,36.5897,42.5573349,8.651752273,poultry manure|7.751|15.0|67.0
poultry manure,7.75082,15.0,67.0,55.0,8.648587045,36.0624,42.19314859,,,,,,,,,,,0.026832333,,,0.0279502,Segment B: native,36.0624,42.19314859,8.648587045,poultry manure|7.751|15.0|67.0
poultry manure,7.75082,15.0,67.0,56.0,8.67581,36.4314,42.61526307,,,,,,,,,,,0.027435867,,,0.020900867,Segment B: native,36.4314,42.61526307,8.67581,poultry manure|7.751|15.0|67.0
poultry manure,7.75082,15.0,67.0,57.0,8.651212045,35.0873,42.61526307,,,,,,,,,,,0.027859333,,,0.021051333,Segment B: native,35.0873,42.61526307,8.651212045,poultry manure|7.751|15.0|67.0
poultry manure,7.75082,15.0,67.0,58.0,8.651212045,34.0179,42.71077287,,,,,,,,,,,0.0276832,,,0.0141106,Segment B: native,34.0179,42.71077287,8.651212045,poultry manure|7.751|15.0|67.0
poultry manure,7.75082,15.0,67.0,59.0,8.651212045,33.1075,42.71077287,,,,,,,,,,,0.0171912,,,0.009521667,Segment B: native,33.1075,42.71077287,8.651212045,poultry manure|7.751|15.0|67.0
poultry manure,7.75082,15.0,67.0,60.0,8.634161023,33.9246,42.89984105,,,,,,,,,,,0.016715067,,,0.00305132,Segment B: native,33.9246,42.89984105,8.634161023,poultry manure|7.751|15.0|67.0
poultry manure,7.75082,15.0,67.0,61.0,8.634161023,34.7056,42.8599765,,,,,,,,,,,0.0171988,,,0.0,Segment B: native,34.7056,42.8599765,8.634161023,poultry manure|7.751|15.0|67.0
poultry manure,7.75082,15.0,67.0,62.0,8.637794773,36.1949,42.85389241,,,,,,,,,,,0.017202467,,,0.0,Segment B: native,36.1949,42.85389241,8.637794773,poultry manure|7.751|15.0|67.0
poultry manure,7.75082,15.0,67.0,63.0,8.69779,33.3763,42.85389241,,,,,,,,,,,0.017565733,,,0.0,Segment B: native,33.3763,42.85389241,8.69779,poultry manure|7.751|15.0|67.0
poultry manure,7.75082,15.0,67.0,64.0,8.639290114,33.7163,43.65012763,,,,,,,,,,,0.016789667,,,0.0,Segment B: native,33.7163,43.65012763,8.639290114,poultry manure|7.751|15.0|67.0
poultry manure,7.75082,15.0,67.0,65.0,8.639290114,34.9816,43.65012763,,,,,,,,,,,0.0129552,,,0.0,Segment B: native,34.9816,43.65012763,8.639290114,poultry manure|7.751|15.0|67.0
poultry manure,8.06193,20.0,67.0,1.0,8.06,39.0365,67.0,,,,,,,,,,,0.247974667,,,0.040060467,Segment B: native,39.0365,67.0,8.06,poultry manure|8.062|20.0|67.0
poultry manure,8.06193,20.0,67.0,2.0,8.617726995,53.1315,60.85761477,,,,,,,,,,,0.240530667,,,0.011337867,Segment B: native,53.1315,60.85761477,8.617726995,poultry manure|8.062|20.0|67.0
poultry manure,8.06193,20.0,67.0,3.0,8.681041741,48.9613,52.360625,,,,,,,,,,,0.177258,,,0.008692333,Segment B: native,48.9613,52.360625,8.681041741,poultry manure|8.062|20.0|67.0
poultry manure,8.06193,20.0,67.0,4.0,8.751778377,39.1,52.55911206,,,,,,,,,,,0.246114,,,0.028155733,Segment B: native,39.1,52.55911206,8.751778377,poultry manure|8.062|20.0|67.0
poultry manure,8.06193,20.0,67.0,5.0,8.892945734,53.0984,51.71318138,,,,,,,,,,,0.224712667,,,0.035525333,Segment B: native,53.0984,51.71318138,8.892945734,poultry manure|8.062|20.0|67.0
poultry manure,8.06193,20.0,67.0,6.0,8.898089922,49.0969,50.21378365,,,,,,,,,,,0.214477333,,,0.031557067,Segment B: native,49.0969,50.21378365,8.898089922,poultry manure|8.062|20.0|67.0
poultry manure,8.06193,20.0,67.0,7.0,9.17,55.0953,48.93864365,,,,,,,,,,,0.220525333,,,0.029478467,Segment B: native,55.0953,48.93864365,9.17,poultry manure|8.062|20.0|67.0
poultry manure,8.06193,20.0,67.0,8.0,9.003214923,53.7938,49.89390341,,,,,,,,,,,0.204242,,,0.026266067,Segment B: native,53.7938,49.89390341,9.003214923,poultry manure|8.062|20.0|67.0
poultry manure,8.06193,20.0,67.0,9.0,8.968427337,54.7922,49.99565227,,,,,,,,,,,0.200054667,,,0.023809533,Segment B: native,54.7922,49.99565227,8.968427337,poultry manure|8.062|20.0|67.0
poultry manure,8.06193,20.0,67.0,10.0,8.857010601,51.3907,49.81737045,,,,,,,,,,,0.168418,,,0.010582,Segment B: native,51.3907,49.81737045,8.857010601,poultry manure|8.062|20.0|67.0
poultry manure,8.06193,20.0,67.0,11.0,8.850971341,53.089,49.59525341,,,,,,,,,,,0.167022667,,,0.0224868,Segment B: native,53.089,49.59525341,8.850971341,poultry manure|8.062|20.0|67.0
poultry manure,8.06193,20.0,67.0,12.0,8.865120126,52.6875,48.42392517,,,,,,,,,,,0.164696,,,0.025321267,Segment B: native,52.6875,48.42392517,8.865120126,poultry manure|8.062|20.0|67.0
poultry manure,8.06193,20.0,67.0,13.0,8.89469689,51.0859,48.87926154,,,,,,,,,,,0.183306,,,0.0222978,Segment B: native,51.0859,48.87926154,8.89469689,poultry manure|8.062|20.0|67.0
poultry manure,8.06193,20.0,67.0,14.0,9.22,50.7844,48.40567891,,,,,,,,,,,0.167022667,,,0.031368133,Segment B: native,50.7844,48.40567891,9.22,poultry manure|8.062|20.0|67.0
poultry manure,8.06193,20.0,67.0,15.0,8.802571333,45.0828,48.89603005,,,,,,,,,,,0.187958667,,,0.023620533,Segment B: native,45.0828,48.89603005,8.802571333,poultry manure|8.062|20.0|67.0
poultry manure,8.06193,20.0,67.0,16.0,8.802571333,46.3813,48.36163459,,,,,,,,,,,0.169814,,,0.0277778,Segment B: native,46.3813,48.36163459,8.802571333,poultry manure|8.062|20.0|67.0
poultry manure,8.06193,20.0,67.0,17.0,8.784914044,45.6797,48.31961511,,,,,,,,,,,0.167488,,,0.0181406,Segment B: native,45.6797,48.31961511,8.784914044,poultry manure|8.062|20.0|67.0
poultry manure,8.06193,20.0,67.0,18.0,8.590674612,44.7782,54.17438556,,,,,,,,,,,0.175396667,,,0.018707467,Segment B: native,44.7782,54.17438556,8.590674612,poultry manure|8.062|20.0|67.0
poultry manure,8.06193,20.0,67.0,19.0,8.592580737,48.3765,54.17438556,,,,,,,,,,,0.171674667,,,0.015495067,Segment B: native,48.3765,54.17438556,8.592580737,poultry manure|8.062|20.0|67.0
poultry manure,8.06193,20.0,67.0,20.0,8.571541077,48.575,54.59387177,,,,,,,,,,,0.160044,,,0.020030267,Segment B: native,48.575,54.59387177,8.571541077,poultry manure|8.062|20.0|67.0
poultry manure,8.06193,20.0,67.0,21.0,8.42,49.7734,62.95359714,,,,,,,,,,,0.159113333,,,0.014172333,Segment B: native,49.7734,62.95359714,8.42,poultry manure|8.062|20.0|67.0
poultry manure,8.06193,20.0,67.0,22.0,8.475125623,45.5719,62.96723351,,,,,,,,,,,0.164230667,,,0.012093733,Segment B: native,45.5719,62.96723351,8.475125623,poultry manure|8.062|20.0|67.0
poultry manure,8.06193,20.0,67.0,23.0,8.475125623,46.6703,63.07867896,,,,,,,,,,,0.155856667,,,0.006235827,Segment B: native,46.6703,63.07867896,8.475125623,poultry manure|8.062|20.0|67.0
poultry manure,8.06193,20.0,67.0,24.0,8.466706646,45.0688,62.62186987,,,,,,,,,,,0.150738667,,,0.00245654,Segment B: native,45.0688,62.62186987,8.466706646,poultry manure|8.062|20.0|67.0
poultry manure,8.06193,20.0,67.0,25.0,8.405380168,44.0672,63.07784487,,,,,,,,,,,0.132594667,,,0.000566893,Segment B: native,44.0672,63.07784487,8.405380168,poultry manure|8.062|20.0|67.0
poultry manure,8.06193,20.0,67.0,26.0,8.401213805,42.0657,62.58737328,,,,,,,,,,,0.119102667,,,0.0,Segment B: native,42.0657,62.58737328,8.401213805,poultry manure|8.062|20.0|67.0
poultry manure,8.06193,20.0,67.0,27.0,8.399736532,40.1641,61.72189677,,,,,,,,,,,0.078626,,,0.0,Segment B: native,40.1641,61.72189677,8.399736532,poultry manure|8.062|20.0|67.0
poultry manure,8.06193,20.0,67.0,28.0,8.29,43.0626,61.30508295,,,,,,,,,,,0.0618774,,,0.0,Segment B: native,43.0626,61.30508295,8.29,poultry manure|8.062|20.0|67.0
poultry manure,8.06193,20.0,67.0,29.0,8.324796364,38.3609,61.12187159,,,,,,,,,,,0.061412133,,,0.0,Segment B: native,38.3609,61.12187159,8.324796364,poultry manure|8.062|20.0|67.0
poultry manure,8.06193,20.0,67.0,30.0,8.307680796,39.9593,61.1683375,,,,,,,,,,,0.041871933,,,0.0,Segment B: native,39.9593,61.1683375,8.307680796,poultry manure|8.062|20.0|67.0
poultry manure,8.06193,20.0,67.0,31.0,8.307746818,37.0578,61.50178864,,,,,,,,,,,0.041406667,,,0.0,Segment B: native,37.0578,61.50178864,8.307746818,poultry manure|8.062|20.0|67.0
poultry manure,8.06193,20.0,67.0,32.0,8.279511591,38.0562,62.05580156,,,,,,,,,,,0.041406667,,,0.0,Segment B: native,38.0562,62.05580156,8.279511591,poultry manure|8.062|20.0|67.0
poultry manure,8.06193,20.0,67.0,33.0,8.275420682,36.9547,63.15534508,,,,,,,,,,,0.034893267,,,0.0,Segment B: native,36.9547,63.15534508,8.275420682,poultry manure|8.062|20.0|67.0
poultry manure,8.06193,20.0,67.0,34.0,8.275420682,36.1531,62.81300389,,,,,,,,,,,0.034893267,,,0.0,Segment B: native,36.1531,62.81300389,8.275420682,poultry manure|8.062|20.0|67.0
poultry manure,8.06193,20.0,67.0,35.0,8.24,35.4516,62.68523798,,,,,,,,,,,0.034893267,,,0.0,Segment B: native,35.4516,62.68523798,8.24,poultry manure|8.062|20.0|67.0
poultry manure,8.06193,20.0,67.0,36.0,8.292105544,34.7499,62.46609241,,,,,,,,,,,0.0274494,,,0.0,Segment B: native,34.7499,62.46609241,8.292105544,poultry manure|8.062|20.0|67.0
poultry manure,8.06193,20.0,67.0,37.0,8.294675658,36.6485,62.31337537,,,,,,,,,,,0.0274494,,,0.0,Segment B: native,36.6485,62.31337537,8.294675658,poultry manure|8.062|20.0|67.0
poultry manure,8.06193,20.0,67.0,38.0,8.315811932,36.0469,62.42231926,,,,,,,,,,,0.0274494,,,0.0,Segment B: native,36.0469,62.42231926,8.315811932,poultry manure|8.062|20.0|67.0
poultry manure,8.06193,20.0,67.0,39.0,8.387266023,36.7453,62.34391017,,,,,,,,,,,0.0274494,,,0.0,Segment B: native,36.7453,62.34391017,8.387266023,poultry manure|8.062|20.0|67.0
poultry manure,8.06193,20.0,67.0,40.0,8.379614205,33.3437,62.36891017,,,,,,,,,,,0.0274494,,,0.0,Segment B: native,33.3437,62.36891017,8.379614205,poultry manure|8.062|20.0|67.0
poultry manure,8.06193,20.0,67.0,41.0,8.372796023,34.2422,62.6916329,,,,,,,,,,,0.0558292,,,0.0,Segment B: native,34.2422,62.6916329,8.372796023,poultry manure|8.062|20.0|67.0
poultry manure,8.06193,20.0,67.0,42.0,8.63,35.3406,61.92379269,,,,,,,,,,,0.0558292,,,0.0,Segment B: native,35.3406,61.92379269,8.63,poultry manure|8.062|20.0|67.0
poultry manure,8.06193,20.0,67.0,43.0,8.321667985,34.6391,61.92578959,,,,,,,,,,,0.015353067,,,0.0,Segment B: native,34.6391,61.92578959,8.321667985,poultry manure|8.062|20.0|67.0
poultry manure,8.06193,20.0,67.0,44.0,8.321667985,34.6375,61.92578959,,,,,,,,,,,0.015353067,,,0.0,Segment B: native,34.6375,61.92578959,8.321667985,poultry manure|8.062|20.0|67.0
poultry manure,8.06193,20.0,67.0,45.0,8.312356394,35.636,62.02577972,,,,,,,,,,,0.015353067,,,0.0,Segment B: native,35.636,62.02577972,8.312356394,poultry manure|8.062|20.0|67.0
poultry manure,8.06193,20.0,67.0,46.0,8.177964789,35.1344,62.02577972,,,,,,,,,,,0.015353067,,,0.0,Segment B: native,35.1344,62.02577972,8.177964789,poultry manure|8.062|20.0|67.0
poultry manure,8.06193,20.0,67.0,47.0,8.019826494,34.6328,62.01425927,,,,,,,,,,,0.0148878,,,0.0,Segment B: native,34.6328,62.01425927,8.019826494,poultry manure|8.062|20.0|67.0
poultry manure,8.06193,20.0,67.0,48.0,8.019826494,36.8312,61.44806528,,,,,,,,,,,0.0148878,,,0.0,Segment B: native,36.8312,61.44806528,8.019826494,poultry manure|8.062|20.0|67.0
poultry manure,8.06193,20.0,67.0,49.0,7.9,35.9297,61.44806528,,,,,,,,,,,0.015353067,,,0.0,Segment B: native,35.9297,61.44806528,7.9,poultry manure|8.062|20.0|67.0
poultry manure,8.06193,20.0,67.0,50.0,7.925022256,34.7281,61.40141947,,,,,,,,,,,0.006048167,,,0.0,Segment B: native,34.7281,61.40141947,7.925022256,poultry manure|8.062|20.0|67.0
poultry manure,8.06193,20.0,67.0,51.0,7.907010909,33.8266,61.53969336,,,,,,,,,,,0.025123133,,,0.0,Segment B: native,33.8266,61.53969336,7.907010909,poultry manure|8.062|20.0|67.0
poultry manure,8.06193,20.0,67.0,52.0,7.876215455,33.825,61.37924033,,,,,,,,,,,0.025123133,,,0.0,Segment B: native,33.825,61.37924033,7.876215455,poultry manure|8.062|20.0|67.0
poultry manure,8.06193,20.0,67.0,53.0,7.778462841,35.8235,61.56117214,,,,,,,,,,,0.025123133,,,0.0,Segment B: native,35.8235,61.56117214,7.778462841,poultry manure|8.062|20.0|67.0
poultry manure,8.06193,20.0,67.0,54.0,7.747475455,35.0219,59.44797934,,,,,,,,,,,0.0214012,,,0.0,Segment B: native,35.0219,59.44797934,7.747475455,poultry manure|8.062|20.0|67.0
poultry manure,8.06193,20.0,67.0,55.0,7.747475455,35.0204,59.16444134,,,,,,,,,,,0.021866467,,,0.0,Segment B: native,35.0204,59.16444134,7.747475455,poultry manure|8.062|20.0|67.0
poultry manure,8.06193,20.0,67.0,56.0,7.69,35.8187,59.06660747,,,,,,,,,,,0.021865,,,0.0,Segment B: native,35.8187,59.06660747,7.69,poultry manure|8.062|20.0|67.0
poultry manure,8.06193,20.0,67.0,57.0,7.714733182,35.8172,59.06660747,,,,,,,,,,,0.021866467,,,0.0,Segment B: native,35.8172,59.06660747,7.714733182,poultry manure|8.062|20.0|67.0
poultry manure,8.06193,20.0,67.0,58.0,7.714733182,35.6156,59.06660747,,,,,,,,,,,0.021866467,,,0.0,Segment B: native,35.6156,59.06660747,7.714733182,poultry manure|8.062|20.0|67.0
poultry manure,8.06193,20.0,67.0,59.0,7.709790945,35.6141,59.04274384,,,,,,,,,,,0.016283533,,,0.0,Segment B: native,35.6141,59.04274384,7.709790945,poultry manure|8.062|20.0|67.0
poultry manure,8.06193,20.0,67.0,60.0,7.657394013,34.2127,59.23819838,,,,,,,,,,,0.016283533,,,0.0,Segment B: native,34.2127,59.23819838,7.657394013,poultry manure|8.062|20.0|67.0
poultry manure,8.06193,20.0,67.0,61.0,7.661884695,32.911,59.35803818,,,,,,,,,,,0.016283533,,,0.0,Segment B: native,32.911,59.35803818,7.661884695,poultry manure|8.062|20.0|67.0
poultry manure,8.06193,20.0,67.0,62.0,7.657867841,32.6094,59.35803818,,,,,,,,,,,0.016283533,,,0.0,Segment B: native,32.6094,59.35803818,7.657867841,poultry manure|8.062|20.0|67.0
poultry manure,8.06193,20.0,67.0,63.0,7.49,33.5079,59.35803818,,,,,,,,,,,0.016283533,,,0.0,Segment B: native,33.5079,59.35803818,7.49,poultry manure|8.062|20.0|67.0
poultry manure,8.06193,20.0,67.0,64.0,7.591255682,34.5063,59.42743477,,,,,,,,,,,0.016283533,,,0.0,Segment B: native,34.5063,59.42743477,7.591255682,poultry manure|8.062|20.0|67.0
poultry manure,8.06193,20.0,67.0,65.0,7.591255682,35.8048,59.42743477,,,,,,,,,,,0.013957333,,,0.0,Segment B: native,35.8048,59.42743477,7.591255682,poultry manure|8.062|20.0|67.0
poultry manure,8.24,25.0,67.0,1.0,8.098499129,32.9031,67.0,,,,,,,,,,,0.232156667,,,0.018329533,Segment B: native,32.9031,67.0,8.098499129,poultry manure|8.24|25.0|67.0
poultry manure,8.24,25.0,67.0,2.0,8.378126484,34.0016,61.87272386,,,,,,,,,,,0.224247333,,,0.003779287,Segment B: native,34.0016,61.87272386,8.378126484,poultry manure|8.24|25.0|67.0
poultry manure,8.24,25.0,67.0,3.0,8.793316203,35.3,54.34749318,,,,,,,,,,,0.166557333,,,0.003590327,Segment B: native,35.3,54.34749318,8.793316203,poultry manure|8.24|25.0|67.0
poultry manure,8.24,25.0,67.0,4.0,8.899985939,42.1001,54.21480707,,,,,,,,,,,0.201450667,,,0.007747533,Segment B: native,42.1001,54.21480707,8.899985939,poultry manure|8.24|25.0|67.0
poultry manure,8.24,25.0,67.0,5.0,9.049249132,52.6984,53.33781162,,,,,,,,,,,0.165626667,,,0.006613753,Segment B: native,52.6984,53.33781162,9.049249132,poultry manure|8.24|25.0|67.0
poultry manure,8.24,25.0,67.0,6.0,9.050645193,48.4969,52.88790025,,,,,,,,,,,0.172605333,,,0.008125467,Segment B: native,48.4969,52.88790025,9.050645193,poultry manure|8.24|25.0|67.0
poultry manure,8.24,25.0,67.0,7.0,9.4,50.6953,52.12898928,,,,,,,,,,,0.204707333,,,0.0115268,Segment B: native,50.6953,52.12898928,9.4,poultry manure|8.24|25.0|67.0
poultry manure,8.24,25.0,67.0,8.0,9.019363704,46.3938,48.42068258,,,,,,,,,,,0.155856667,,,0.006613753,Segment B: native,46.3938,48.42068258,9.019363704,poultry manure|8.24|25.0|67.0
poultry manure,8.24,25.0,67.0,9.0,8.941809809,51.7922,48.26244735,,,,,,,,,,,0.188423333,,,0.009070267,Segment B: native,51.7922,48.26244735,8.941809809,poultry manure|8.24|25.0|67.0
poultry manure,8.24,25.0,67.0,10.0,8.904602979,46.7905,48.08486439,,,,,,,,,,,0.176792667,,,0.003212393,Segment B: native,46.7905,48.08486439,8.904602979,poultry manure|8.24|25.0|67.0
poultry manure,8.24,25.0,67.0,11.0,8.617971765,49.689,47.55180758,,,,,,,,,,,0.177258,,,0.010582,Segment B: native,49.689,47.55180758,8.617971765,poultry manure|8.24|25.0|67.0
poultry manure,8.24,25.0,67.0,12.0,8.624920646,48.4875,46.4873782,,,,,,,,,,,0.168418,,,0.008692333,Segment B: native,48.4875,46.4873782,8.624920646,poultry manure|8.24|25.0|67.0
poultry manure,8.24,25.0,67.0,13.0,8.590273463,46.6859,46.33050961,,,,,,,,,,,0.17214,,,0.00510204,Segment B: native,46.6859,46.33050961,8.590273463,poultry manure|8.24|25.0|67.0
poultry manure,8.24,25.0,67.0,14.0,8.6,47.5844,45.93870296,,,,,,,,,,,0.158182667,,,0.003023433,Segment B: native,47.5844,45.93870296,8.6,poultry manure|8.24|25.0|67.0
poultry manure,8.24,25.0,67.0,15.0,8.474666243,42.3827,46.43452114,,,,,,,,,,,0.155856667,,,0.000188965,Segment B: native,42.3827,46.43452114,8.474666243,poultry manure|8.24|25.0|67.0
poultry manure,8.24,25.0,67.0,16.0,8.433550789,44.9813,45.23026205,,,,,,,,,,,0.138177333,,,0.0,Segment B: native,44.9813,45.23026205,8.433550789,poultry manure|8.24|25.0|67.0
poultry manure,8.24,25.0,67.0,17.0,8.433516471,42.3797,45.03010621,,,,,,,,,,,0.133059333,,,0.0,Segment B: native,42.3797,45.03010621,8.433516471,poultry manure|8.24|25.0|67.0
poultry manure,8.24,25.0,67.0,18.0,8.167121324,41.3782,51.20087671,,,,,,,,,,,0.119567333,,,0.0,Segment B: native,41.3782,51.20087671,8.167121324,poultry manure|8.24|25.0|67.0
poultry manure,8.24,25.0,67.0,19.0,8.149507688,43.9766,51.23127557,,,,,,,,,,,0.068390667,,,0.0,Segment B: native,43.9766,51.23127557,8.149507688,poultry manure|8.24|25.0|67.0
poultry manure,8.24,25.0,67.0,20.0,8.074898256,42.3751,51.65860512,,,,,,,,,,,0.068390667,,,0.0,Segment B: native,42.3751,51.65860512,8.074898256,poultry manure|8.24|25.0|67.0
poultry manure,8.24,25.0,67.0,21.0,7.85,40.9734,60.98557464,,,,,,,,,,,0.070252,,,0.0,Segment B: native,40.9734,60.98557464,7.85,poultry manure|8.24|25.0|67.0
poultry manure,8.24,25.0,67.0,22.0,7.92142587,37.8718,60.999211,,,,,,,,,,,0.069786667,,,0.0,Segment B: native,37.8718,60.999211,7.92142587,poultry manure|8.24|25.0|67.0
poultry manure,8.24,25.0,67.0,23.0,7.913698597,38.1703,61.06622333,,,,,,,,,,,0.065134067,,,0.0,Segment B: native,38.1703,61.06622333,7.913698597,poultry manure|8.24|25.0|67.0
poultry manure,8.24,25.0,67.0,24.0,7.904494052,37.9687,60.60941424,,,,,,,,,,,0.065134067,,,0.0,Segment B: native,37.9687,60.60941424,7.904494052,poultry manure|8.24|25.0|67.0
poultry manure,8.24,25.0,67.0,25.0,7.853845529,37.6671,60.89399606,,,,,,,,,,,0.042337133,,,0.0,Segment B: native,37.6671,60.89399606,7.853845529,poultry manure|8.24|25.0|67.0
poultry manure,8.24,25.0,67.0,26.0,7.858691586,37.4656,60.69571765,,,,,,,,,,,0.0428024,,,0.0,Segment B: native,37.4656,60.69571765,7.858691586,poultry manure|8.24|25.0|67.0
poultry manure,8.24,25.0,67.0,27.0,7.846502154,35.4641,60.65061596,,,,,,,,,,,0.0428024,,,0.0,Segment B: native,35.4641,60.65061596,7.846502154,poultry manure|8.24|25.0|67.0
poultry manure,8.24,25.0,67.0,28.0,7.74,38.9624,60.48976937,,,,,,,,,,,0.041871933,,,0.0,Segment B: native,38.9624,60.48976937,7.74,poultry manure|8.24|25.0|67.0
poultry manure,8.24,25.0,67.0,29.0,7.793434239,34.9609,60.43844209,,,,,,,,,,,0.041871933,,,0.0,Segment B: native,34.9609,60.43844209,7.793434239,poultry manure|8.24|25.0|67.0
poultry manure,8.24,25.0,67.0,30.0,7.780524693,36.3593,60.51731639,,,,,,,,,,,0.041406667,,,0.0,Segment B: native,36.3593,60.51731639,7.780524693,poultry manure|8.24|25.0|67.0
poultry manure,8.24,25.0,67.0,31.0,7.735809579,35.3578,60.85076752,,,,,,,,,,,0.0404762,,,0.0,Segment B: native,35.3578,60.85076752,7.735809579,poultry manure|8.24|25.0|67.0
poultry manure,8.24,25.0,67.0,32.0,7.68322992,38.2562,61.08728045,,,,,,,,,,,0.0404762,,,0.0,Segment B: native,38.2562,61.08728045,7.68322992,poultry manure|8.24|25.0|67.0
poultry manure,8.24,25.0,67.0,33.0,7.667411966,36.7547,62.27873533,,,,,,,,,,,0.0404762,,,0.0,Segment B: native,36.7547,62.27873533,7.667411966,poultry manure|8.24|25.0|67.0
poultry manure,8.24,25.0,67.0,34.0,7.665366511,36.4533,62.0765771,,,,,,,,,,,0.039545733,,,0.0,Segment B: native,36.4533,62.0765771,7.665366511,poultry manure|8.24|25.0|67.0
poultry manure,8.24,25.0,67.0,35.0,7.56,35.9516,61.94881119,,,,,,,,,,,0.039080467,,,0.0,Segment B: native,35.9516,61.94881119,7.56,poultry manure|8.24|25.0|67.0
poultry manure,8.24,25.0,67.0,36.0,7.630855004,34.25,61.7614838,,,,,,,,,,,0.039080467,,,0.0,Segment B: native,34.25,61.7614838,7.630855004,poultry manure|8.24|25.0|67.0
poultry manure,8.24,25.0,67.0,37.0,7.630855004,36.3484,61.72843607,,,,,,,,,,,0.054898733,,,0.0,Segment B: native,36.3484,61.72843607,7.630855004,poultry manure|8.24|25.0|67.0
poultry manure,8.24,25.0,67.0,38.0,7.65479821,35.0469,61.55724843,,,,,,,,,,,0.054898733,,,0.0,Segment B: native,35.0469,61.55724843,7.65479821,poultry manure|8.24|25.0|67.0
poultry manure,8.24,25.0,67.0,39.0,7.694284484,34.3453,61.47883933,,,,,,,,,,,0.089792,,,0.0,Segment B: native,34.3453,61.47883933,7.694284484,poultry manure|8.24|25.0|67.0
poultry manure,8.24,25.0,67.0,40.0,7.694284484,34.1438,61.50383933,,,,,,,,,,,0.074904,,,0.0,Segment B: native,34.1438,61.50383933,7.694284484,poultry manure|8.24|25.0|67.0
poultry manure,8.24,25.0,67.0,41.0,7.699656129,34.5422,61.86722911,,,,,,,,,,,0.075369333,,,0.0,Segment B: native,34.5422,61.86722911,7.699656129,poultry manure|8.24|25.0|67.0
poultry manure,8.24,25.0,67.0,42.0,7.69,36.9406,61.00640482,,,,,,,,,,,0.022796933,,,0.0,Segment B: native,36.9406,61.00640482,7.69,poultry manure|8.24|25.0|67.0
poultry manure,8.24,25.0,67.0,43.0,7.705464643,37.4391,61.00383921,,,,,,,,,,,0.022796933,,,0.0,Segment B: native,37.4391,61.00383921,7.705464643,poultry manure|8.24|25.0|67.0
poultry manure,8.24,25.0,67.0,44.0,7.671074664,36.4377,61.00383921,,,,,,,,,,,0.022796933,,,0.0,Segment B: native,36.4377,61.00383921,7.671074664,poultry manure|8.24|25.0|67.0
poultry manure,8.24,25.0,67.0,45.0,7.672526823,39.1359,61.10382934,,,,,,,,,,,0.022796933,,,0.0,Segment B: native,39.1359,61.10382934,7.672526823,poultry manure|8.24|25.0|67.0
poultry manure,8.24,25.0,67.0,46.0,7.671509384,37.8343,61.10382934,,,,,,,,,,,0.022796933,,,0.0,Segment B: native,37.8343,61.10382934,7.671509384,poultry manure|8.24|25.0|67.0
poultry manure,8.24,25.0,67.0,47.0,7.661850294,37.8328,61.09230889,,,,,,,,,,,0.022796933,,,0.0,Segment B: native,37.8328,61.09230889,7.661850294,poultry manure|8.24|25.0|67.0
poultry manure,8.24,25.0,67.0,48.0,7.664522053,39.5312,60.52317059,,,,,,,,,,,0.022796933,,,0.0,Segment B: native,39.5312,60.52317059,7.664522053,poultry manure|8.24|25.0|67.0
poultry manure,8.24,25.0,67.0,49.0,7.78,39.5297,60.52317059,,,,,,,,,,,0.0302408,,,0.0,Segment B: native,39.5297,60.52317059,7.78,poultry manure|8.24|25.0|67.0
poultry manure,8.24,25.0,67.0,50.0,7.655912811,39.5281,60.47652477,,,,,,,,,,,0.0302408,,,0.0,Segment B: native,39.5281,60.47652477,7.655912811,poultry manure|8.24|25.0|67.0
poultry manure,8.24,25.0,67.0,51.0,7.638574288,37.4266,60.69374639,,,,,,,,,,,0.0302408,,,0.0,Segment B: native,37.4266,60.69374639,7.638574288,poultry manure|8.24|25.0|67.0
poultry manure,8.24,25.0,67.0,52.0,7.634937924,37.525,60.49583199,,,,,,,,,,,0.0302408,,,0.0,Segment B: native,37.525,60.49583199,7.634937924,poultry manure|8.24|25.0|67.0
poultry manure,8.24,25.0,67.0,53.0,7.477665197,39.5235,60.67776381,,,,,,,,,,,0.0302408,,,0.0,Segment B: native,39.5235,60.67776381,7.477665197,poultry manure|8.24|25.0|67.0
poultry manure,8.24,25.0,67.0,54.0,7.384333027,38.522,58.56457101,,,,,,,,,,,0.0279146,,,0.0,Segment B: native,38.522,58.56457101,7.384333027,poultry manure|8.24|25.0|67.0
poultry manure,8.24,25.0,67.0,55.0,7.389303498,37.5204,58.21534118,,,,,,,,,,,0.0274494,,,0.0,Segment B: native,37.5204,58.21534118,7.389303498,poultry manure|8.24|25.0|67.0
poultry manure,8.24,25.0,67.0,56.0,7.21,38.7189,58.11750732,,,,,,,,,,,0.0279146,,,0.0,Segment B: native,38.7189,58.11750732,7.21,poultry manure|8.24|25.0|67.0
poultry manure,8.24,25.0,67.0,57.0,7.360630089,37.3172,58.11750732,,,,,,,,,,,0.0279146,,,0.0,Segment B: native,37.3172,58.11750732,7.360630089,poultry manure|8.24|25.0|67.0
poultry manure,8.24,25.0,67.0,58.0,7.360630089,36.2156,58.11750732,,,,,,,,,,,0.0279146,,,0.0,Segment B: native,36.2156,58.11750732,7.360630089,poultry manure|8.24|25.0|67.0
poultry manure,8.24,25.0,67.0,59.0,7.430460579,37.2141,58.09364368,,,,,,,,,,,0.017214,,,0.0,Segment B: native,37.2141,58.09364368,7.430460579,poultry manure|8.24|25.0|67.0
poultry manure,8.24,25.0,67.0,60.0,7.482806058,34.8124,58.28909822,,,,,,,,,,,0.017214,,,0.0,Segment B: native,34.8124,58.28909822,7.482806058,poultry manure|8.24|25.0|67.0
poultry manure,8.24,25.0,67.0,61.0,7.46392424,33.5109,58.46965961,,,,,,,,,,,0.017214,,,0.0,Segment B: native,33.5109,58.46965961,7.46392424,poultry manure|8.24|25.0|67.0
poultry manure,8.24,25.0,67.0,62.0,7.451232159,33.2094,58.45749257,,,,,,,,,,,0.017214,,,0.0,Segment B: native,33.2094,58.45749257,7.451232159,poultry manure|8.24|25.0|67.0
poultry manure,8.24,25.0,67.0,63.0,7.37,34.308,58.45749257,,,,,,,,,,,0.017214,,,0.0,Segment B: native,34.308,58.45749257,7.37,poultry manure|8.24|25.0|67.0
poultry manure,8.24,25.0,67.0,64.0,7.432006591,35.6064,58.52688916,,,,,,,,,,,0.017214,,,0.0,Segment B: native,35.6064,58.52688916,7.432006591,poultry manure|8.24|25.0|67.0
poultry manure,8.24,25.0,67.0,65.0,7.432006591,35.9048,58.52688916,,,,,,,,,,,0.0130268,,,0.0,Segment B: native,35.9048,58.52688916,7.432006591,poultry manure|8.24|25.0|67.0
poultry manure,8.53,30.0,67.0,1.0,9.127645964,32.1031,67.0,,,,,,,,,,,0.218199333,,,0.0075586,Segment B: native,32.1031,67.0,9.127645964,poultry manure|8.53|30.0|67.0
poultry manure,8.53,30.0,67.0,2.0,9.148018533,33.5017,65.95273409,,,,,,,,,,,0.201916,,,0.004535147,Segment B: native,33.5017,65.95273409,9.148018533,poultry manure|8.53|30.0|67.0
poultry manure,8.53,30.0,67.0,3.0,9.167525356,34.7,63.87921932,,,,,,,,,,,0.157717333,,,0.002267573,Segment B: native,34.7,63.87921932,9.167525356,poultry manure|8.53|30.0|67.0
poultry manure,8.53,30.0,67.0,4.0,9.16860631,44.1001,63.7934875,,,,,,,,,,,0.187028,,,0.00340136,Segment B: native,44.1001,63.7934875,9.16860631,poultry manure|8.53|30.0|67.0
poultry manure,8.53,30.0,67.0,5.0,9.203216979,49.0984,62.79580114,,,,,,,,,,,0.16237,,,0.00340136,Segment B: native,49.0984,62.79580114,9.203216979,poultry manure|8.53|30.0|67.0
poultry manure,8.53,30.0,67.0,6.0,9.195706137,47.6969,62.1551875,,,,,,,,,,,0.197728667,,,0.00340136,Segment B: native,47.6969,62.1551875,9.195706137,poultry manure|8.53|30.0|67.0
poultry manure,8.53,30.0,67.0,7.0,9.47,46.3953,62.93311932,,,,,,,,,,,0.18098,,,0.00510204,Segment B: native,46.3953,62.93311932,9.47,poultry manure|8.53|30.0|67.0
poultry manure,8.53,30.0,67.0,8.0,9.169359238,44.0938,61.59260568,,,,,,,,,,,0.171674667,,,0.003968253,Segment B: native,44.0938,61.59260568,9.169359238,poultry manure|8.53|30.0|67.0
poultry manure,8.53,30.0,67.0,9.0,9.13275507,50.0922,61.15815341,,,,,,,,,,,0.160509333,,,0.004724113,Segment B: native,50.0922,61.15815341,9.13275507,poultry manure|8.53|30.0|67.0
poultry manure,8.53,30.0,67.0,10.0,8.842446585,45.0907,61.15815341,,,,,,,,,,,0.148878,,,0.00170068,Segment B: native,45.0907,61.15815341,8.842446585,poultry manure|8.53|30.0|67.0
poultry manure,8.53,30.0,67.0,11.0,8.675639804,48.3891,60.81350455,,,,,,,,,,,0.164696,,,0.003023433,Segment B: native,48.3891,60.81350455,8.675639804,poultry manure|8.53|30.0|67.0
poultry manure,8.53,30.0,67.0,12.0,8.704117304,43.7874,60.87256364,,,,,,,,,,,0.155856667,,,0.002267573,Segment B: native,43.7874,60.87256364,8.704117304,poultry manure|8.53|30.0|67.0
poultry manure,8.53,30.0,67.0,13.0,8.690367304,43.0859,60.88861136,,,,,,,,,,,0.157717333,,,0.0,Segment B: native,43.0859,60.88861136,8.690367304,poultry manure|8.53|30.0|67.0
poultry manure,8.53,30.0,67.0,14.0,8.71,44.7844,61.02469545,,,,,,,,,,,0.139108,,,0.0,Segment B: native,44.7844,61.02469545,8.71,poultry manure|8.53|30.0|67.0
poultry manure,8.53,30.0,67.0,15.0,8.530849237,41.3828,61.03977614,,,,,,,,,,,0.134455333,,,0.0,Segment B: native,41.3828,61.03977614,8.530849237,poultry manure|8.53|30.0|67.0
poultry manure,8.53,30.0,67.0,16.0,8.506810033,42.5813,61.02586364,,,,,,,,,,,0.120498,,,0.0,Segment B: native,42.5813,61.02586364,8.506810033,poultry manure|8.53|30.0|67.0
poultry manure,8.53,30.0,67.0,17.0,8.502948555,39.0797,61.02586364,,,,,,,,,,,0.104214667,,,0.0,Segment B: native,39.0797,61.02586364,8.502948555,poultry manure|8.53|30.0|67.0
poultry manure,8.53,30.0,67.0,18.0,8.359554545,39.078,59.00328977,,,,,,,,,,,0.093979333,,,0.0,Segment B: native,39.078,59.00328977,8.359554545,poultry manure|8.53|30.0|67.0
poultry manure,8.53,30.0,67.0,19.0,8.359554545,40.7766,59.00328977,,,,,,,,,,,0.062807867,,,0.0,Segment B: native,40.7766,59.00328977,8.359554545,poultry manure|8.53|30.0|67.0
poultry manure,8.53,30.0,67.0,20.0,8.349327273,42.0751,59.00328977,,,,,,,,,,,0.063273133,,,0.0,Segment B: native,42.0751,59.00328977,8.349327273,poultry manure|8.53|30.0|67.0
poultry manure,8.53,30.0,67.0,21.0,8.26,38.8734,55.84465682,,,,,,,,,,,0.0660646,,,0.0,Segment B: native,38.8734,55.84465682,8.26,poultry manure|8.53|30.0|67.0
poultry manure,8.53,30.0,67.0,22.0,8.228827955,35.0718,55.84465682,,,,,,,,,,,0.0665298,,,0.0,Segment B: native,35.0718,55.84465682,8.228827955,poultry manure|8.53|30.0|67.0
poultry manure,8.53,30.0,67.0,23.0,8.220646136,36.3703,56.00280682,,,,,,,,,,,0.064668867,,,0.0,Segment B: native,36.3703,56.00280682,8.220646136,poultry manure|8.53|30.0|67.0
poultry manure,8.53,30.0,67.0,24.0,8.184381942,38.3687,56.00280682,,,,,,,,,,,0.065134067,,,0.0,Segment B: native,38.3687,56.00280682,8.184381942,poultry manure|8.53|30.0|67.0
poultry manure,8.53,30.0,67.0,25.0,8.093097623,39.9672,55.8965375,,,,,,,,,,,0.0428024,,,0.0,Segment B: native,39.9672,55.8965375,8.093097623,poultry manure|8.53|30.0|67.0
poultry manure,8.53,30.0,67.0,26.0,8.083857396,38.3656,54.54472727,,,,,,,,,,,0.0428024,,,0.0,Segment B: native,38.3656,54.54472727,8.083857396,poultry manure|8.53|30.0|67.0
poultry manure,8.53,30.0,67.0,27.0,8.020460341,34.3641,54.17450909,,,,,,,,,,,0.0428024,,,0.0,Segment B: native,34.3641,54.17450909,8.020460341,poultry manure|8.53|30.0|67.0
poultry manure,8.53,30.0,67.0,28.0,7.99,37.9625,53.95097386,,,,,,,,,,,0.041871933,,,0.0,Segment B: native,37.9625,53.95097386,7.99,poultry manure|8.53|30.0|67.0
poultry manure,8.53,30.0,67.0,29.0,7.956559773,34.361,53.79254432,,,,,,,,,,,0.041871933,,,0.0,Segment B: native,34.361,53.79254432,7.956559773,poultry manure|8.53|30.0|67.0
poultry manure,8.53,30.0,67.0,30.0,7.952797955,37.2593,53.59668295,,,,,,,,,,,0.041406667,,,0.0,Segment B: native,37.2593,53.59668295,7.952797955,poultry manure|8.53|30.0|67.0
poultry manure,8.53,30.0,67.0,31.0,7.916058182,35.7578,53.51286591,,,,,,,,,,,0.0404762,,,0.0,Segment B: native,35.7578,53.51286591,7.916058182,poultry manure|8.53|30.0|67.0
poultry manure,8.53,30.0,67.0,32.0,7.824549205,37.1562,53.65981364,,,,,,,,,,,0.040941467,,,0.0,Segment B: native,37.1562,53.65981364,7.824549205,poultry manure|8.53|30.0|67.0
poultry manure,8.53,30.0,67.0,33.0,7.779529205,37.2547,53.53813409,,,,,,,,,,,0.0404762,,,0.0,Segment B: native,37.2547,53.53813409,7.779529205,poultry manure|8.53|30.0|67.0
poultry manure,8.53,30.0,67.0,34.0,7.779529205,37.3531,53.53813409,,,,,,,,,,,0.0386152,,,0.0,Segment B: native,37.3531,53.53813409,7.779529205,poultry manure|8.53|30.0|67.0
poultry manure,8.53,30.0,67.0,35.0,7.6,37.7515,53.53813409,,,,,,,,,,,0.0386152,,,0.0,Segment B: native,37.7515,53.53813409,7.6,poultry manure|8.53|30.0|67.0
poultry manure,8.53,30.0,67.0,36.0,7.716899773,36.15,53.27327955,,,,,,,,,,,0.0386152,,,0.0,Segment B: native,36.15,53.27327955,7.716899773,poultry manure|8.53|30.0|67.0
poultry manure,8.53,30.0,67.0,37.0,7.716899773,37.4484,53.27582273,,,,,,,,,,,0.058155467,,,0.0,Segment B: native,37.4484,53.27582273,7.716899773,poultry manure|8.53|30.0|67.0
poultry manure,8.53,30.0,67.0,38.0,7.717161705,35.9468,49.83384886,,,,,,,,,,,0.0576902,,,0.0,Segment B: native,35.9468,49.83384886,7.717161705,poultry manure|8.53|30.0|67.0
poultry manure,8.53,30.0,67.0,39.0,7.701305909,34.7453,49.83384886,,,,,,,,,,,0.084209333,,,0.0,Segment B: native,34.7453,49.83384886,7.701305909,poultry manure|8.53|30.0|67.0
poultry manure,8.53,30.0,67.0,40.0,7.701987727,33.9437,49.83384886,,,,,,,,,,,0.065599333,,,0.0,Segment B: native,33.9437,49.83384886,7.701987727,poultry manure|8.53|30.0|67.0
poultry manure,8.53,30.0,67.0,41.0,7.666285114,35.3423,49.45437841,,,,,,,,,,,0.065599333,,,0.0,Segment B: native,35.3423,49.45437841,7.666285114,poultry manure|8.53|30.0|67.0
poultry manure,8.53,30.0,67.0,42.0,7.63,36.7406,49.45437841,,,,,,,,,,,0.018609733,,,0.0,Segment B: native,36.7406,49.45437841,7.63,poultry manure|8.53|30.0|67.0
poultry manure,8.53,30.0,67.0,43.0,7.644952879,36.8391,49.04900341,,,,,,,,,,,0.018609733,,,0.0,Segment B: native,36.8391,49.04900341,7.644952879,poultry manure|8.53|30.0|67.0
poultry manure,8.53,30.0,67.0,44.0,7.644046848,35.6375,48.96727159,,,,,,,,,,,0.018609733,,,0.0,Segment B: native,35.6375,48.96727159,7.644046848,poultry manure|8.53|30.0|67.0
poultry manure,8.53,30.0,67.0,45.0,7.644046848,37.636,48.96727159,,,,,,,,,,,0.018609733,,,0.0,Segment B: native,37.636,48.96727159,7.644046848,poultry manure|8.53|30.0|67.0
poultry manure,8.53,30.0,67.0,46.0,7.646221166,36.8344,48.96727159,,,,,,,,,,,0.018609733,,,0.0,Segment B: native,36.8344,48.96727159,7.646221166,poultry manure|8.53|30.0|67.0
poultry manure,8.53,30.0,67.0,47.0,7.683195712,36.8328,48.97370455,,,,,,,,,,,0.018609733,,,0.0,Segment B: native,36.8328,48.97370455,7.683195712,poultry manure|8.53|30.0|67.0
poultry manure,8.53,30.0,67.0,48.0,7.683195712,38.1312,48.97370455,,,,,,,,,,,0.018609733,,,0.0,Segment B: native,38.1312,48.97370455,7.683195712,poultry manure|8.53|30.0|67.0
poultry manure,8.53,30.0,67.0,49.0,7.63,37.8297,48.97370455,,,,,,,,,,,0.026053667,,,0.0,Segment B: native,37.8297,48.97370455,7.63,poultry manure|8.53|30.0|67.0
poultry manure,8.53,30.0,67.0,50.0,7.684368636,36.6281,48.97370455,,,,,,,,,,,0.026053667,,,0.0,Segment B: native,36.6281,48.97370455,7.684368636,poultry manure|8.53|30.0|67.0
poultry manure,8.53,30.0,67.0,51.0,7.702349205,35.1266,48.97370455,,,,,,,,,,,0.026053667,,,0.0,Segment B: native,35.1266,48.97370455,7.702349205,poultry manure|8.53|30.0|67.0
poultry manure,8.53,30.0,67.0,52.0,7.702349205,35.625,48.97370455,,,,,,,,,,,0.026053667,,,0.0,Segment B: native,35.625,48.97370455,7.702349205,poultry manure|8.53|30.0|67.0
poultry manure,8.53,30.0,67.0,53.0,7.696212841,37.5235,45.57825909,,,,,,,,,,,0.0255884,,,0.0,Segment B: native,37.5235,45.57825909,7.696212841,poultry manure|8.53|30.0|67.0
poultry manure,8.53,30.0,67.0,54.0,7.665770114,37.222,45.57825909,,,,,,,,,,,0.0232622,,,0.0,Segment B: native,37.222,45.57825909,7.665770114,poultry manure|8.53|30.0|67.0
poultry manure,8.53,30.0,67.0,55.0,7.656139091,36.8204,45.57825909,,,,,,,,,,,0.0232622,,,0.0,Segment B: native,36.8204,45.57825909,7.656139091,poultry manure|8.53|30.0|67.0
poultry manure,8.53,30.0,67.0,56.0,7.59,36.5189,43.96181136,,,,,,,,,,,0.0232622,,,0.0,Segment B: native,36.5189,43.96181136,7.59,poultry manure|8.53|30.0|67.0
poultry manure,8.53,30.0,67.0,57.0,7.660230795,36.3172,43.96181136,,,,,,,,,,,0.0232622,,,0.0,Segment B: native,36.3172,43.96181136,7.660230795,poultry manure|8.53|30.0|67.0
poultry manure,8.53,30.0,67.0,58.0,7.671916591,36.3156,43.96181136,,,,,,,,,,,0.0232622,,,0.0,Segment B: native,36.3156,43.96181136,7.671916591,poultry manure|8.53|30.0|67.0
poultry manure,8.53,30.0,67.0,59.0,7.668520114,36.8142,43.96181136,,,,,,,,,,,0.015353067,,,0.0,Segment B: native,36.8142,43.96181136,7.668520114,poultry manure|8.53|30.0|67.0
poultry manure,8.53,30.0,67.0,60.0,7.704184773,34.4125,43.96181136,,,,,,,,,,,0.015818267,,,0.0,Segment B: native,34.4125,43.96181136,7.704184773,poultry manure|8.53|30.0|67.0
poultry manure,8.53,30.0,67.0,61.0,7.695912273,32.711,43.96181136,,,,,,,,,,,0.015818267,,,0.0,Segment B: native,32.711,43.96181136,7.695912273,poultry manure|8.53|30.0|67.0
poultry manure,8.53,30.0,67.0,62.0,7.662579432,32.7094,43.96181136,,,,,,,,,,,0.015818267,,,0.0,Segment B: native,32.7094,43.96181136,7.662579432,poultry manure|8.53|30.0|67.0
poultry manure,8.53,30.0,67.0,63.0,7.68,34.2079,43.96181136,,,,,,,,,,,0.015818267,,,0.0,Segment B: native,34.2079,43.96181136,7.68,poultry manure|8.53|30.0|67.0
poultry manure,8.53,30.0,67.0,64.0,7.656177841,35.6062,43.96181136,,,,,,,,,,,0.015818267,,,0.0,Segment B: native,35.6062,43.96181136,7.656177841,poultry manure|8.53|30.0|67.0
poultry manure,8.53,30.0,67.0,65.0,7.656177841,36.3048,43.96181136,,,,,,,,,,,0.0107006,,,0.0,Segment B: native,36.3048,43.96181136,7.656177841,poultry manure|8.53|30.0|67.0
sewage sludge,7.63721,29.8207,65.0,0.0,7.63721,18.1388,65.0,,,,,,,29.8207,50.4244,,,,,,,Segment B: native,18.1388,65.0,7.63721,sewage sludge|7.637|29.821|65.0
sewage sludge,7.63721,29.8207,65.0,3.0,8.29293,47.3937,64.48308711,,,,,,,26.5168,59.3107,,,,,,,Segment B: native,47.3937,64.48308711,8.29293,sewage sludge|7.637|29.821|65.0
sewage sludge,7.63721,29.8207,65.0,6.0,8.42323,66.2028,61.35030889,,,,,,,21.1322,57.8349,,,,,,,Segment B: native,66.2028,61.35030889,8.42323,sewage sludge|7.637|29.821|65.0
sewage sludge,7.63721,29.8207,65.0,9.0,8.33205,44.0171,63.49661267,,,,,,,19.0332,70.4932,,,,,,,Segment B: native,44.0171,63.49661267,8.33205,sewage sludge|7.637|29.821|65.0
sewage sludge,7.63721,29.8207,65.0,15.0,8.33066,50.3262,64.29525269,,,,,,,18.2019,75.1073,,,,,,,Segment B: native,50.3262,64.29525269,8.33066,sewage sludge|7.637|29.821|65.0
sewage sludge,7.63721,29.8207,65.0,20.0,8.17205,43.303,63.77113557,,,,,,,13.9728,73.5871,,,,,,,Segment B: native,43.303,63.77113557,8.17205,sewage sludge|7.637|29.821|65.0
sewage sludge,7.63721,29.8207,65.0,25.0,8.01904,43.4174,62.51483469,,,,,,,13.104,78.7871,,,,,,,Segment B: native,43.4174,62.51483469,8.01904,sewage sludge|7.637|29.821|65.0
sewage sludge,7.63721,29.8207,65.0,30.0,7.89083,36.1409,61.20109309,,,,,,,11.9371,83.3584,,,,,,,Segment B: native,36.1409,61.20109309,7.89083,sewage sludge|7.637|29.821|65.0
sewage sludge,7.63721,29.8207,65.0,35.0,7.90061,16.9545,60.31502981,,,,,,,10.9503,95.6037,,,,,,,Segment B: native,16.9545,60.31502981,7.90061,sewage sludge|7.637|29.821|65.0
sewage sludge,7.63721,29.8207,65.0,40.0,7.75109,15.0839,59.73588288,,,,,,,10.4915,97.6821,,,,,,,Segment B: native,15.0839,59.73588288,7.75109,sewage sludge|7.637|29.821|65.0
sewage sludge,7.74166,29.8207,65.0,0.0,7.74166,18.1247,65.0,,,,,,,29.8207,52.332,,,,,,,Segment B: native,18.1247,65.0,7.74166,sewage sludge|7.742|29.821|65.0
sewage sludge,7.74166,29.8207,65.0,3.0,8.47214,68.3557,64.62749062,,,,,,,29.0944,64.0581,,,,,,,Segment B: native,68.3557,64.62749062,8.47214,sewage sludge|7.742|29.821|65.0
sewage sludge,7.74166,29.8207,65.0,6.0,8.37153,60.0086,61.01420295,,,,,,,19.6539,67.4165,,,,,,,Segment B: native,60.0086,61.01420295,8.37153,sewage sludge|7.742|29.821|65.0
sewage sludge,7.74166,29.8207,65.0,9.0,8.46306,47.255,62.10861698,,,,,,,18.5736,77.8419,,,,,,,Segment B: native,47.255,62.10861698,8.46306,sewage sludge|7.742|29.821|65.0
sewage sludge,7.74166,29.8207,65.0,15.0,8.36908,49.1154,62.34567477,,,,,,,15.5435,81.3939,,,,,,,Segment B: native,49.1154,62.34567477,8.36908,sewage sludge|7.742|29.821|65.0
sewage sludge,7.74166,29.8207,65.0,20.0,8.61258,40.4452,61.68930455,,,,,,,12.8113,91.9483,,,,,,,Segment B: native,40.4452,61.68930455,8.61258,sewage sludge|7.742|29.821|65.0
sewage sludge,7.74166,29.8207,65.0,25.0,8.62061,42.981,60.64038998,,,,,,,11.6071,96.9965,,,,,,,Segment B: native,42.981,60.64038998,8.62061,sewage sludge|7.742|29.821|65.0
sewage sludge,7.74166,29.8207,65.0,30.0,8.4131,33.7336,58.83191941,,,,,,,11.1297,110.781,,,,,,,Segment B: native,33.7336,58.83191941,8.4131,sewage sludge|7.742|29.821|65.0
sewage sludge,7.74166,29.8207,65.0,35.0,8.34253,20.9948,57.81190268,,,,,,,10.7267,121.921,,,,,,,Segment B: native,20.9948,57.81190268,8.34253,sewage sludge|7.742|29.821|65.0
sewage sludge,7.74166,29.8207,65.0,40.0,8.39389,20.884,57.13599645,,,,,,,9.7896,130.806,,,,,,,Segment B: native,20.884,57.13599645,8.39389,sewage sludge|7.742|29.821|65.0
pig manure,6.55487,32.012,81.4,0.0,6.55487,30.4642082,81.4,,,,,,,32.012,,4.66808,0.146847,,,,,Segment B: native,30.4642082,81.4,6.55487,pig manure|6.555|32.012|81.4
pig manure,6.55487,32.012,81.4,7.0,8.56793,60.24945169,79.175,,,,,,,35.6992,,3.81315,0.0071454,,,,,Segment B: native,60.24945169,79.175,8.56793,pig manure|6.555|32.012|81.4
pig manure,6.55487,32.012,81.4,14.0,8.75457,60.46523068,75.1112,,,,,,,30.7426,,3.24002,0.0185099,,,,,Segment B: native,60.46523068,75.1112,8.75457,pig manure|6.555|32.012|81.4
pig manure,6.55487,32.012,81.4,21.0,8.97252,50.81306058,74.1567,,,,,,,29.1467,,2.60555,0.0143451,,,,,Segment B: native,50.81306058,74.1567,8.97252,pig manure|6.555|32.012|81.4
pig manure,6.55487,32.012,81.4,28.0,8.70079,37.01354383,73.5773,,,,,,,29.3627,,2.15894,0.122541,,,,,Segment B: native,37.01354383,73.5773,8.70079,pig manure|6.555|32.012|81.4
pig manure,6.55487,32.012,81.4,56.0,8.05534,19.4997608,69.59,,,,,,,35.1361,,0.715672,0.282203,,,,,Segment B: native,19.4997608,69.59,8.05534,pig manure|6.555|32.012|81.4
pig manure,6.55487,32.012,81.4,87.0,8.04286,16.99856371,66.317,,,,,,,33.6673,,0.227127,,,,,,Segment B: native,16.99856371,66.317,8.04286,pig manure|6.555|32.012|81.4
pig manure,6.55487,32.012,81.4,185.0,7.44125,16.20444212,63.165,,,,,,,24.8819,127.0,0.0536116,,,,,,Segment B: native,16.20444212,63.165,7.44125,pig manure|6.555|32.012|81.4
pig manure,7.33946,50.1502,78.726,0.0,7.33946,29.85726544,78.726,,,,,,,50.1502,,3.12678,0.150732,,,,,Segment B: native,29.85726544,78.726,7.33946,pig manure|7.339|50.15|78.726
pig manure,7.33946,50.1502,78.726,7.0,8.51619,60.7063151,77.6022,,,,,,,49.6486,,2.29101,0.016817,,,,,Segment B: native,60.7063151,77.6022,8.51619,pig manure|7.339|50.15|78.726
pig manure,7.33946,50.1502,78.726,14.0,8.76421,60.54678517,73.4176,,,,,,,48.2178,,1.854,0.0107782,,,,,Segment B: native,60.54678517,73.4176,8.76421,pig manure|7.339|50.15|78.726
pig manure,7.33946,50.1502,78.726,21.0,8.97492,50.33915835,71.9307,,,,,,,47.5499,,1.509,0.0511393,,,,,Segment B: native,50.33915835,71.9307,8.97492,pig manure|7.339|50.15|78.726
pig manure,7.33946,50.1502,78.726,28.0,8.54799,36.48404644,70.3712,,,,,,,52.2425,,0.583125,0.362693,,,,,Segment B: native,36.48404644,70.3712,8.54799,pig manure|7.339|50.15|78.726
pig manure,7.33946,50.1502,78.726,56.0,8.19491,18.29900089,68.1019,,,,,,,55.4843,,0.119475,0.735373,,,,,Segment B: native,18.29900089,68.1019,8.19491,pig manure|7.339|50.15|78.726
pig manure,7.33946,50.1502,78.726,87.0,8.11746,18.12351236,66.559,,,,,,,49.993,,0.0450073,,,,,,Segment B: native,18.12351236,66.559,8.11746,pig manure|7.339|50.15|78.726
pig manure,7.33946,50.1502,78.726,185.0,7.88281,17.87133736,59.8259,,,,,,,37.1726,117.0,0.0746999,,,,,,Segment B: native,17.87133736,59.8259,7.88281,pig manure|7.339|50.15|78.726
cattle manure,7.33626,41.2745,79.1196,0.0,7.33626,34.46284753,79.1196,,,,,,,41.2745,,1.76376,0.0790654,,,,,Segment B: native,34.46284753,79.1196,7.33626,cattle manure|7.336|41.274|79.12
cattle manure,7.33626,41.2745,79.1196,7.0,8.35375,60.69536504,76.2955,,,,,,,33.6326,,2.35044,0.0148688,,,,,Segment B: native,60.69536504,76.2955,8.35375,cattle manure|7.336|41.274|79.12
cattle manure,7.33626,41.2745,79.1196,14.0,8.5356,60.4856246,75.0386,,,,,,,30.8418,,2.11471,0.0165469,,,,,Segment B: native,60.4856246,75.0386,8.5356,cattle manure|7.336|41.274|79.12
cattle manure,7.33626,41.2745,79.1196,21.0,8.44433,46.34454731,72.0758,,,,,,,29.1363,,2.05919,0.0317714,,,,,Segment B: native,46.34454731,72.0758,8.44433,cattle manure|7.336|41.274|79.12
cattle manure,7.33626,41.2745,79.1196,28.0,8.51791,36.14755908,72.053,,,,,,,27.4511,,1.2656,0.333612,,,,,Segment B: native,36.14755908,72.053,8.51791,cattle manure|7.336|41.274|79.12
cattle manure,7.33626,41.2745,79.1196,56.0,7.91337,15.88474535,69.5053,,,,,,,29.2005,,0.19807,0.867055,,,,,Segment B: native,15.88474535,69.5053,7.91337,cattle manure|7.336|41.274|79.12
cattle manure,7.33626,41.2745,79.1196,87.0,7.91172,15.55303068,67.1759,,,,,,,25.7647,,0.112102,,,,,,Segment B: native,15.55303068,67.1759,7.91172,cattle manure|7.336|41.274|79.12
cattle manure,7.33626,41.2745,79.1196,185.0,7.98868,15.30085568,63.3397,,,,,,,14.3043,172.0,0.0782859,,,,,,Segment B: native,15.30085568,63.3397,7.98868,cattle manure|7.336|41.274|79.12
cattle manure,7.36701,49.3544,78.6019,0.0,7.36701,35.26728951,78.6019,,,,,,,49.3544,,1.32284,0.104251,,,,,Segment B: native,35.26728951,78.6019,7.36701,cattle manure|7.367|49.354|78.602
cattle manure,7.36701,49.3544,78.6019,7.0,8.19253,61.25602037,76.7069,,,,,,,46.6973,,1.4456,0.0148573,,,,,Segment B: native,61.25602037,76.7069,8.19253,cattle manure|7.367|49.354|78.602
cattle manure,7.36701,49.3544,78.6019,14.0,8.45017,60.84783687,74.8935,,,,,,,46.8031,,1.17344,0.0281748,,,,,Segment B: native,60.84783687,74.8935,8.45017,cattle manure|7.367|49.354|78.602
cattle manure,7.36701,49.3544,78.6019,21.0,8.6621,48.04879801,74.1324,,,,,,,41.1506,,0.830362,0.171211,,,,,Segment B: native,48.04879801,74.1324,8.6621,cattle manure|7.367|49.354|78.602
cattle manure,7.36701,49.3544,78.6019,28.0,8.46617,36.48404644,73.7103,,,,,,,42.2838,,0.259147,0.409152,,,,,Segment B: native,36.48404644,73.7103,8.46617,cattle manure|7.367|49.354|78.602
cattle manure,7.36701,49.3544,78.6019,56.0,8.26711,18.29900089,69.3601,,,,,,,40.8838,,0.0562077,0.663704,,,,,Segment B: native,18.29900089,69.3601,8.26711,cattle manure|7.367|49.354|78.602
cattle manure,7.36701,49.3544,78.6019,87.0,8.18003,18.12351236,69.4383,,,,,,,38.9289,,0.0488445,,,,,,Segment B: native,18.12351236,69.4383,8.18003,cattle manure|7.367|49.354|78.602
cattle manure,7.36701,49.3544,78.6019,185.0,8.57943,17.87133736,60.6982,,,,,,,22.119,160.0,0.0492988,0.908533,,,,,Segment B: native,17.87133736,60.6982,8.57943,cattle manure|7.367|49.354|78.602
food waste,7.79454,30.0,65.0,0.0,7.79454,36.2759,65.0,,,,,,,30.0,,0.200683,0.078671,0.00945183,0.000946601,,,Segment B: native,36.2759,65.0,7.79454,food waste|7.795|30.0|65.0
food waste,7.79454,30.0,65.0,5.0,8.22048,62.0321,61.93716546,,,,,,,,,0.409556,0.0821918,0.00797383,0.061231898,,,Segment B: native,62.0321,61.93716546,8.22048,food waste|7.795|30.0|65.0
food waste,7.79454,30.0,65.0,10.0,8.24505,49.9556,63.44977517,,,,,,,,,0.094198,0.0821918,0.00499835,0.032775334,,,Segment B: native,49.9556,63.44977517,8.24505,food waste|7.795|30.0|65.0
food waste,7.79454,30.0,65.0,25.0,8.76928,34.9936,66.53789225,,,,,,,,,0.188396,0.0821918,0.00310355,0.001612918,,,Segment B: native,34.9936,66.53789225,8.76928,food waste|7.795|30.0|65.0
food waste,7.79454,30.0,65.0,45.0,8.42526,31.1618,59.38005118,,,,,,,,,0.151536,0.167808,0.0010532,0.001701106,,,Segment B: native,31.1618,59.38005118,8.42526,food waste|7.795|30.0|65.0
food waste,7.79454,30.0,65.0,60.0,8.50717,30.3316,55.20997159,,,,,,,,,0.0450521,0.835616,0.00294799,0.00115915,,,Segment B: native,30.3316,55.20997159,8.50717,food waste|7.795|30.0|65.0
food waste,7.60614,30.0,65.0,0.0,7.60614,37.3025,65.0,,,,,,,30.0,,0.58157,0.078671,0.00870317,0.001211025,,,Segment B: native,37.3025,65.0,7.60614,food waste|7.606|30.0|65.0
food waste,7.60614,30.0,65.0,5.0,8.42526,63.1728,62.07733919,,,,,,,,,0.593857,0.0821918,0.00828387,0.0548329,,,Segment B: native,63.1728,62.07733919,8.42526,food waste|7.606|30.0|65.0
food waste,7.60614,30.0,65.0,10.0,8.34334,48.4347,64.35979516,,,,,,,,,0.200683,0.0821918,0.00361312,0.07645851,,,Segment B: native,48.4347,64.35979516,8.34334,food waste|7.606|30.0|65.0
food waste,7.60614,30.0,65.0,25.0,8.78567,35.8555,66.31425853,,,,,,,,,0.14744,0.0821918,0.00149075,0.000608266,,,Segment B: native,35.8555,66.31425853,8.78567,food waste|7.606|30.0|65.0
food waste,7.60614,30.0,65.0,45.0,8.44983,32.6321,59.96508795,,,,,,,,,0.094198,0.143836,0.000795948,0.001436769,,,Segment B: native,32.6321,59.96508795,8.44983,food waste|7.606|30.0|65.0
food waste,7.60614,30.0,65.0,60.0,8.49078,29.7993,57.9463262,,,,,,,,,0.0409556,0.537671,0.00202451,0.001000363,,,Segment B: native,29.7993,57.9463262,8.49078,food waste|7.606|30.0|65.0
pig manure,6.09379,25.0,60.0,0.0,6.09379,25.68,65.0,,,,,,,25.0,,0.093913,0.00384,,,,,Segment B: native,25.68,65.0,6.09379,pig manure|6.094|25.0|60.0
pig manure,6.09379,25.0,60.0,1.0,8.89918,67.4,62.78409091,,,,,,,,,0.247826,0.00387402,,,,,Segment B: native,67.4,62.78409091,8.89918,pig manure|6.094|25.0|60.0
pig manure,6.09379,25.0,60.0,4.0,7.78935,58.72,58.298627690000004,,,,,,,,,0.0521739,0.00269183,,,,,Segment B: native,58.72,58.298627690000004,7.78935,pig manure|6.094|25.0|60.0
pig manure,6.09379,25.0,60.0,8.0,8.13287,54.8,53.83259186,,,,,,,,,0.086087,0.00231426,,,,,Segment B: native,54.8,53.83259186,8.13287,pig manure|6.094|25.0|60.0
pig manure,6.09379,25.0,60.0,13.0,8.48861,39.96,54.54581527,,,,,,,,,0.0469565,0.00169674,,,,,Segment B: native,39.96,54.54581527,8.48861,pig manure|6.094|25.0|60.0
pig manure,6.09379,25.0,60.0,19.0,7.91468,23.16,49.47782849,,,,,,,,,0.135652,0.00317236,,,,,Segment B: native,23.16,49.47782849,7.91468,pig manure|6.094|25.0|60.0
pig manure,6.09379,25.0,60.0,26.0,8.4042,27.08,45.43803031,,,,,,,,,0.104348,0.0174735,,,,,Segment B: native,27.08,45.43803031,8.4042,pig manure|6.094|25.0|60.0
pig manure,6.09379,25.0,60.0,37.0,9.05798,17.56,33.98970509,,,,,,,,,0.0626087,0.106146,,,,,Segment B: native,17.56,33.98970509,9.05798,pig manure|6.094|25.0|60.0
pig manure,5.7535,25.0,60.0,0.0,5.7535,25.68,65.0,,,,,,,25.0,,0.093913,0.00384,,,,,Segment B: native,25.68,65.0,5.7535,pig manure|5.754|25.0|60.0
pig manure,5.7535,25.0,60.0,1.0,8.88399,69.36,63.63806818,,,,,,,,,0.406957,0.00387402,,,,,Segment B: native,69.36,63.63806818,8.88399,pig manure|5.754|25.0|60.0
pig manure,5.7535,25.0,60.0,4.0,7.83391,60.68,57.09780162,,,,,,,,,0.101739,0.0103718,,,,,Segment B: native,60.68,57.09780162,7.83391,pig manure|5.754|25.0|60.0
pig manure,5.7535,25.0,60.0,8.0,8.25137,53.12,51.95637275,,,,,,,,,0.148378,0.00281515,,,,,Segment B: native,53.12,51.95637275,8.25137,pig manure|5.754|25.0|60.0
pig manure,5.7535,25.0,60.0,13.0,8.7975,51.72,52.50046634,,,,,,,,,0.0913043,0.033701,,,,,Segment B: native,51.72,52.50046634,8.7975,pig manure|5.754|25.0|60.0
pig manure,5.7535,25.0,60.0,19.0,7.93594,25.96,49.30597714,,,,,,,,,0.0991304,0.0684524,,,,,Segment B: native,25.96,49.30597714,7.93594,pig manure|5.754|25.0|60.0
pig manure,5.7535,25.0,60.0,26.0,8.07707,27.08,45.31647088,,,,,,,,,0.0991304,0.0763535,,,,,Segment B: native,27.08,45.31647088,8.07707,pig manure|5.754|25.0|60.0
pig manure,5.7535,25.0,60.0,37.0,8.57996,17.56,34.90958579,,,,,,,,,0.06,0.272546,,,,,Segment B: native,17.56,34.90958579,8.57996,pig manure|5.754|25.0|60.0
sewage sludge,7.81214,25.0,65.0,1.0,7.81214,38.3702,65.0,,,,,,,25.0,27.2516,,,,,,,Segment B: native,38.3702,65.0,7.81214,sewage sludge|7.812|25.0|65.0
sewage sludge,7.81214,25.0,65.0,3.0,8.23899,43.2589,58.03934357,,,,,,,,46.118,,,,,,,Segment B: native,43.2589,58.03934357,8.23899,sewage sludge|7.812|25.0|65.0
sewage sludge,7.81214,25.0,65.0,7.0,6.4724,51.702,53.2789885,,,,,,,,47.5155,,,,,,,Segment B: native,51.702,53.2789885,6.4724,sewage sludge|7.812|25.0|65.0
sewage sludge,7.81214,25.0,65.0,11.0,6.49063,38.7276,49.30728887,,,,,,,,71.2733,,,,,,,Segment B: native,38.7276,49.30728887,6.49063,sewage sludge|7.812|25.0|65.0
sewage sludge,7.81214,25.0,65.0,15.0,6.82215,28.6805,46.98328557,,,,,,,,73.3696,,,,,,,Segment B: native,28.6805,46.98328557,6.82215,sewage sludge|7.812|25.0|65.0
sewage sludge,7.81214,25.0,65.0,21.0,6.43178,27.9814,46.04359577,,,,,,,,83.8509,,,,,,,Segment B: native,27.9814,46.04359577,6.43178,sewage sludge|7.812|25.0|65.0
sewage sludge,7.81214,25.0,65.0,28.0,6.3355,24.8453,48.90386277,,,,,,,,99.2236,,,,,,,Segment B: native,24.8453,48.90386277,6.3355,sewage sludge|7.812|25.0|65.0
sewage sludge,7.81214,25.0,65.0,35.0,6.20126,26.5156,48.38689663,,,,,,,,122.283,,,,,,,Segment B: native,26.5156,48.38689663,6.20126,sewage sludge|7.812|25.0|65.0
sewage sludge,7.81214,25.0,65.0,42.0,6.29488,26.2865,47.32704445,,,,,,,,152.329,,,,,,,Segment B: native,26.2865,47.32704445,6.29488,sewage sludge|7.812|25.0|65.0
sewage sludge,8.08748,25.0,65.0,1.0,8.08748,39.827,65.0,,,,,,,25.0,29.3478,,,,,,,Segment B: native,39.827,65.0,8.08748,sewage sludge|8.087|25.0|65.0
sewage sludge,8.08748,25.0,65.0,3.0,8.48582,45.594,56.72839173,,,,,,,,34.2391,,,,,,,Segment B: native,45.594,56.72839173,8.48582,sewage sludge|8.087|25.0|65.0
sewage sludge,8.08748,25.0,65.0,7.0,7.01354,49.8503,51.67040859,,,,,,,,64.9845,,,,,,,Segment B: native,49.8503,51.67040859,7.01354,sewage sludge|8.087|25.0|65.0
sewage sludge,8.08748,25.0,65.0,11.0,6.71846,42.9212,49.45376553,,,,,,,,81.0559,,,,,,,Segment B: native,42.9212,49.45376553,6.71846,sewage sludge|8.087|25.0|65.0
sewage sludge,8.08748,25.0,65.0,15.0,7.03101,30.5322,49.80409014,,,,,,,,95.7298,,,,,,,Segment B: native,30.5322,49.80409014,7.03101,sewage sludge|8.087|25.0|65.0
sewage sludge,8.08748,25.0,65.0,21.0,6.54568,28.8051,46.3233597,,,,,,,,90.8335,,,,,,,Segment B: native,28.8051,46.3233597,6.54568,sewage sludge|8.087|25.0|65.0
sewage sludge,8.08748,25.0,65.0,18.0,6.56333,24.4845,46.68736661,,,,,,,,116.693,,,,,,,Segment B: native,24.4845,46.68736661,6.56333,sewage sludge|8.087|25.0|65.0
sewage sludge,8.08748,25.0,65.0,35.0,6.36265,26.502,50.97227834,,,,,,,,183.773,,,,,,,Segment B: native,26.502,50.97227834,6.36265,sewage sludge|8.087|25.0|65.0
sewage sludge,8.08748,25.0,65.0,42.0,6.50374,26.4703,51.18528521,,,,,,,,157.22,,,,,,,Segment B: native,26.4703,51.18528521,6.50374,sewage sludge|8.087|25.0|65.0
sheep manure,8.5866,30.0,60.0,0.0,8.5866,35.3841,60.0,,,,,,,30.0,26.4491,0.0205091,0.189105,,0.0,0.0,0.002453035,Segment B: native,35.3841,60.0,8.5866,sheep manure|8.587|30.0|60.0
sheep manure,8.5866,30.0,60.0,3.0,8.80774,60.1829,58.19754616,,,,,,,,9.65801,3.42087,0.203113,,0.004977535,0.000590875,0.1963495,Segment B: native,60.1829,58.19754616,8.80774,sheep manure|8.587|30.0|60.0
sheep manure,8.5866,30.0,60.0,7.0,8.76772,58.4379,62.16559872,,,,,,,,38.6653,4.45093,0.205447,,0.002877815,0.00072849,0.0579,Segment B: native,58.4379,62.16559872,8.76772,sheep manure|8.587|30.0|60.0
sheep manure,8.5866,30.0,60.0,14.0,9.61791,45.5242,60.01792864,,,,,,,,41.5221,1.57325,0.217121,,0.000468079,0.000188153,0.03613105,Segment B: native,45.5242,60.01792864,9.61791,sheep manure|8.587|30.0|60.0
sheep manure,8.5866,30.0,60.0,21.0,9.35726,51.0719,55.55663636,,,,,,,,54.7029,2.80253,0.22179,,0.000704615,0.002906215,0.00700555,Segment B: native,51.0719,55.55663636,9.35726,sheep manure|8.587|30.0|60.0
sheep manure,8.5866,30.0,60.0,28.0,9.39193,38.9306,52.81065227,,,,,,,,66.5919,0.934531,0.214786,,0.000481895,0.000278445,0.000436432,Segment B: native,38.9306,52.81065227,9.39193,sheep manure|8.587|30.0|60.0
sheep manure,8.5866,30.0,60.0,35.0,8.9969,21.2121,52.01154432,,,,,,,,67.514,0.199813,0.245136,,0.000302598,0.000326661,0.00083356,Segment B: native,21.2121,52.01154432,8.9969,sheep manure|8.587|30.0|60.0
sheep manure,8.5866,30.0,60.0,42.0,8.9849,24.0698,48.18582386,,,,,,,,69.4038,0.153317,0.37821,,0.000297096,0.000407058,0.00079251,Segment B: native,24.0698,48.18582386,8.9849,sheep manure|8.587|30.0|60.0
sheep manure,8.5866,30.0,60.0,50.0,9.39569,22.4996,47.79508068,,,,,,,,72.256,0.168348,0.392218,,0.000351265,0.0,0.000947315,Segment B: native,22.4996,47.79508068,9.39569,sheep manure|8.587|30.0|60.0
sheep manure,8.53228,30.0,60.0,0.0,8.53228,36.538,60.0,,,,,,,30.0,29.678,0.303761,0.182101,,0.0,0.0,0.002648165,Segment B: native,36.538,60.0,8.53228,sheep manure|8.532|30.0|60.0
sheep manure,8.53228,30.0,60.0,3.0,8.86809,61.1463,58.16682684,,,,,,,,21.916,4.32935,0.177432,,0.004407815,0.00061414,0.224508,Segment B: native,61.1463,58.16682684,8.86809,sheep manure|8.532|30.0|60.0
sheep manure,8.53228,30.0,60.0,7.0,8.69489,59.7849,62.23916311,,,,,,,,51.5684,3.29902,0.196109,,0.00275122,0.000679225,0.0653535,Segment B: native,59.7849,62.23916311,8.69489,sheep manure|8.532|30.0|60.0
sheep manure,8.53228,30.0,60.0,14.0,9.65332,44.7541,60.49959268,,,,,,,,50.8768,1.53277,0.207782,,0.000448221,0.000203893,0.0400282,Segment B: native,44.7541,60.49959268,9.65332,sheep manure|8.532|30.0|60.0
sheep manure,8.53228,30.0,60.0,21.0,9.24863,50.495,56.55973977,,,,,,,,52.7674,2.29621,0.210117,,0.00098885,0.003054055,0.0061287,Segment B: native,50.495,56.55973977,9.24863,sheep manure|8.532|30.0|60.0
sheep manure,8.53228,30.0,60.0,28.0,9.29014,36.623,54.01186364,,,,,,,,78.2047,0.468836,0.207782,,0.00056257,0.000373562,0.00053372,Segment B: native,36.623,54.01186364,9.29014,sheep manure|8.532|30.0|60.0
sheep manure,8.53228,30.0,60.0,35.0,8.97075,21.0188,53.31346136,,,,,,,,77.8365,0.159864,0.233463,,0.00067497,0.000263016,0.00088218,Segment B: native,21.0188,53.31346136,8.97075,sheep manure|8.532|30.0|60.0
sheep manure,8.53228,30.0,60.0,42.0,8.89315,24.6468,49.13987614,,,,,,,,81.0182,0.173826,0.37821,,0.00028841,0.000357097,0.000694995,Segment B: native,24.6468,49.13987614,8.89315,sheep manure|8.532|30.0|60.0
sheep manure,8.53228,30.0,60.0,50.0,9.40455,25.3855,48.87881136,,,,,,,,86.7743,0.147839,0.438911,,0.000353741,0.0,0.000947245,Segment B: native,25.3855,48.87881136,9.40455,sheep manure|8.532|30.0|60.0
sheep manure,8.33795,30.0,60.0,0.0,8.33795,37.1139,60.0,,,,,,,30.0,30.3247,0.242768,0.179767,,0.0,0.0,0.002696785,Segment B: native,37.1139,60.0,8.33795,sheep manure|8.338|30.0|60.0
sheep manure,8.33795,30.0,60.0,3.0,8.71963,61.5313,57.9483604,,,,,,,,19.3353,3.29955,0.175097,,0.004153375,0.00058197,0.2151055,Segment B: native,61.5313,57.9483604,8.71963,sheep manure|8.338|30.0|60.0
sheep manure,8.33795,30.0,60.0,7.0,8.68323,59.0162,61.21524723,,,,,,,,43.8227,4.26876,0.203113,,0.002790935,0.00059847,0.0496666,Segment B: native,59.0162,61.21524723,8.68323,sheep manure|8.338|30.0|60.0
sheep manure,8.33795,30.0,60.0,14.0,9.63763,43.9844,59.2208483,,,,,,,,55.0719,1.49242,0.18677,,0.000458158,0.000198415,0.03345155,Segment B: native,43.9844,59.2208483,9.63763,sheep manure|8.338|30.0|60.0
sheep manure,8.33795,30.0,60.0,21.0,9.22932,50.8791,55.56490341,,,,,,,,53.0892,2.11444,0.210117,,0.000828745,0.00275836,0.0066158,Segment B: native,50.8791,55.56490341,9.22932,sheep manure|8.338|30.0|60.0
sheep manure,8.33795,30.0,60.0,28.0,9.20685,37.584,53.37053068,,,,,,,,75.9482,0.914022,0.203113,,0.00052658,0.000339342,0.000338787,Segment B: native,37.584,53.37053068,9.20685,sheep manure|8.338|30.0|60.0
sheep manure,8.33795,30.0,60.0,35.0,8.98885,22.1731,52.65141477,,,,,,,,75.9049,0.240697,0.207782,,0.000302614,0.00025069,0.00088235,Segment B: native,22.1731,52.65141477,8.98885,sheep manure|8.338|30.0|60.0
sheep manure,8.33795,30.0,60.0,42.0,8.87385,25.2223,48.66412045,,,,,,,,81.6602,0.153851,0.37821,,0.000289655,0.000371464,0.000792595,Segment B: native,25.2223,48.66412045,8.87385,sheep manure|8.338|30.0|60.0
sheep manure,8.33795,30.0,60.0,50.0,9.56507,25.962,48.48985795,,,,,,,,88.0631,0.167947,0.469261,,0.000354993,0.0,0.00094736,Segment B: native,25.962,48.48985795,9.56507,sheep manure|8.338|30.0|60.0
sheep manure,8.4671,30.0,60.0,0.0,8.4671,37.4985,60.0,,,,,,,30.0,28.0651,0.384461,0.193774,,0.0,0.0,0.002550355,Segment B: native,37.4985,60.0,8.4671,sheep manure|8.467|30.0|60.0
sheep manure,8.4671,30.0,60.0,3.0,8.72244,62.491,57.85440218,,,,,,,,9.97904,3.33977,0.172763,,0.00410373,0.00060456,0.2021955,Segment B: native,62.491,57.85440218,8.72244,sheep manure|8.467|30.0|60.0
sheep manure,8.4671,30.0,60.0,7.0,8.70133,60.7442,61.5228312,,,,,,,,39.9564,1.63371,0.205447,,0.00269288,0.000616265,0.054197,Segment B: native,60.7442,61.5228312,8.70133,sheep manure|8.467|30.0|60.0
sheep manure,8.4671,30.0,60.0,14.0,9.5644,43.7925,59.85173882,,,,,,,,52.4913,2.2761,0.193774,,0.000437057,0.000191562,0.0310644,Segment B: native,43.7925,59.85173882,9.5644,sheep manure|8.467|30.0|60.0
sheep manure,8.4671,30.0,60.0,21.0,9.16132,50.6887,56.23026364,,,,,,,,60.1852,0.428352,0.205447,,0.00107449,0.0026694,0.00778505,Segment B: native,50.6887,56.23026364,9.16132,sheep manure|8.467|30.0|60.0
sheep manure,8.4671,30.0,60.0,28.0,9.23301,36.8157,53.70857045,,,,,,,,74.3361,0.159329,0.210117,,0.000449615,0.00032429,0.000241463,Segment B: native,36.8157,53.70857045,9.23301,sheep manure|8.467|30.0|60.0
sheep manure,8.4671,30.0,60.0,35.0,8.91241,22.3668,52.96879886,,,,,,,,75.5777,0.194869,0.22179,,0.000286472,0.000222628,0.000931135,Segment B: native,22.3668,52.96879886,8.91241,sheep manure|8.467|30.0|60.0
sheep manure,8.4671,30.0,60.0,42.0,8.84609,25.6069,48.73565795,,,,,,,,84.2463,0.147972,0.394553,,0.000288405,0.000330405,0.000451501,Segment B: native,25.6069,48.73565795,8.84609,sheep manure|8.467|30.0|60.0
sheep manure,8.4671,30.0,60.0,50.0,9.49547,25.7706,48.56353977,,,,,,,,89.3534,0.364086,0.494942,,0.000341328,0.0,0.00094716,Segment B: native,25.7706,48.56353977,9.49547,sheep manure|8.467|30.0|60.0
sheep manure,8.30737,30.0,60.0,0.0,8.30737,36.3461,60.0,,,,,,,30.0,34.191,3.36028,0.18677,,0.0,0.0,0.00274539,Segment B: native,36.3461,60.0,8.30737,sheep manure|8.307|30.0|60.0
sheep manure,8.30737,30.0,60.0,3.0,8.60939,60.5694,57.96508173,,,,,,,,40.6255,4.26849,0.163424,,0.0038679,0.00068736,0.173209,Segment B: native,60.5694,57.96508173,8.60939,sheep manure|8.307|30.0|60.0
sheep manure,8.30737,30.0,60.0,7.0,8.66995,60.1696,60.79442196,,,,,,,,48.0216,1.63411,0.205447,,0.002361475,0.000478026,0.0377795,Segment B: native,60.1696,60.79442196,8.66995,sheep manure|8.307|30.0|60.0
sheep manure,8.30737,30.0,60.0,14.0,9.58653,44.5617,58.71578175,,,,,,,,64.1025,2.15492,0.203113,,0.000444506,0.000201829,0.0212233,Segment B: native,44.5617,58.71578175,9.58653,sheep manure|8.307|30.0|60.0
sheep manure,8.30737,30.0,60.0,21.0,9.13638,51.4592,55.38625795,,,,,,,,66.9609,0.448861,0.203113,,0.000681035,0.0025127,0.00335179,Segment B: native,51.4592,55.38625795,9.13638,sheep manure|8.307|30.0|60.0
sheep manure,8.30737,30.0,60.0,28.0,9.21088,36.0516,53.13332614,,,,,,,,81.7538,0.159062,0.217121,,0.000426029,0.000259981,0.000241517,Segment B: native,36.0516,53.13332614,9.21088,sheep manure|8.307|30.0|60.0
sheep manure,8.30737,30.0,60.0,35.0,8.9277,21.5948,52.38344091,,,,,,,,82.3549,0.133476,0.224125,,0.000291446,0.000425893,0.001174645,Segment B: native,21.5948,52.38344091,8.9277,sheep manure|8.307|30.0|60.0
sheep manure,8.30737,30.0,60.0,42.0,8.91569,24.6477,48.37765795,,,,,,,,86.8261,0.168214,0.389883,,0.0002822,0.000361196,0.00030545,Segment B: native,24.6477,48.37765795,8.91569,sheep manure|8.307|30.0|60.0
sheep manure,8.30737,30.0,60.0,50.0,9.64232,26.1552,48.20553977,,,,,,,,93.8702,0.202552,0.511284,,0.00034382,0.0,0.000996135,Segment B: native,26.1552,48.20553977,9.64232,sheep manure|8.307|30.0|60.0
cattle manure,7.47354,29.423,60.0,0.0,7.47354,38.86727607,60.0,,,,,,,29.423,0.729241,0.788727,0.0835326,,,0.001349576,0.000823784,Segment B: native,38.86727607,60.0,7.47354,cattle manure|7.474|29.423|60.0
cattle manure,7.47354,29.423,60.0,5.0,7.23975,57.01434008,59.34910662,,,,,,,32.4465,18.9351,0.871913,0.13252,,,0.01741668,0.01372506,Segment B: native,57.01434008,59.34910662,7.23975,cattle manure|7.474|29.423|60.0
cattle manure,7.47354,29.423,60.0,10.0,8.39729,50.75619646,58.18788345,,,,,,,31.9619,22.0127,0.709713,0.152623,,,0.0084187,0.00372958,Segment B: native,50.75619646,58.18788345,8.39729,cattle manure|7.474|29.423|60.0
cattle manure,7.47354,29.423,60.0,15.0218,8.27712,44.78094651,60.49451776,,,,,,,,35.2521,0.550797,0.0614784,,,0.00445114,0.000447302,Segment B: native,44.78094651,60.49451776,8.27712,cattle manure|7.474|29.423|60.0
cattle manure,7.47354,29.423,60.0,20.0,8.06377,41.99192509,60.38328252,,,,,,,33.2408,49.0611,0.438988,0.145206,,,0.00301256,0.000119641,Segment B: native,41.99192509,60.38328252,8.06377,cattle manure|7.474|29.423|60.0
cattle manure,7.47354,29.423,60.0,25.0,7.87497,32.60475513,60.86744248,,,,,,,,61.5714,0.189148,0.213711,,,0.001513066,0.00010188,Segment B: native,32.60475513,60.86744248,7.87497,cattle manure|7.474|29.423|60.0
cattle manure,7.47354,29.423,60.0,30.0529,7.91116,31.97342482,58.1616898,,,,,,,21.8473,74.2185,0.171549,0.187558,,,0.000271284,0.000131786,Segment B: native,31.97342482,58.1616898,7.91116,cattle manure|7.474|29.423|60.0
cattle manure,7.47354,29.423,60.0,35.0025,7.81866,33.52748364,55.45765406,,,,,,,,77.2505,0.152853,0.175457,,,0.000128884,0.000117434,Segment B: native,33.52748364,55.45765406,7.81866,cattle manure|7.474|29.423|60.0
cattle manure,7.47354,29.423,60.0,40.0126,7.74115,31.47571644,54.87863702,,,,,,,20.6522,75.6573,0.158258,0.168431,,,0.000138059,0.000113307,Segment B: native,31.47571644,54.87863702,7.74115,cattle manure|7.474|29.423|60.0
cattle manure,7.47354,29.423,60.0,50.0471,7.76462,29.79154049,53.60747424,,,,,,,20.5314,74.7722,0.146061,0.16687,,,0.000148935,0.00011867,Segment B: native,29.79154049,53.60747424,7.76462,cattle manure|7.474|29.423|60.0
cattle manure,7.47354,29.423,60.0,59.915,7.80783,30.12516156,52.96703016,,,,,,,,75.0492,0.147377,0.159649,,,0.000152189,9.68e-05,Segment B: native,30.12516156,52.96703016,7.80783,cattle manure|7.474|29.423|60.0
cattle manure,7.47354,29.423,60.0,75.0348,7.85013,29.01639449,52.75129266,,,,,,,20.1388,77.196,0.161396,0.177995,,,0.000116886,6.43e-05,Segment B: native,29.01639449,52.75129266,7.85013,cattle manure|7.474|29.423|60.0
cattle manure,7.96156,29.5159,60.0,0.0,7.96156,40.79023473,60.0,,,,,,,29.5159,0.797554,0.828165,0.0891925,,,0.001311676,0.00089527,Segment B: native,40.79023473,60.0,7.96156,cattle manure|7.962|29.516|60.0
cattle manure,7.96156,29.5159,60.0,5.0,7.52799,57.38533869,57.62363083,,,,,,,27.9438,15.358,1.1005,0.111051,,,0.01400498,0.00439402,Segment B: native,57.38533869,57.62363083,7.52799,cattle manure|7.962|29.516|60.0
cattle manure,7.96156,29.5159,60.0,10.0,8.48337,52.57834091,58.14524886,,,,,,,28.3611,25.7949,0.852488,0.132325,,,0.00708058,0.001530444,Segment B: native,52.57834091,58.14524886,8.48337,cattle manure|7.962|29.516|60.0
cattle manure,7.96156,29.5159,60.0,15.0218,8.13182,44.12681789,59.73133038,,,,,,,,43.705,0.770256,0.161796,,,0.00416684,0.000484752,Segment B: native,44.12681789,59.73133038,8.13182,cattle manure|7.962|29.516|60.0
cattle manure,7.96156,29.5159,60.0,20.0,8.05193,43.08936998,59.05433758,,,,,,,23.0419,58.6305,0.730747,0.151256,,,0.001374958,0.000126438,Segment B: native,43.08936998,59.05433758,8.05193,cattle manure|7.962|29.516|60.0
cattle manure,7.96156,29.5159,60.0,25.0,8.04554,32.22942518,55.64655043,,,,,,,,69.7737,0.496974,0.249232,,,0.000318958,9.85e-05,Segment B: native,32.22942518,55.64655043,8.04554,cattle manure|7.962|29.516|60.0
cattle manure,7.96156,29.5159,60.0,30.0529,8.06515,30.01590075,53.24068165,,,,,,,13.2598,84.5624,0.488503,0.58141,,,0.000214432,0.000135172,Segment B: native,30.01590075,53.24068165,8.06515,cattle manure|7.962|29.516|60.0
cattle manure,7.96156,29.5159,60.0,35.0025,8.01213,28.67726063,51.1667186,,,,,,,,86.3186,0.459217,0.520127,,,0.000125053,0.000117415,Segment B: native,28.67726063,51.1667186,8.01213,cattle manure|7.962|29.516|60.0
cattle manure,7.96156,29.5159,60.0,40.0126,7.93068,28.56886405,47.91414909,,,,,,,13.0329,85.0672,0.423725,0.500024,,,0.000126716,0.000113319,Segment B: native,28.56886405,47.91414909,7.93068,cattle manure|7.962|29.516|60.0
cattle manure,7.96156,29.5159,60.0,50.0471,8.02127,28.42277015,47.36877558,,,,,,,11.241,87.258,0.398016,0.514467,,,0.000152682,0.000122066,Segment B: native,28.42277015,47.36877558,8.02127,cattle manure|7.962|29.516|60.0
cattle manure,7.96156,29.5159,60.0,59.915,7.96181,28.6809007,42.56567489,,,,,,,,88.3096,0.41978,0.535155,,,0.000159807,8.66e-05,Segment B: native,28.6809007,42.56567489,7.96181,cattle manure|7.962|29.516|60.0
cattle manure,7.96156,29.5159,60.0,75.0348,8.03965,28.09132363,38.78348172,,,,,,,11.5512,85.2616,0.250494,0.580825,,,0.000111297,7.5324e-05,Segment B: native,28.09132363,38.78348172,8.03965,cattle manure|7.962|29.516|60.0
pig manure,6.49,15.4,63.5,3.0,6.49,45.20327268,63.5,,,,,,,15.4,,,0.51,,,,,Segment B: native,45.20327268,63.5,6.49,pig manure|6.49|15.4|63.5
pig manure,6.49,15.4,63.5,13.0,8.01,59.88115344,55.0,,,,,,,15.4,,,0.37,,,,,Segment B: native,59.88115344,55.0,8.01,pig manure|6.49|15.4|63.5
pig manure,6.49,15.4,63.5,22.0,8.37,64.99139125,46.6,,,,,,,15.3,,,0.27,,,,,Segment B: native,64.99139125,46.6,8.37,pig manure|6.49|15.4|63.5
pig manure,6.49,15.4,63.5,37.0,8.22,61.9835286,31.1,,,,,,,13.5,,,0.27,,,,,Segment B: native,61.9835286,31.1,8.22,pig manure|6.49|15.4|63.5
pig manure,6.49,15.4,63.5,48.0,8.21,51.28872845,22.7,,,,,,,13.8,,,0.27,,,,,Segment B: native,51.28872845,22.7,8.21,pig manure|6.49|15.4|63.5
pig manure,6.49,15.4,63.5,61.0,8.05,34.98330541,17.2,,,,,,,13.7,,,0.32,,,,,Segment B: native,34.98330541,17.2,8.05,pig manure|6.49|15.4|63.5
pig manure,6.49,15.4,63.5,70.0,7.93,43.09086567,16.7,,,,,,,13.1,,,0.32,,,,,Segment B: native,43.09086567,16.7,7.93,pig manure|6.49|15.4|63.5
pig manure,6.49,15.4,63.5,82.0,7.91,35.08024022,12.8,,,,,,,13.8,,,0.29,,,,,Segment B: native,35.08024022,12.8,7.91,pig manure|6.49|15.4|63.5
pig manure,6.75,17.5,60.0,3.0,6.75,47.41642708,60.0,,,,,,,17.5,,,0.65,,,,,Segment B: native,47.41642708,60.0,6.75,pig manure|6.75|17.5|60.0
pig manure,6.75,17.5,60.0,13.0,8.01,62.09437933,52.6,,,,,,,17.3,,,0.53,,,,,Segment B: native,62.09437933,52.6,8.01,pig manure|6.75|17.5|60.0
pig manure,6.75,17.5,60.0,22.0,8.34,67.93642578,42.9,,,,,,,18.4,,,0.46,,,,,Segment B: native,67.93642578,42.9,8.34,pig manure|6.75|17.5|60.0
pig manure,6.75,17.5,60.0,37.0,8.51,61.82668863,26.1,,,,,,,16.0,,,0.21,,,,,Segment B: native,61.82668863,26.1,8.51,pig manure|6.75|17.5|60.0
pig manure,6.75,17.5,60.0,48.0,8.2,47.71625464,20.7,,,,,,,16.5,,,0.26,,,,,Segment B: native,47.71625464,20.7,8.2,pig manure|6.75|17.5|60.0
pig manure,6.75,17.5,60.0,61.0,8.15,33.97254308,16.6,,,,,,,16.4,,,0.18,,,,,Segment B: native,33.97254308,16.6,8.15,pig manure|6.75|17.5|60.0
pig manure,6.75,17.5,60.0,70.0,8.08,38.87370859,15.9,,,,,,,15.6,,,0.26,,,,,Segment B: native,38.87370859,15.9,8.08,pig manure|6.75|17.5|60.0
pig manure,6.75,17.5,60.0,82.0,8.13,34.17404582,12.2,,,,,,,16.3,,,0.2,,,,,Segment B: native,34.17404582,12.2,8.13,pig manure|6.75|17.5|60.0
poultry manure,6.95,12.2,65.0,0.066584464,6.8,19.20785396,71.0,,,,,,,,,,,0.036719013,,0.0,0.001700193,Segment B: native,19.20785396,71.0,6.8,poultry manure|6.95|12.2|65.0
poultry manure,6.95,12.2,65.0,5.023427867,8.78631581,53.93504991,62.7396072,,,,,,,,,,,,,0.001945168,0.65960956,Segment B: native,53.93504991,62.7396072,8.78631581,poultry manure|6.95|12.2|65.0
poultry manure,6.95,12.2,65.0,10.00246609,8.747857854,29.81947046,57.41959208,,,,,,,,,,,1.884725409,,0.000226409,0.571550174,Segment B: native,29.81947046,57.41959208,8.747857854,poultry manure|6.95|12.2|65.0
poultry manure,6.95,12.2,65.0,14.95191122,8.814959768,24.05993613,59.10794267,,,,,,,,,,,1.11617311,,0.000130262,0.557157254,Segment B: native,24.05993613,59.10794267,8.814959768,poultry manure|6.95|12.2|65.0
poultry manure,6.95,12.2,65.0,20.15289766,8.838752633,22.47601596,62.45603042,,,,,,,,,,,0.667168202,,0.000121681,0.484797252,Segment B: native,22.47601596,62.45603042,8.838752633,poultry manure|6.95|12.2|65.0
poultry manure,6.95,12.2,65.0,24.99136868,8.861992017,22.74597389,67.31253547,,,,,,,,,,,0.663753358,,0.0,0.457242935,Segment B: native,22.74597389,67.31253547,8.861992017,poultry manure|6.95|12.2|65.0
poultry manure,6.95,12.2,65.0,31.05055487,9.15,24.82037706,70.0,,,,,,,,,,,0.67108301,,0.00012406,0.342166136,Segment B: native,24.82037706,70.0,9.15,poultry manure|6.95|12.2|65.0
poultry manure,6.95,12.2,65.0,0.022194821,6.95,12.80030224,65.0,,,,,,,,,,,0.046919606,,0.0,0.001280203,Segment B: native,12.80030224,65.0,6.95,poultry manure|6.95|12.2|65.0
poultry manure,6.95,12.2,65.0,4.942046856,8.860136972,59.63121604,59.98009871,,,,,,,,,,,,,0.0025841700000000002,0.324977938,Segment B: native,59.63121604,59.98009871,8.860136972,poultry manure|6.95|12.2|65.0
poultry manure,6.95,12.2,65.0,9.995067818,8.813243779,29.05944552,58.2395821,,,,,,,,,,,1.463695329,,0.000183172,0.298492126,Segment B: native,29.05944552,58.2395821,8.813243779,poultry manure|6.95|12.2|65.0
poultry manure,6.95,12.2,65.0,14.97410604,8.871965482,24.38879527,58.82768603,,,,,,,,,,,0.899598236,,0.00012893,0.318749236,Segment B: native,24.38879527,58.82768603,8.871965482,poultry manure|6.95|12.2|65.0
poultry manure,6.95,12.2,65.0,20.1972873,8.893922317,23.5452543,62.7212622,,,,,,,,,,,0.6171057,,0.0,0.309251064,Segment B: native,23.5452543,62.7212622,8.893922317,poultry manure|6.95|12.2|65.0
poultry manure,6.95,12.2,65.0,24.96177559,8.964064446,22.33347806,67.12451288,,,,,,,,,,,0.470217945,,0.0,0.263639208,Segment B: native,22.33347806,67.12451288,8.964064446,poultry manure|6.95|12.2|65.0
poultry manure,6.95,12.2,65.0,31.05055487,9.15,22.87833705,66.0,,,,,,,,,,,0.443122829,,0.0,0.207450445,Segment B: native,22.87833705,66.0,9.15,poultry manure|6.95|12.2|65.0
poultry manure,6.95,12.2,65.0,0.066584464,6.8,18.69007369,71.0,,,,,,,,,,,0.010508666,,0.0,0.002975898,Segment B: native,18.69007369,71.0,6.8,poultry manure|6.95|12.2|65.0
poultry manure,6.95,12.2,65.0,5.023427867,8.78631581,58.92905155,62.7396072,,,,,,,,,,,,,0.003036821,0.345045279,Segment B: native,58.92905155,62.7396072,8.78631581,poultry manure|6.95|12.2|65.0
poultry manure,6.95,12.2,65.0,10.00246609,8.747857854,31.75697188,57.41959208,,,,,,,,,,,1.481207742,,0.000206144,0.532173362,Segment B: native,31.75697188,57.41959208,8.747857854,poultry manure|6.95|12.2|65.0
poultry manure,6.95,12.2,65.0,14.95191122,8.814959768,26.33150314,59.10794267,,,,,,,,,,,1.079501263,,0.00011343,0.346733168,Segment B: native,26.33150314,59.10794267,8.814959768,poultry manure|6.95|12.2|65.0
poultry manure,6.95,12.2,65.0,20.15289766,8.838752633,24.38009191,62.45603042,,,,,,,,,,,0.745761513,,0.000101415,0.306131546,Segment B: native,24.38009191,62.45603042,8.838752633,poultry manure|6.95|12.2|65.0
poultry manure,6.95,12.2,65.0,24.99136868,8.861992017,24.19909173,67.31253547,,,,,,,,,,,0.695208605,,0.000103027,0.364972775,Segment B: native,24.19909173,67.31253547,8.861992017,poultry manure|6.95|12.2|65.0
poultry manure,6.95,12.2,65.0,31.05055487,9.15,26.10650735,73.0,,,,,,,,,,,0.702514675,,0.000144325,0.341312683,Segment B: native,26.10650735,73.0,9.15,poultry manure|6.95|12.2|65.0
poultry manure,6.95,12.2,65.0,0.022194821,6.95,9.207485167,65.0,,,,,,,,,,,0.078207957,,0.0,0.002558911,Segment B: native,9.207485167,65.0,6.95,poultry manure|6.95|12.2|65.0
poultry manure,6.95,12.2,65.0,4.942046856,8.860136972,62.28803875,59.98009871,,,,,,,,,,,,,0.003011476,0.209803402,Segment B: native,62.28803875,59.98009871,8.860136972,poultry manure|6.95|12.2|65.0
poultry manure,6.95,12.2,65.0,9.995067818,8.813243779,36.44544413,58.2395821,,,,,,,,,,,1.448031186,,0.000298456,0.280641798,Segment B: native,36.44544413,58.2395821,8.813243779,poultry manure|6.95|12.2|65.0
poultry manure,6.95,12.2,65.0,14.97410604,8.871965482,26.62803026,58.82768603,,,,,,,,,,,0.842239,,0.000149304,0.248635603,Segment B: native,26.62803026,58.82768603,8.871965482,poultry manure|6.95|12.2|65.0
poultry manure,6.95,12.2,65.0,20.1972873,8.893922317,25.5338699,62.7212622,,,,,,,,,,,0.658826634,,0.000112188,0.213626069,Segment B: native,25.5338699,62.7212622,8.893922317,poultry manure|6.95|12.2|65.0
poultry manure,6.95,12.2,65.0,24.96177559,8.964064446,23.50315885,67.12451288,,,,,,,,,,,0.444132964,,0.000111938,0.211366932,Segment B: native,23.50315885,67.12451288,8.964064446,poultry manure|6.95|12.2|65.0
poultry manure,6.95,12.2,65.0,31.05055487,9.15,24.14832988,71.0,,,,,,,,,,,0.453571856,,0.000118667,0.206170242,Segment B: native,24.14832988,71.0,9.15,poultry manure|6.95|12.2|65.0
sewage sludge,7.652792699,25.0,55.0,0.0,7.652792699,33.41761086,55.0,,,,,,,25.0,,0.380638731,,0.001491436,,,1.83e-05,Segment B: native,33.41761086,55.0,7.652792699,sewage sludge|7.653|25.0|55.0
sewage sludge,7.652792699,25.0,55.0,3.0,7.035303098,40.176811,54.36322045,,,,,,,,,1.06592668,,0.006228333,,,2.31e-05,Segment B: native,40.176811,54.36322045,7.035303098,sewage sludge|7.653|25.0|55.0
sewage sludge,7.652792699,25.0,55.0,7.0,6.895568027,49.67145553,50.5114925,,,,,,,,,1.735474316,,0.027749247,,,0.001540701,Segment B: native,49.67145553,50.5114925,6.895568027,sewage sludge|7.653|25.0|55.0
sewage sludge,7.652792699,25.0,55.0,10.0,6.48474963,51.48209736,51.75147039,,,,,,,,,2.040115133,,0.029887612,,,0.001028196,Segment B: native,51.48209736,51.75147039,6.48474963,sewage sludge|7.653|25.0|55.0
sewage sludge,7.652792699,25.0,55.0,14.0,5.11450194,47.17535149,54.35445897,,,,,,,,,2.50167795,,0.074848044,,,0.001087914,Segment B: native,47.17535149,54.35445897,5.11450194,sewage sludge|7.653|25.0|55.0
sewage sludge,7.652792699,25.0,55.0,21.0,4.819103295,42.09688626,50.56096396,,,,,,,,,2.549770915,,0.078970364,,,0.00022502,Segment B: native,42.09688626,50.56096396,4.819103295,sewage sludge|7.653|25.0|55.0
sewage sludge,7.652792699,25.0,55.0,28.0,4.265293557,37.79097159,55.02153271,,,,,,,,,3.901985106,,0.120307152,,,0.00022502,Segment B: native,37.79097159,55.02153271,4.265293557,sewage sludge|7.653|25.0|55.0
sewage sludge,7.652792699,25.0,55.0,35.0,4.086126597,35.64706705,49.71513254,,,,,,,,,3.531504724,,0.025820231,,,0.00022502,Segment B: native,35.64706705,49.71513254,4.086126597,sewage sludge|7.653|25.0|55.0
sewage sludge,7.652792699,25.0,55.0,42.0,4.397928953,34.43400909,46.86889855,,,,,,,,,2.861479505,,0.016370318,,,0.00022502,Segment B: native,34.43400909,46.86889855,4.397928953,sewage sludge|7.653|25.0|55.0
sewage sludge,7.652792699,25.0,55.0,49.0,5.158634695,33.58507955,50.18203745,,,,,,,,,2.566866146,,0.016620319,,,0.00022502,Segment B: native,33.58507955,50.18203745,5.158634695,sewage sludge|7.653|25.0|55.0
sewage sludge,7.652792699,25.0,55.0,56.0,5.20881901,33.00206705,45.44726492,,,,,,,,,2.403052811,,0.017396144,,,0.00022502,Segment B: native,33.00206705,45.44726492,5.20881901,sewage sludge|7.653|25.0|55.0
sewage sludge,8.6,25.0,55.0,0.0,8.586183212,36.48553182,55.0,,,,,,,25.0,,0.465661622,,0.001307431,,,1.63e-05,Segment B: native,36.48553182,55.0,8.586183212,sewage sludge|8.6|25.0|55.0
sewage sludge,8.6,25.0,55.0,3.0,7.842738644,60.99554117,54.48644773,,,,,,,,,2.584568082,,0.612556647,,,0.003104123,Segment B: native,60.99554117,54.48644773,7.842738644,sewage sludge|8.6|25.0|55.0
sewage sludge,8.6,25.0,55.0,7.0,7.354190901,61.05963523,50.79637386,,,,,,,,,4.921870654,,0.041701398,,,0.004551308,Segment B: native,61.05963523,50.79637386,7.354190901,sewage sludge|8.6|25.0|55.0
sewage sludge,8.6,25.0,55.0,10.0,6.901393839,56.84280568,49.4753748,,,,,,,,,3.84260307,,0.017793207,,,0.00142813,Segment B: native,56.84280568,49.4753748,6.901393839,sewage sludge|8.6|25.0|55.0
sewage sludge,8.6,25.0,55.0,14.0,7.297783343,51.805475,50.61202604,,,,,,,,,2.0726429,,0.016618448,,,0.000564553,Segment B: native,51.805475,50.61202604,7.297783343,sewage sludge|8.6|25.0|55.0
sewage sludge,8.6,25.0,55.0,21.0,7.377008507,43.15274432,50.66722129,,,,,,,,,1.840814791,,0.008463719,,,0.000564553,Segment B: native,43.15274432,50.66722129,7.377008507,sewage sludge|8.6|25.0|55.0
sewage sludge,8.6,25.0,55.0,28.0,7.546669395,38.57669773,52.71662296,,,,,,,,,1.349991664,,0.012215986,,,0.000564553,Segment B: native,38.57669773,52.71662296,7.546669395,sewage sludge|8.6|25.0|55.0
sewage sludge,8.6,25.0,55.0,35.0,7.881045587,37.80495682,52.79771793,,,,,,,,,0.842164845,,0.011687136,,,0.000564553,Segment B: native,37.80495682,52.79771793,7.881045587,sewage sludge|8.6|25.0|55.0
sewage sludge,8.6,25.0,55.0,42.0,8.063644293,36.71178182,51.88411392,,,,,,,,,0.505688313,,0.014324823,,,0.000564553,Segment B: native,36.71178182,51.88411392,8.063644293,sewage sludge|8.6|25.0|55.0
sewage sludge,8.6,25.0,55.0,49.0,8.171967216,34.8657625,53.35386786,,,,,,,,,0.476609308,,0.014012262,,,0.000564553,Segment B: native,34.8657625,53.35386786,8.171967216,sewage sludge|8.6|25.0|55.0
sewage sludge,8.6,25.0,55.0,56.0,8.241499449,34.76101818,52.78709068,,,,,,,,,0.403053254,,0.01,,,0.000564553,Segment B: native,34.76101818,52.78709068,8.241499449,sewage sludge|8.6|25.0|55.0
pig manure,7.146265888,25.0,65.75,0.077946119,7.146265888,19.89730139,65.75,,,,,,,25.0,,0.504735574,0.780941193,,,,,Segment B: native,19.89730139,65.75,7.146265888,pig manure|7.146|25.0|65.75
pig manure,7.146265888,25.0,65.75,3.069227985,7.660427737,13.00144758,60.27772214,,,,,,,,,0.640791333,0.800054866,,,,,Segment B: native,13.00144758,60.27772214,7.660427737,pig manure|7.146|25.0|65.75
pig manure,7.146265888,25.0,65.75,7.120926625,8.248049227,31.16286012,56.30168878,,,,,,,,,1.007837658,0.801100498,,,,,Segment B: native,31.16286012,56.30168878,8.248049227,pig manure|7.146|25.0|65.75
pig manure,7.146265888,25.0,65.75,10.09577538,8.162713067,29.90320989,50.77392295,,,,,,,,,0.827953596,0.782968608,,,,,Segment B: native,29.90320989,50.77392295,8.162713067,pig manure|7.146|25.0|65.75
pig manure,7.146265888,25.0,65.75,20.00644294,7.678217281,40.03074689,49.44234156,,,,,,,,,0.566772492,0.787437213,,,,,Segment B: native,40.03074689,49.44234156,7.678217281,pig manure|7.146|25.0|65.75
pig manure,7.146265888,25.0,65.75,30.0407777,7.495041315,26.91962455,53.91088352,,,,,,,,,0.427953244,0.886732041,,,,,Segment B: native,26.91962455,53.91088352,7.495041315,pig manure|7.146|25.0|65.75
pig manure,7.146265888,25.0,65.75,44.988593,7.361519003,28.76832905,47.59,,,,,,,22.8,,0.341297641,0.950449258,,,,,Segment B: native,28.76832905,47.59,7.361519003,pig manure|7.146|25.0|65.75
pig manure,7.330825792,25.0,61.14,0.274367858,7.330825792,23.24532698,61.14,,,,,,,25.0,,0.533744727,0.893760827,,,,,Segment B: native,23.24532698,61.14,7.330825792,pig manure|7.331|25.0|61.14
pig manure,7.330825792,25.0,61.14,3.080293707,7.794765603,38.06170102,57.38519393,,,,,,,,,0.722014638,0.935801703,,,,,Segment B: native,38.06170102,57.38519393,7.794765603,pig manure|7.331|25.0|61.14
pig manure,7.330825792,25.0,61.14,7.107533999,8.085462744,50.19204035,56.28690649,,,,,,,,,0.962478992,0.908330022,,,,,Segment B: native,50.19204035,56.28690649,8.085462744,pig manure|7.331|25.0|61.14
pig manure,7.330825792,25.0,61.14,10.0613889,7.745261285,52.15723297,52.16518273,,,,,,,,,0.903376972,0.839999917,,,,,Segment B: native,52.15723297,52.16518273,7.745261285,pig manure|7.331|25.0|61.14
pig manure,7.330825792,25.0,61.14,20.02028026,7.646202389,46.80013945,49.80688119,,,,,,,,,0.654324738,0.890952712,,,,,Segment B: native,46.80013945,49.80688119,7.646202389,pig manure|7.331|25.0|61.14
pig manure,7.330825792,25.0,61.14,30.10967475,7.531451471,33.09832763,51.9735038,,,,,,,,,0.456434091,0.924543538,,,,,Segment B: native,33.09832763,51.9735038,7.531451471,pig manure|7.331|25.0|61.14
pig manure,7.330825792,25.0,61.14,45.03581364,7.5347776,29.92543087,43.4,,,,,,,17.1,,0.372416148,,,,,,Segment B: native,29.92543087,43.4,7.5347776,pig manure|7.331|25.0|61.14
pig manure,7.478972853,25.0,60.46,0.187724288,7.478972853,25.06701822,60.46,,,,,,,25.0,,0.665600962,0.886312876,,,,,Segment B: native,25.06701822,60.46,7.478972853,pig manure|7.479|25.0|60.46
pig manure,7.478972853,25.0,60.46,3.07962149,7.786604892,44.9544706,58.14733591,,,,,,,,,0.768427629,0.946338871,,,,,Segment B: native,44.9544706,58.14733591,7.786604892,pig manure|7.479|25.0|60.46
pig manure,7.478972853,25.0,60.46,7.055752624,8.256836858,54.94312041,56.6089245,,,,,,,,,0.948239888,0.867423504,,,,,Segment B: native,54.94312041,56.6089245,8.256836858,pig manure|7.479|25.0|60.46
pig manure,7.478972853,25.0,60.46,9.935125911,7.812428564,53.28962053,52.43351768,,,,,,,,,0.834808555,0.810244596,,,,,Segment B: native,53.28962053,52.43351768,7.812428564,pig manure|7.479|25.0|60.46
pig manure,7.478972853,25.0,60.46,19.93035834,7.554550287,40.17840105,49.86209106,,,,,,,,,0.632173183,0.919457587,,,,,Segment B: native,40.17840105,49.86209106,7.554550287,pig manure|7.479|25.0|60.46
pig manure,7.478972853,25.0,60.46,30.12506334,7.51826899,37.99723184,49.45816296,,,,,,,,,0.497573346,,,,,,Segment B: native,37.99723184,49.45816296,7.51826899,pig manure|7.479|25.0|60.46
pig manure,7.478972853,25.0,60.46,45.11151559,7.453799266,31.13186408,42.66,,,,,,,16.6,,0.38876566,,,,,,Segment B: native,31.13186408,42.66,7.453799266,pig manure|7.479|25.0|60.46
pig manure,7.450097523,25.0,60.41,0.267718083,7.450097523,29.10429892,60.41,,,,,,,25.0,,0.616550311,0.987345724,,,,,Segment B: native,29.10429892,60.41,7.450097523,pig manure|7.45|25.0|60.41
pig manure,7.450097523,25.0,60.41,3.047572263,7.997527276,47.85929088,58.14604592,,,,,,,,,0.772119085,0.99096522,,,,,Segment B: native,47.85929088,58.14604592,7.997527276,pig manure|7.45|25.0|60.41
pig manure,7.450097523,25.0,60.41,7.087253736,8.239260355,54.64776353,56.47271414,,,,,,,,,0.944546496,,,,,,Segment B: native,54.64776353,56.47271414,8.239260355,pig manure|7.45|25.0|60.41
pig manure,7.450097523,25.0,60.41,10.08823621,7.671187548,55.0125,51.63643837,,,,,,,,,0.896518845,0.973886425,,,,,Segment B: native,55.0125,51.63643837,7.671187548,pig manure|7.45|25.0|60.41
pig manure,7.450097523,25.0,60.41,20.04474895,7.543252288,46.43088264,49.88046981,,,,,,,,,0.649050298,0.991359923,,,,,Segment B: native,46.43088264,49.88046981,7.543252288,pig manure|7.45|25.0|60.41
pig manure,7.450097523,25.0,60.41,30.12558043,7.524546461,38.98196525,48.522200839999996,,,,,,,,,0.597257453,,,,,,Segment B: native,38.98196525,48.522200839999996,7.524546461,pig manure|7.45|25.0|60.41
pig manure,7.450097523,25.0,60.41,45.26226796,7.483932985,31.0082442,41.77,,,,,,,14.9,,0.40564348,,,,,,Segment B: native,31.0082442,41.77,7.483932985,pig manure|7.45|25.0|60.41
poultry manure,7.466436354,25.0,64.99960972,7.081107334,7.466436354,39.6439318,64.99960972,,,,,,,25.0,,,,,,,,Segment B: native,39.6439318,64.99960972,7.466436354,poultry manure|7.466|25.0|65.0
poultry manure,7.466436354,25.0,64.99960972,13.98737251,7.470345546,35.25075226,56.89790951,,,,,,,,,,,,,,,Segment B: native,35.25075226,56.89790951,7.470345546,poultry manure|7.466|25.0|65.0
poultry manure,7.466436354,25.0,64.99960972,35.14327343,7.30086536,35.65195587,48.01648176,,,,,,,,,,,,,,,Segment B: native,35.65195587,48.01648176,7.30086536,poultry manure|7.466|25.0|65.0
poultry manure,7.466436354,25.0,64.99960972,48.97037397,7.362071957,28.43029087,52.63584478,,,,,,,,,,,,,,,Segment B: native,28.43029087,52.63584478,7.362071957,poultry manure|7.466|25.0|65.0
poultry manure,7.466436354,25.0,64.99960972,60.01457018,7.393737291,26.90571715,40.63541956,,,,,,,,,,,,,,,Segment B: native,26.90571715,40.63541956,7.393737291,poultry manure|7.466|25.0|65.0
poultry manure,7.338098602,25.0,62.90843137,6.964545896,7.338098602,39.04212638,62.90843137,,,,,,,25.0,,,,,,,,Segment B: native,39.04212638,62.90843137,7.338098602,poultry manure|7.338|25.0|62.908
poultry manure,7.338098602,25.0,62.90843137,14.06022341,7.476506333,36.05315948,58.31560211,,,,,,,,,,,,,,,Segment B: native,36.05315948,58.31560211,7.476506333,poultry manure|7.338|25.0|62.908
poultry manure,7.338098602,25.0,62.90843137,35.05585236,7.271603832,34.6890672,50.23164768,,,,,,,,,,,,,,,Segment B: native,34.6890672,50.23164768,7.271603832,poultry manure|7.338|25.0|62.908
poultry manure,7.338098602,25.0,62.90843137,49.05779505,7.313048065,29.95486459,55.22320147,,,,,,,,,,,,,,,Segment B: native,29.95486459,55.22320147,7.313048065,poultry manure|7.338|25.0|62.908
poultry manure,7.338098602,25.0,62.90843137,60.01457018,7.396817373,27.22668004,40.52910984,,,,,,,,,,,,,,,Segment B: native,27.22668004,40.52910984,7.396817373,poultry manure|7.338|25.0|62.908
poultry manure,7.618387447,25.0,60.72868908,7.124817873,7.618387447,41.87061184,60.72868908,,,,,,,25.0,,,,,,,,Segment B: native,41.87061184,60.72868908,7.618387447,poultry manure|7.618|25.0|60.729
poultry manure,7.466436354,25.0,64.99960972,7.081107334,7.466436354,39.6439318,64.99960972,,,,,,,25.0,,,,,,,,Segment B: native,39.6439318,64.99960972,7.466436354,poultry manure|7.466|25.0|65.0
poultry manure,7.466436354,25.0,64.99960972,13.98737251,7.470345546,35.25075226,56.89790951,,,,,,,,,,,,,,,Segment B: native,35.25075226,56.89790951,7.470345546,poultry manure|7.466|25.0|65.0
poultry manure,7.466436354,25.0,64.99960972,35.14327343,7.30086536,35.65195587,48.01648176,,,,,,,,,,,,,,,Segment B: native,35.65195587,48.01648176,7.30086536,poultry manure|7.466|25.0|65.0
poultry manure,7.466436354,25.0,64.99960972,48.97037397,7.362071957,28.43029087,52.63584478,,,,,,,,,,,,,,,Segment B: native,28.43029087,52.63584478,7.362071957,poultry manure|7.466|25.0|65.0
poultry manure,7.466436354,25.0,64.99960972,60.01457018,7.393737291,26.90571715,40.63541956,,,,,,,,,,,,,,,Segment B: native,26.90571715,40.63541956,7.393737291,poultry manure|7.466|25.0|65.0
poultry manure,7.618387447,25.0,60.72868908,13.92909179,7.435180776,36.37412237,58.06751536,,,,,,,,,,,,,,,Segment B: native,36.37412237,58.06751536,7.435180776,poultry manure|7.618|25.0|60.729
poultry manure,7.618387447,25.0,60.72868908,35.09956289,7.285207902,35.11033099,51.04683767,,,,,,,,,,,,,,,Segment B: native,35.11033099,51.04683767,7.285207902,poultry manure|7.618|25.0|60.729
poultry manure,7.618387447,25.0,60.72868908,48.81010199,7.439072639,29.11233701,55.09913141,,,,,,,,,,,,,,,Segment B: native,29.11233701,55.09913141,7.439072639,poultry manure|7.618|25.0|60.729
poultry manure,7.618387447,25.0,60.72868908,60.11656144,7.455083133,27.74824473,38.63290219,,,,,,,,,,,,,,,Segment B: native,27.74824473,38.63290219,7.455083133,poultry manure|7.618|25.0|60.729
poultry manure,7.886078048,12.88,65.03,0.0,7.886078048,31.79381291,65.03,,,,,,,12.88,,,0.331521514,,,,,Segment B: native,31.79381291,65.03,7.886078048,poultry manure|7.886|12.88|65.03
poultry manure,7.886078048,12.88,65.03,1.0,8.881761303,50.2079692,68.021177,,,,,,,,,,0.448543393,,0.087849618,,0.471846082,Segment B: native,50.2079692,68.021177,8.881761303,poultry manure|7.886|12.88|65.03
poultry manure,7.886078048,12.88,65.03,2.0,8.651972037,54.72746109,64.95855142,,,,,,,,,,0.496663152,,0.164178227,,0.729496326,Segment B: native,54.72746109,64.95855142,8.651972037,poultry manure|7.886|12.88|65.03
poultry manure,7.886078048,12.88,65.03,3.0,9.244663735,61.37015283,60.20429792,,,,,,,,,,0.436097697,,0.132241937,,0.640700351,Segment B: native,61.37015283,60.20429792,9.244663735,poultry manure|7.886|12.88|65.03
poultry manure,7.886078048,12.88,65.03,4.0,8.934463993,55.08642026,58.6297407,,,,,,,,,,0.442875282,,0.093832736,,0.681091884,Segment B: native,55.08642026,58.6297407,8.934463993,poultry manure|7.886|12.88|65.03
poultry manure,7.886078048,12.88,65.03,5.0,8.823829457,53.62670612,56.56382484,,,,,,,,,,0.42261219,,0.084767374,,0.628336527,Segment B: native,53.62670612,56.56382484,8.823829457,poultry manure|7.886|12.88|65.03
poultry manure,7.886078048,12.88,65.03,6.0,8.535918376,52.84648143,55.01829943,,,,,,,,,,0.41794949,,0.080304788,,0.522534561,Segment B: native,52.84648143,55.01829943,8.535918376,poultry manure|7.886|12.88|65.03
poultry manure,7.886078048,12.88,65.03,7.0,8.736254926,53.170347,55.41179875,,,,,,,,,,0.458007945,,0.070424281,,0.565718429,Segment B: native,53.170347,55.41179875,8.736254926,poultry manure|7.886|12.88|65.03
poultry manure,7.886078048,12.88,65.03,8.0,8.679875023,51.98245427,54.35912392,,,,,,,,,,0.356621435,,0.082311721,,0.479460639,Segment B: native,51.98245427,54.35912392,8.679875023,poultry manure|7.886|12.88|65.03
poultry manure,7.886078048,12.88,65.03,10.0,8.099197606,45.88669081,54.14832222,,,,,,,,,,0.468200468,,0.093908158,,0.249329011,Segment B: native,45.88669081,54.14832222,8.099197606,poultry manure|7.886|12.88|65.03
poultry manure,7.886078048,12.88,65.03,12.0,8.353590771,34.64408984,53.43501204,,,,,,,,,,0.398812436,,0.114566541,,0.048387711,Segment B: native,34.64408984,53.43501204,8.353590771,poultry manure|7.886|12.88|65.03
poultry manure,7.886078048,12.88,65.03,15.0,8.33363908,31.08041164,61.04,,,,,,,17.02,,,0.414725073,,0.07662996,,0.034536896,Segment B: native,31.08041164,61.04,8.33363908,poultry manure|7.886|12.88|65.03
poultry manure,7.888008922,24.41,63.17,0.0,7.888008922,31.79383783,63.17,,,,,,,24.41,,,0.312281033,,,,,Segment B: native,31.79383783,63.17,7.888008922,poultry manure|7.888|24.41|63.17
poultry manure,7.888008922,24.41,63.17,1.0,8.638606245,61.09608891,63.57716324,,,,,,,,,,0.429563154,,0.070253007,,0.314993251,Segment B: native,61.09608891,63.57716324,8.638606245,poultry manure|7.888|24.41|63.17
poultry manure,7.888008922,24.41,63.17,2.0,8.499876541,64.51145137,62.57331917,,,,,,,,,,0.494063163,,0.090914838,,0.434065348,Segment B: native,64.51145137,62.57331917,8.499876541,poultry manure|7.888|24.41|63.17
poultry manure,7.888008922,24.41,63.17,3.0,8.642094295,63.86712315,58.47220427,,,,,,,,,,0.521901533,,0.067992654,,0.574963497,Segment B: native,63.86712315,58.47220427,8.642094295,poultry manure|7.888|24.41|63.17
poultry manure,7.888008922,24.41,63.17,4.0,8.442334089,58.39870886,58.7666392,,,,,,,,,,0.421034639,,0.072016798,,0.556979836,Segment B: native,58.39870886,58.7666392,8.442334089,poultry manure|7.888|24.41|63.17
poultry manure,7.888008922,24.41,63.17,5.0,8.633956653,58.24698308,56.36576534,,,,,,,,,,0.407531529,,0.082849419,,0.454732195,Segment B: native,58.24698308,56.36576534,8.633956653,poultry manure|7.888|24.41|63.17
poultry manure,7.888008922,24.41,63.17,6.0,8.577570713,56.83821676,56.10312422,,,,,,,,,,0.41508978,,0.067838533,,0.268474152,Segment B: native,56.83821676,56.10312422,8.577570713,poultry manure|7.888|24.41|63.17
poultry manure,7.888008922,24.41,63.17,7.0,8.594815156,56.38072215,56.51489584,,,,,,,,,,0.417706506,,0.089986762,,0.346175567,Segment B: native,56.38072215,56.51489584,8.594815156,poultry manure|7.888|24.41|63.17
poultry manure,7.888008922,24.41,63.17,8.0,8.505499318,56.95941585,57.03355752,,,,,,,,,,0.396142785,,0.074592287,,0.230475918,Segment B: native,56.95941585,57.03355752,8.505499318,poultry manure|7.888|24.41|63.17
poultry manure,7.888008922,24.41,63.17,10.0,8.187359348,45.71679709,57.39280559,,,,,,,,,,0.507202548,,0.073530541,,0.144254435,Segment B: native,45.71679709,57.39280559,8.187359348,poultry manure|7.888|24.41|63.17
poultry manure,7.888008922,24.41,63.17,12.0,7.918622376,37.61666931,57.25075977,,,,,,,,,,0.478895871,,0.069544077,,0.03493559,Segment B: native,37.61666931,57.25075977,7.918622376,poultry manure|7.888|24.41|63.17
poultry manure,7.888008922,24.41,63.17,15.0,7.903510246,31.96370307,64.14,,,,,,,15.91,,,0.51794926,,0.066177458,,0.016009086,Segment B: native,31.96370307,64.14,7.903510246,poultry manure|7.888|24.41|63.17
poultry manure,7.693293539,27.43,62.39,0.0,7.886078048,31.79381291,65.03,,,,,,,12.88,,,0.331521514,,,,,Segment B: native,31.79381291,65.03,7.886078048,poultry manure|7.693|27.43|62.39
poultry manure,7.693293539,27.43,62.39,1.0,8.881761303,50.2079692,64.35038211,,,,,,,,,,0.448543393,,0.087849618,,0.471846082,Segment B: native,50.2079692,64.35038211,8.881761303,poultry manure|7.693|27.43|62.39
poultry manure,7.693293539,27.43,62.39,2.0,8.651972037,54.72746109,64.00740526,,,,,,,,,,0.496663152,,0.164178227,,0.729496326,Segment B: native,54.72746109,64.00740526,8.651972037,poultry manure|7.693|27.43|62.39
poultry manure,7.693293539,27.43,62.39,3.0,9.244663735,61.37015283,63.02765313,,,,,,,,,,0.436097697,,0.132241937,,0.640700351,Segment B: native,61.37015283,63.02765313,9.244663735,poultry manure|7.693|27.43|62.39
poultry manure,7.693293539,27.43,62.39,4.0,8.934463993,55.08642026,63.04890425,,,,,,,,,,0.442875282,,0.093832736,,0.681091884,Segment B: native,55.08642026,63.04890425,8.934463993,poultry manure|7.693|27.43|62.39
poultry manure,7.693293539,27.43,62.39,5.0,8.823829457,53.62670612,60.89484438,,,,,,,,,,0.42261219,,0.084767374,,0.628336527,Segment B: native,53.62670612,60.89484438,8.823829457,poultry manure|7.693|27.43|62.39
poultry manure,7.693293539,27.43,62.39,6.0,8.535918376,52.84648143,61.16001629,,,,,,,,,,0.41794949,,0.080304788,,0.522534561,Segment B: native,52.84648143,61.16001629,8.535918376,poultry manure|7.693|27.43|62.39
poultry manure,7.693293539,27.43,62.39,7.0,8.736254926,53.170347,63.46301036,,,,,,,,,,0.458007945,,0.070424281,,0.565718429,Segment B: native,53.170347,63.46301036,8.736254926,poultry manure|7.693|27.43|62.39
poultry manure,7.693293539,27.43,62.39,8.0,8.679875023,51.98245427,60.27252705,,,,,,,,,,0.356621435,,0.082311721,,0.479460639,Segment B: native,51.98245427,60.27252705,8.679875023,poultry manure|7.693|27.43|62.39
poultry manure,7.693293539,27.43,62.39,10.0,8.099197606,45.88669081,60.23692553,,,,,,,,,,0.468200468,,0.093908158,,0.249329011,Segment B: native,45.88669081,60.23692553,8.099197606,poultry manure|7.693|27.43|62.39
poultry manure,7.693293539,27.43,62.39,12.0,8.353590771,34.64408984,61.02997349,,,,,,,,,,0.398812436,,0.114566541,,0.048387711,Segment B: native,34.64408984,61.02997349,8.353590771,poultry manure|7.693|27.43|62.39
poultry manure,7.693293539,27.43,62.39,15.0,8.33363908,31.08041164,61.04,,,,,,,17.02,,,0.414725073,,0.07662996,,0.034536896,Segment B: native,31.08041164,61.04,8.33363908,poultry manure|7.693|27.43|62.39
poultry manure,7.693293539,27.43,62.39,0.0,7.693293539,30.87656338,62.39,,,,,,,27.43,,,0.290960238,,,,,Segment B: native,30.87656338,62.39,7.693293539,poultry manure|7.693|27.43|62.39
poultry manure,7.693293539,27.43,62.39,1.0,8.21235244,54.72629711,62.98535478,,,,,,,,,,0.376261541,,0.069821471,,0.318546551,Segment B: native,54.72629711,62.98535478,8.21235244,poultry manure|7.693|27.43|62.39
poultry manure,7.693293539,27.43,62.39,2.0,8.187939716,65.1229214,63.00482956,,,,,,,,,,0.508883698,,0.133108446,,0.616297987,Segment B: native,65.1229214,63.00482956,8.187939716,poultry manure|7.693|27.43|62.39
poultry manure,7.693293539,27.43,62.39,3.0,8.216805625,67.11142436,60.719818,,,,,,,,,,0.435838379,,0.101699512,,0.576486795,Segment B: native,67.11142436,60.719818,8.216805625,poultry manure|7.693|27.43|62.39
poultry manure,7.693293539,27.43,62.39,4.0,8.294116037,58.39867326,61.42564497,,,,,,,,,,0.394773762,,0.072352375,,0.606980873,Segment B: native,58.39867326,61.42564497,8.294116037,poultry manure|7.693|27.43|62.39
poultry manure,7.693293539,27.43,62.39,5.0,8.037199152,56.87103937,59.53801944,,,,,,,,,,0.383090551,,0.0730682,,0.492549008,Segment B: native,56.87103937,59.53801944,8.037199152,poultry manure|7.693|27.43|62.39
poultry manure,7.693293539,27.43,62.39,6.0,8.170699298,57.17794369,59.83740799,,,,,,,,,,0.398448537,,0.065009624,,0.354514669,Segment B: native,57.17794369,59.83740799,8.170699298,poultry manure|7.693|27.43|62.39
poultry manure,7.693293539,27.43,62.39,7.0,8.350700397,56.87334595,61.53949184,,,,,,,,,,0.463208499,,0.093199228,,0.409119973,Segment B: native,56.87334595,61.53949184,8.350700397,poultry manure|7.693|27.43|62.39
poultry manure,7.693293539,27.43,62.39,8.0,8.367933973,56.26293311,59.40433008,,,,,,,,,,0.401603003,,0.096264383,,0.38631318,Segment B: native,56.26293311,59.40433008,8.367933973,poultry manure|7.693|27.43|62.39
poultry manure,7.693293539,27.43,62.39,10.0,8.341387528,42.04778471,59.40328651,,,,,,,,,,0.390717427,,0.08959283,,0.14628421,Segment B: native,42.04778471,59.40328651,8.341387528,poultry manure|7.693|27.43|62.39
poultry manure,7.693293539,27.43,62.39,12.0,8.317755808,36.69944825,59.94047084,,,,,,,,,,0.458615002,,0.081434997,,0.026559953,Segment B: native,36.69944825,59.94047084,8.317755808,poultry manure|7.693|27.43|62.39
poultry manure,7.693293539,27.43,62.39,15.0,8.426639779,31.50504449,62.09,,,,,,,16.8,,,0.494808276,,0.072985936,,0.016261755,Segment B: native,31.50504449,62.09,8.426639779,poultry manure|7.693|27.43|62.39
poultry manure,7.876385646,28.06,62.6,0.0,7.886078048,31.79381291,65.03,,,,,,,12.88,,,0.331521514,,,,,Segment B: native,31.79381291,65.03,7.886078048,poultry manure|7.876|28.06|62.6
poultry manure,7.876385646,28.06,62.6,1.0,8.881761303,50.2079692,64.9303636,,,,,,,,,,0.448543393,,0.087849618,,0.471846082,Segment B: native,50.2079692,64.9303636,8.881761303,poultry manure|7.876|28.06|62.6
poultry manure,7.876385646,28.06,62.6,2.0,8.651972037,54.72746109,65.09286655,,,,,,,,,,0.496663152,,0.164178227,,0.729496326,Segment B: native,54.72746109,65.09286655,8.651972037,poultry manure|7.876|28.06|62.6
poultry manure,7.876385646,28.06,62.6,3.0,9.244663735,61.37015283,64.31302235,,,,,,,,,,0.436097697,,0.132241937,,0.640700351,Segment B: native,61.37015283,64.31302235,9.244663735,poultry manure|7.876|28.06|62.6
poultry manure,7.876385646,28.06,62.6,4.0,8.934463993,55.08642026,64.37283193,,,,,,,,,,0.442875282,,0.093832736,,0.681091884,Segment B: native,55.08642026,64.37283193,8.934463993,poultry manure|7.876|28.06|62.6
poultry manure,7.876385646,28.06,62.6,5.0,8.823829457,53.62670612,61.88496801,,,,,,,,,,0.42261219,,0.084767374,,0.628336527,Segment B: native,53.62670612,61.88496801,8.823829457,poultry manure|7.876|28.06|62.6
poultry manure,7.876385646,28.06,62.6,6.0,8.535918376,52.84648143,62.08391497,,,,,,,,,,0.41794949,,0.080304788,,0.522534561,Segment B: native,52.84648143,62.08391497,8.535918376,poultry manure|7.876|28.06|62.6
poultry manure,7.876385646,28.06,62.6,7.0,8.736254926,53.170347,64.20551414,,,,,,,,,,0.458007945,,0.070424281,,0.565718429,Segment B: native,53.170347,64.20551414,8.736254926,poultry manure|7.876|28.06|62.6
poultry manure,7.876385646,28.06,62.6,8.0,8.679875023,51.98245427,61.43281997,,,,,,,,,,0.356621435,,0.082311721,,0.479460639,Segment B: native,51.98245427,61.43281997,8.679875023,poultry manure|7.876|28.06|62.6
poultry manure,7.876385646,28.06,62.6,10.0,8.099197606,45.88669081,60.9101481,,,,,,,,,,0.468200468,,0.093908158,,0.249329011,Segment B: native,45.88669081,60.9101481,8.099197606,poultry manure|7.876|28.06|62.6
poultry manure,7.876385646,28.06,62.6,12.0,8.353590771,34.64408984,61.27493266,,,,,,,,,,0.398812436,,0.114566541,,0.048387711,Segment B: native,34.64408984,61.27493266,8.353590771,poultry manure|7.876|28.06|62.6
poultry manure,7.876385646,28.06,62.6,15.0,8.33363908,31.08041164,61.04,,,,,,,17.02,,,0.414725073,,0.07662996,,0.034536896,Segment B: native,31.08041164,61.04,8.33363908,poultry manure|7.876|28.06|62.6
poultry manure,7.876385646,28.06,62.6,0.0,7.876385646,31.89574772,62.6,,,,,,,28.06,,,0.299020214,,,,,Segment B: native,31.89574772,62.6,7.876385646,poultry manure|7.876|28.06|62.6
poultry manure,7.876385646,28.06,62.6,1.0,8.472948751,56.7986239,63.43241733,,,,,,,,,,0.382241088,,0.064882871,,0.341896469,Segment B: native,56.7986239,63.43241733,8.472948751,poultry manure|7.876|28.06|62.6
poultry manure,7.876385646,28.06,62.6,2.0,8.372002995,63.22054529,63.84686726,,,,,,,,,,0.493543546,,0.084729684,,0.452846851,Segment B: native,63.22054529,63.84686726,8.372002995,poultry manure|7.876|28.06|62.6
poultry manure,7.876385646,28.06,62.6,3.0,8.562656802,64.41067698,62.95316356,,,,,,,,,,0.433237756,,0.061567765,,0.460243339,Segment B: native,64.41067698,62.95316356,8.562656802,poultry manure|7.876|28.06|62.6
poultry manure,7.876385646,28.06,62.6,4.0,8.448141199,61.79592118,63.52395049,,,,,,,,,,0.429095077,,0.107689536,,0.492767533,Segment B: native,61.79592118,63.52395049,8.448141199,poultry manure|7.876|28.06|62.6
poultry manure,7.876385646,28.06,62.6,5.0,8.473143549,61.91596698,61.23463599,,,,,,,,,,0.416891961,,0.082274063,,0.408285255,Segment B: native,61.91596698,61.23463599,8.473143549,poultry manure|7.876|28.06|62.6
poultry manure,7.876385646,28.06,62.6,6.0,8.598888807,57.6535742,61.42748547,,,,,,,,,,0.412748994,,0.068509784,,0.299438741,Segment B: native,57.6535742,61.42748547,8.598888807,poultry manure|7.876|28.06|62.6
poultry manure,7.876385646,28.06,62.6,7.0,8.363288204,57.63772709,63.284889,,,,,,,,,,0.455928208,,0.094877329,,0.415211573,Segment B: native,57.63772709,63.284889,8.363288204,poultry manure|7.876|28.06|62.6
poultry manure,7.876385646,28.06,62.6,8.0,8.653720388,59.37144109,59.83121868,,,,,,,,,,0.474665752,,0.090702448,,0.318039278,Segment B: native,59.37144109,59.83121868,8.653720388,poultry manure|7.876|28.06|62.6
poultry manure,7.876385646,28.06,62.6,10.0,8.158292403,47.4154424,59.5402116,,,,,,,,,,0.550364043,,0.093428589,,0.143745683,Segment B: native,47.4154424,59.5402116,8.158292403,poultry manure|7.876|28.06|62.6
poultry manure,7.876385646,28.06,62.6,12.0,7.971902215,41.64241614,59.804353,,,,,,,,,,0.54675795,,0.073667487,,0.037727469,Segment B: native,41.64241614,59.804353,7.971902215,poultry manure|7.876|28.06|62.6
poultry manure,7.876385646,28.06,62.6,15.0,7.925792871,32.52425731,57.47,,,,,,,17.36,,,0.513789035,,0.069389913,,0.017024998,Segment B: native,32.52425731,57.47,7.925792871,poultry manure|7.876|28.06|62.6
poultry manure,7.880252827,16.31,61.97,0.0,7.886078048,31.79381291,65.03,,,,,,,12.88,,,0.331521514,,,,,Segment B: native,31.79381291,65.03,7.886078048,poultry manure|7.88|16.31|61.97
poultry manure,7.880252827,16.31,61.97,1.0,8.881761303,50.2079692,64.09613994,,,,,,,,,,0.448543393,,0.087849618,,0.471846082,Segment B: native,50.2079692,64.09613994,8.881761303,poultry manure|7.88|16.31|61.97
poultry manure,7.880252827,16.31,61.97,2.0,8.651972037,54.72746109,62.86835389,,,,,,,,,,0.496663152,,0.164178227,,0.729496326,Segment B: native,54.72746109,62.86835389,8.651972037,poultry manure|7.88|16.31|61.97
poultry manure,7.880252827,16.31,61.97,3.0,9.244663735,61.37015283,60.38569491,,,,,,,,,,0.436097697,,0.132241937,,0.640700351,Segment B: native,61.37015283,60.38569491,9.244663735,poultry manure|7.88|16.31|61.97
poultry manure,7.880252827,16.31,61.97,4.0,8.934463993,55.08642026,59.09523987,,,,,,,,,,0.442875282,,0.093832736,,0.681091884,Segment B: native,55.08642026,59.09523987,8.934463993,poultry manure|7.88|16.31|61.97
poultry manure,7.880252827,16.31,61.97,5.0,8.823829457,53.62670612,57.42123233,,,,,,,,,,0.42261219,,0.084767374,,0.628336527,Segment B: native,53.62670612,57.42123233,8.823829457,poultry manure|7.88|16.31|61.97
poultry manure,7.880252827,16.31,61.97,6.0,8.535918376,52.84648143,56.07690489,,,,,,,,,,0.41794949,,0.080304788,,0.522534561,Segment B: native,52.84648143,56.07690489,8.535918376,poultry manure|7.88|16.31|61.97
poultry manure,7.880252827,16.31,61.97,7.0,8.736254926,53.170347,56.42375663,,,,,,,,,,0.458007945,,0.070424281,,0.565718429,Segment B: native,53.170347,56.42375663,8.736254926,poultry manure|7.88|16.31|61.97
poultry manure,7.880252827,16.31,61.97,8.0,8.679875023,51.98245427,57.62420469,,,,,,,,,,0.356621435,,0.082311721,,0.479460639,Segment B: native,51.98245427,57.62420469,8.679875023,poultry manure|7.88|16.31|61.97
poultry manure,7.880252827,16.31,61.97,10.0,8.099197606,45.88669081,58.03537209,,,,,,,,,,0.468200468,,0.093908158,,0.249329011,Segment B: native,45.88669081,58.03537209,8.099197606,poultry manure|7.88|16.31|61.97
poultry manure,7.880252827,16.31,61.97,12.0,8.353590771,34.64408984,57.84647031,,,,,,,,,,0.398812436,,0.114566541,,0.048387711,Segment B: native,34.64408984,57.84647031,8.353590771,poultry manure|7.88|16.31|61.97
poultry manure,7.880252827,16.31,61.97,15.0,8.33363908,31.08041164,61.04,,,,,,,17.02,,,0.414725073,,0.07662996,,0.034536896,Segment B: native,31.08041164,61.04,8.33363908,poultry manure|7.88|16.31|61.97
poultry manure,7.880252827,16.31,61.97,0.0,7.880252827,31.94673114,61.97,,,,,,,16.31,,,0.310461249,,,,,Segment B: native,31.94673114,61.97,7.880252827,poultry manure|7.88|16.31|61.97
poultry manure,7.880252827,16.31,61.97,1.0,8.485541388,54.93013825,62.83104801,,,,,,,,,,0.44542349999999997,,0.070828331,,0.436566886,Segment B: native,54.93013825,62.83104801,8.485541388,poultry manure|7.88|16.31|61.97
poultry manure,7.880252827,16.31,61.97,2.0,8.360374286,64.49450792,62.10614812,,,,,,,,,,0.424639925,,0.108607376,,0.620105436,Segment B: native,64.49450792,62.10614812,8.360374286,poultry manure|7.88|16.31|61.97
poultry manure,7.880252827,16.31,61.97,3.0,8.557807582,62.89890799,58.92729318,,,,,,,,,,0.431937992,,0.116131776,,0.610497184,Segment B: native,62.89890799,58.92729318,8.557807582,poultry manure|7.88|16.31|61.97
poultry manure,7.880252827,16.31,61.97,4.0,8.192395919,58.21183253,58.4245634,,,,,,,,,,0.348491622,,0.069331719,,0.594543184,Segment B: native,58.21183253,58.4245634,8.192395919,poultry manure|7.88|16.31|61.97
poultry manure,7.880252827,16.31,61.97,5.0,8.169927351,61.20253367,56.4075092,,,,,,,,,,0.355269611,,0.089418279,,0.491026734,Segment B: native,61.20253367,56.4075092,8.169927351,poultry manure|7.88|16.31|61.97
poultry manure,7.880252827,16.31,61.97,6.0,8.14357168,57.41575717,54.74107437,,,,,,,,,,0.394028303,,0.071866007,,0.357560242,Segment B: native,57.41575717,54.74107437,8.14357168,poultry manure|7.88|16.31|61.97
poultry manure,7.880252827,16.31,61.97,7.0,8.434007486,56.63551112,54.94841949,,,,,,,,,,0.359724302,,0.098713163,,0.343129426,Segment B: native,56.63551112,54.94841949,8.434007486,poultry manure|7.88|16.31|61.97
poultry manure,7.880252827,16.31,61.97,8.0,8.402806217,59.64319842,57.56451971,,,,,,,,,,0.302018847,,0.095305449,,0.253317994,Segment B: native,59.64319842,57.56451971,8.402806217,poultry manure|7.88|16.31|61.97
poultry manure,7.880252827,16.31,61.97,10.0,8.146670938,47.55136734,58.02428028,,,,,,,,,,0.396957503,,0.094339651,,0.200598603,Segment B: native,47.55136734,58.02428028,8.146670938,poultry manure|7.88|16.31|61.97
poultry manure,7.880252827,16.31,61.97,12.0,8.242191533,40.04570919,57.98758208,,,,,,,,,,0.364230822,,0.105120899,,0.040265882,Segment B: native,40.04570919,57.98758208,8.242191533,poultry manure|7.88|16.31|61.97
poultry manure,7.880252827,16.31,61.97,15.0,8.252261054,32.81302217,60.94,,,,,,,17.21,,,0.423825437,,0.09432253,,0.01600681,Segment B: native,32.81302217,60.94,8.252261054,poultry manure|7.88|16.31|61.97
poultry manure,7.881238488,39.93,63.43,0.0,7.886078048,31.79381291,65.03,,,,,,,12.88,,,0.331521514,,,,,Segment B: native,31.79381291,65.03,7.886078048,poultry manure|7.881|39.93|63.43
poultry manure,7.881238488,39.93,63.43,1.0,8.881761303,50.2079692,65.30309315,,,,,,,,,,0.448543393,,0.087849618,,0.471846082,Segment B: native,50.2079692,65.30309315,8.881761303,poultry manure|7.881|39.93|63.43
poultry manure,7.881238488,39.93,63.43,2.0,8.651972037,54.72746109,66.31715793,,,,,,,,,,0.496663152,,0.164178227,,0.729496326,Segment B: native,54.72746109,66.31715793,8.651972037,poultry manure|7.881|39.93|63.43
poultry manure,7.881238488,39.93,63.43,3.0,9.244663735,61.37015283,66.17693429,,,,,,,,,,0.436097697,,0.132241937,,0.640700351,Segment B: native,61.37015283,66.17693429,9.244663735,poultry manure|7.881|39.93|63.43
poultry manure,7.881238488,39.93,63.43,4.0,8.934463993,55.08642026,64.75155079,,,,,,,,,,0.442875282,,0.093832736,,0.681091884,Segment B: native,55.08642026,64.75155079,8.934463993,poultry manure|7.881|39.93|63.43
poultry manure,7.881238488,39.93,63.43,5.0,8.823829457,53.62670612,61.40604339,,,,,,,,,,0.42261219,,0.084767374,,0.628336527,Segment B: native,53.62670612,61.40604339,8.823829457,poultry manure|7.881|39.93|63.43
poultry manure,7.881238488,39.93,63.43,6.0,8.535918376,52.84648143,61.32329715,,,,,,,,,,0.41794949,,0.080304788,,0.522534561,Segment B: native,52.84648143,61.32329715,8.535918376,poultry manure|7.881|39.93|63.43
poultry manure,7.881238488,39.93,63.43,7.0,8.736254926,53.170347,64.20607397,,,,,,,,,,0.458007945,,0.070424281,,0.565718429,Segment B: native,53.170347,64.20607397,8.736254926,poultry manure|7.881|39.93|63.43
poultry manure,7.881238488,39.93,63.43,8.0,8.679875023,51.98245427,62.92684545,,,,,,,,,,0.356621435,,0.082311721,,0.479460639,Segment B: native,51.98245427,62.92684545,8.679875023,poultry manure|7.881|39.93|63.43
poultry manure,7.881238488,39.93,63.43,10.0,8.099197606,45.88669081,62.40637727,,,,,,,,,,0.468200468,,0.093908158,,0.249329011,Segment B: native,45.88669081,62.40637727,8.099197606,poultry manure|7.881|39.93|63.43
poultry manure,7.881238488,39.93,63.43,12.0,8.353590771,34.64408984,62.36645682,,,,,,,,,,0.398812436,,0.114566541,,0.048387711,Segment B: native,34.64408984,62.36645682,8.353590771,poultry manure|7.881|39.93|63.43
poultry manure,7.881238488,39.93,63.43,15.0,8.33363908,31.08041164,61.04,,,,,,,17.02,,,0.414725073,,0.07662996,,0.034536896,Segment B: native,31.08041164,61.04,8.33363908,poultry manure|7.881|39.93|63.43
poultry manure,7.881238488,39.93,63.43,0.0,7.881238488,32.06561653,63.43,,,,,,,39.93,,,0.293040725,,,,,Segment B: native,32.06561653,63.43,7.881238488,poultry manure|7.881|39.93|63.43
poultry manure,7.881238488,39.93,63.43,1.0,8.826543346,53.84300568,64.17952778,,,,,,,,,,0.346880193,,0.069294029,,0.329460373,Segment B: native,53.84300568,64.17952778,8.826543346,poultry manure|7.881|39.93|63.43
poultry manure,7.881238488,39.93,63.43,2.0,8.797286836,55.27097576,65.3975596,,,,,,,,,,0.404359633,,0.106162098,,0.483557178,Segment B: native,55.27097576,65.3975596,8.797286836,poultry manure|7.881|39.93|63.43
poultry manure,7.881238488,39.93,63.43,3.0,8.940471536,57.59919853,64.91278859,,,,,,,,,,0.319093363,,0.106350396,,0.573695713,Segment B: native,57.59919853,64.91278859,8.940471536,poultry manure|7.881|39.93|63.43
poultry manure,7.881238488,39.93,63.43,4.0,8.752333399,58.21180405,64.18876665,,,,,,,,,,0.293369533,,0.088606527,,0.562056094,Segment B: native,58.21180405,64.18876665,8.752333399,poultry manure|7.881|39.93|63.43
poultry manure,7.881238488,39.93,63.43,5.0,8.885830526,53.47386264,61.71207006,,,,,,,,,,0.302487731,,0.074842238,,0.473768074,Segment B: native,53.47386264,61.71207006,8.885830526,poultry manure|7.881|39.93|63.43
poultry manure,7.881238488,39.93,63.43,6.0,8.507822001,52.96541308,61.64011587,,,,,,,,,,0.288984274,,0.084572084,,0.352230519,Segment B: native,52.96541308,61.64011587,8.507822001,poultry manure|7.881|39.93|63.43
poultry manure,7.881238488,39.93,63.43,7.0,8.327439959,53.05145806,63.31348726,,,,,,,,,,0.358684549,,0.076129951,,0.430946479,Segment B: native,53.05145806,63.31348726,8.327439959,poultry manure|7.881|39.93|63.43
poultry manure,7.881238488,39.93,63.43,8.0,8.256524472,51.79559574,62.07465227,,,,,,,,,,0.251057212,,0.075934789,,0.424383572,Segment B: native,51.79559574,62.07465227,8.256524472,poultry manure|7.881|39.93|63.43
poultry manure,7.881238488,39.93,63.43,10.0,7.916106707,37.56346117,61.86352386,,,,,,,,,,0.318954556,,0.077270417,,0.142731251,Segment B: native,37.56346117,61.86352386,7.916106707,poultry manure|7.881|39.93|63.43
poultry manure,7.881238488,39.93,63.43,12.0,8.118188186,35.08575513,61.86535341,,,,,,,,,,0.348370188,,0.091455974,,0.035949566,Segment B: native,35.08575513,61.86535341,8.118188186,poultry manure|7.881|39.93|63.43
poultry manure,7.881238488,39.93,63.43,15.0,8.184452875,31.60700422,60.69,,,,,,,17.98,,,0.358562826,,0.077061517,,0.014231981,Segment B: native,31.60700422,60.69,8.184452875,poultry manure|7.881|39.93|63.43
pig manure,7.5,8.898425197,57.84998667,0.0,7.5,21.3803509,57.84998667,,,,,,,,6.577388384,,,,,,,Segment B: native,21.3803509,57.84998667,7.5,pig manure|7.5|8.898|57.85
pig manure,7.5,8.898425197,57.84998667,2.051908231,7.31486181,28.09911392,59.03766885,,,,,,,,4.200665064,,,,,,,Segment B: native,28.09911392,59.03766885,7.31486181,pig manure|7.5|8.898|57.85
pig manure,7.5,8.898425197,57.84998667,4.086505585,7.270790333,36.96263208,59.79969452,,,,,,,,3.431970712,,,,,,,Segment B: native,36.96263208,59.79969452,7.270790333,pig manure|7.5|8.898|57.85
pig manure,7.5,8.898425197,57.84998667,6.012392761,7.306559457,37.3132389,59.55075844,,,,,,,,3.64980001,,,,,,,Segment B: native,37.3132389,59.55075844,7.306559457,pig manure|7.5|8.898|57.85
pig manure,7.5,8.898425197,57.84998667,8.989815198,7.171038838,40.89047265,59.51432469,,,,,,,,3.355524782,,,,,,,Segment B: native,40.89047265,59.51432469,7.171038838,pig manure|7.5|8.898|57.85
pig manure,7.5,8.898425197,57.84998667,11.92730101,7.241453141,40.7752484,57.58006771,,,,,,,,4.742190569,,,,,,,Segment B: native,40.7752484,57.58006771,7.241453141,pig manure|7.5|8.898|57.85
pig manure,7.5,8.898425197,57.84998667,15.95859396,6.800257309,39.57465288,53.48157008,,,,,,,,3.679763225,,,,,,,Segment B: native,39.57465288,53.48157008,6.800257309,pig manure|7.5|8.898|57.85
pig manure,7.5,8.898425197,57.84998667,19.9226831,6.669145798,41.31509541,47.39657408,,,,,,,,3.969420098,,,,,,,Segment B: native,41.31509541,47.39657408,6.669145798,pig manure|7.5|8.898|57.85
pig manure,7.5,8.898425197,57.84998667,23.96609318,6.782585362,56.1234311,46.11822154,,,,,,,,3.747542727,,,,,,,Segment B: native,56.1234311,46.11822154,6.782585362,pig manure|7.5|8.898|57.85
pig manure,7.5,8.898425197,57.84998667,28.07571869,6.552755928,56.29381453,48.63551986,,,,,,,,6.30298891,,,,,,,Segment B: native,56.29381453,48.63551986,6.552755928,pig manure|7.5|8.898|57.85
pig manure,7.5,8.898425197,57.84998667,32.03809274,6.523856478,55.95578046,45.68993555,,,,,,,,4.984719653,,,,,,,Segment B: native,55.95578046,45.68993555,6.523856478,pig manure|7.5|8.898|57.85
pig manure,7.5,8.898425197,57.84998667,36.05588291,6.555418772,55.08708551,41.3076537,,,,,,,,8.563468046,,,,,,,Segment B: native,55.08708551,41.3076537,6.555418772,pig manure|7.5|8.898|57.85
pig manure,7.5,8.898425197,57.84998667,39.97713817,6.638432856,62.62051786,38.62813445,,,,,,,,9.584059077,,,,,,,Segment B: native,62.62051786,38.62813445,6.638432856,pig manure|7.5|8.898|57.85
pig manure,7.5,8.898425197,57.84998667,44.03551419,6.701725395,50.91713151,34.95531095,,,,,,,,52.66774003,,,,,,,Segment B: native,50.91713151,34.95531095,6.701725395,pig manure|7.5|8.898|57.85
pig manure,7.5,8.898425197,57.84998667,48.03927833,6.893677516,44.01182346,31.2470315,,,,,,,,92.9374965,,,,,,,Segment B: native,44.01182346,31.2470315,6.893677516,pig manure|7.5|8.898|57.85
pig manure,7.5,8.898425197,57.84998667,50.89550525,7.002967972,48.76110654,28.05348891,,,,,,,,99.6232386,,,,,,,Segment B: native,48.76110654,28.05348891,7.002967972,pig manure|7.5|8.898|57.85
pig manure,7.5,8.898425197,57.84998667,55.0368165,6.997735656,40.02064413,22.57148648,,,,,,,,92.45767372,,,,,,,Segment B: native,40.02064413,22.57148648,6.997735656,pig manure|7.5|8.898|57.85
pig manure,7.5,9.687401575,56.98087519,0.0,7.5,22.33117081,56.98087519,,,,,,,,4.603995175,,,,,,,Segment B: native,22.33117081,56.98087519,7.5,pig manure|7.5|9.687|56.981
pig manure,7.5,9.687401575,56.98087519,1.94225814,7.445210526,25.9100226,59.74717566,,,,,,,,7.160750203,,,,,,,Segment B: native,25.9100226,59.74717566,7.445210526,pig manure|7.5|9.687|56.981
pig manure,7.5,9.687401575,56.98087519,3.936240581,7.40848027,32.71723224,59.85295334,,,,,,,,3.541511737,,,,,,,Segment B: native,32.71723224,59.85295334,7.40848027,pig manure|7.5|9.687|56.981
pig manure,7.5,9.687401575,56.98087519,5.9727759,7.413042485,37.1583,57.06762117,,,,,,,,4.16145579,,,,,,,Segment B: native,37.1583,57.06762117,7.413042485,pig manure|7.5|9.687|56.981
pig manure,7.5,9.687401575,56.98087519,8.854390166,7.322261347,39.07731706,57.40369082,,,,,,,,3.867077723,,,,,,,Segment B: native,39.07731706,57.40369082,7.322261347,pig manure|7.5|9.687|56.981
pig manure,7.5,9.687401575,56.98087519,12.07806988,7.194700777,40.00115238,56.60449585,,,,,,,,4.742134476,,,,,,,Segment B: native,40.00115238,56.60449585,7.194700777,pig manure|7.5|9.687|56.981
pig manure,7.5,9.687401575,56.98087519,16.02824928,7.170040818,37.71721754,50.98066078,,,,,,,,3.752731365,,,,,,,Segment B: native,37.71721754,50.98066078,7.170040818,pig manure|7.5|9.687|56.981
pig manure,7.5,9.687401575,56.98087519,19.85467505,7.0884755,38.70588267,46.88222922,,,,,,,,3.677080091,,,,,,,Segment B: native,38.70588267,46.88222922,7.0884755,pig manure|7.5|9.687|56.981
pig manure,7.5,9.687401575,56.98087519,23.95257102,7.193614625,42.14880964,45.86991089,,,,,,,,5.42859593,,,,,,,Segment B: native,42.14880964,45.86991089,7.193614625,pig manure|7.5|9.687|56.981
pig manure,7.5,9.687401575,56.98087519,28.00835985,7.056149774,64.7405038,46.93281012,,,,,,,,3.671741871,,,,,,,Segment B: native,64.7405038,46.93281012,7.056149774,pig manure|7.5|9.687|56.981
pig manure,7.5,9.687401575,56.98087519,32.06460411,7.042123181,64.42444968,47.16208025,,,,,,,,2.901673232,,,,,,,Segment B: native,64.42444968,47.16208025,7.042123181,pig manure|7.5|9.687|56.981
pig manure,7.5,9.687401575,56.98087519,35.94504097,7.090143441,52.61046743,44.19878558,,,,,,,,4.178134222,,,,,,,Segment B: native,52.61046743,44.19878558,7.090143441,pig manure|7.5|9.687|56.981
pig manure,7.5,9.687401575,56.98087519,40.04377027,7.149063702,64.34522683,41.66110338,,,,,,,,5.454511072,,,,,,,Segment B: native,64.34522683,41.66110338,7.149063702,pig manure|7.5|9.687|56.981
pig manure,7.5,9.687401575,56.98087519,43.99155628,7.170285293,68.71708784,40.41825525,,,,,,,,48.28237816,,,,,,,Segment B: native,68.71708784,40.41825525,7.170285293,pig manure|7.5|9.687|56.981
pig manure,7.5,9.687401575,56.98087519,47.96684203,7.273860076,69.06442095,38.83839931,,,,,,,,48.6816976,,,,,,,Segment B: native,69.06442095,38.83839931,7.273860076,pig manure|7.5|9.687|56.981
pig manure,7.5,9.687401575,56.98087519,51.02820744,7.38099735,56.74341345,35.14816055,,,,,,,,59.53350449,,,,,,,Segment B: native,56.74341345,35.14816055,7.38099735,pig manure|7.5|9.687|56.981
pig manure,7.5,9.687401575,56.98087519,54.89488959,7.390207963,42.96149404,32.36223818,,,,,,,,84.78336056,,,,,,,Segment B: native,42.96149404,32.36223818,7.390207963,pig manure|7.5|9.687|56.981
poultry manure,6.820056899,25.02070329,60.0,0.076813656,6.820056899,20.98960134,60.0,,,,,,,25.02070329,,0.533407174,0.012804878,,,,,Segment B: native,20.98960134,60.0,6.820056899,poultry manure|6.82|25.021|60.0
poultry manure,6.820056899,25.02070329,60.0,1.933725185,8.693456615,66.88475468,59.53783261,,,,,,,22.67921372,,0.68871871,0.014734889,,,,,Segment B: native,66.88475468,59.53783261,8.693456615,poultry manure|6.82|25.021|60.0
poultry manure,6.820056899,25.02070329,60.0,3.971705569,8.751778094,52.14409707,57.40575148,,,,,,,17.94920138,,0.655850875,0.014066808,,,,,Segment B: native,52.14409707,57.40575148,8.751778094,poultry manure|6.82|25.021|60.0
poultry manure,6.820056899,25.02070329,60.0,7.015748619,8.756045519,32.72930999,56.93668626,,,,,,,17.08743312,,0.629759152,0.01766702,,,,,Segment B: native,32.72930999,56.93668626,8.756045519,poultry manure|6.82|25.021|60.0
poultry manure,6.820056899,25.02070329,60.0,13.98544125,9.027738265,32.62258958,54.20349335,,,,,,,16.3567479,,0.251975447,0.014141039,,,,,Segment B: native,32.62258958,54.20349335,9.027738265,poultry manure|6.82|25.021|60.0
poultry manure,6.820056899,25.02070329,60.0,26.0471892,8.754623044,24.44996632,47.51380927,,,,,,,14.25117708,,0.032130805,0.03028632,,,,,Segment B: native,24.44996632,47.51380927,8.754623044,poultry manure|6.82|25.021|60.0
poultry manure,6.90398293,25.51680632,60.0,0.127480012,6.90398293,23.50609915,60.0,,,,,,,25.51680632,,0.518130659,0.013250265,,,,,Segment B: native,23.50609915,60.0,6.90398293,poultry manure|6.904|25.517|60.0
poultry manure,6.90398293,25.51680632,60.0,2.010676019,9.046230441,67.43257321,59.05108612,,,,,,,23.86431503,,0.814584208,0.017184517,,,,,Segment B: native,67.43257321,59.05108612,9.046230441,poultry manure|6.904|25.517|60.0
poultry manure,6.90398293,25.51680632,60.0,3.996176912,8.588193457,57.69068038,56.53427185,,,,,,,20.37454877,,0.803709134,0.016961824,,,,,Segment B: native,57.69068038,56.53427185,8.588193457,poultry manure|6.904|25.517|60.0
poultry manure,6.90398293,25.51680632,60.0,6.989792175,8.565433855,33.79070396,56.45240723,,,,,,,19.4576972,,0.784336809,0.013584305,,,,,Segment B: native,33.79070396,56.45240723,8.565433855,poultry manure|6.904|25.517|60.0
poultry manure,6.90398293,25.51680632,60.0,13.97258231,8.960881935,34.55706252,52.59927661,,,,,,,20.06829914,,0.282525325,0.016702015,,,,,Segment B: native,34.55706252,52.59927661,8.960881935,poultry manure|6.904|25.517|60.0
poultry manure,6.90398293,25.51680632,60.0,26.03467619,8.77027027,24.38146786,53.14662033,,,,,,,15.84962206,,0.029090783,0.035296925,,,,,Segment B: native,24.38146786,53.14662033,8.77027027,poultry manure|6.904|25.517|60.0
poultry manure,7.320768137,25.9853485,60.0,0.066334458,7.320768137,23.43763501,60.0,,,,,,,25.9853485,,0.525468144,0.014623542,,,,,Segment B: native,23.43763501,60.0,7.320768137,poultry manure|7.321|25.985|60.0
poultry manure,7.320768137,25.9853485,60.0,2.073247031,8.969416785,68.08309899,58.77824884,,,,,,,24.58091257,,0.999099958,0.01673913,,,,,Segment B: native,68.08309899,58.77824884,8.969416785,poultry manure|7.321|25.985|60.0
poultry manure,7.320768137,25.9853485,60.0,4.058211141,8.383357041,58.6322333,58.22263366,,,,,,,21.74341983,,0.733442839,0.017370095,,,,,Segment B: native,58.6322333,58.22263366,8.383357041,poultry manure|7.321|25.985|60.0
poultry manure,7.320768137,25.9853485,60.0,6.989076465,8.394736842,32.54099744,59.70290527,,,,,,,21.7543735,,0.75623486,0.017036055,,,,,Segment B: native,32.54099744,59.70290527,8.394736842,poultry manure|7.321|25.985|60.0
poultry manure,7.320768137,25.9853485,60.0,14.03532629,8.925320057,32.98208821,59.83057271,,,,,,,18.13904712,,0.299029349,0.017815483,,,,,Segment B: native,32.98208821,59.83057271,8.925320057,poultry manure|7.321|25.985|60.0
poultry manure,7.320768137,25.9853485,60.0,26.06029267,8.879800853,24.19316267,52.28709029,,,,,,,15.91395376,,0.041306796,0.036150583,,,,,Segment B: native,24.19316267,52.28709029,8.879800853,poultry manure|7.321|25.985|60.0
poultry manure,7.251066856,26.82134568,60.0,0.103778058,7.251066856,23.55746871,60.0,,,,,,,26.82134568,,0.517528326,0.0154772,,,,,Segment B: native,23.55746871,60.0,7.251066856,poultry manure|7.251|26.821|60.0
poultry manure,7.251066856,26.82134568,60.0,2.010777411,9.070412518,76.31739317,58.69884056,,,,,,,25.83959399,,0.809089956,0.02052492,,,,,Segment B: native,76.31739317,58.69884056,9.070412518,poultry manure|7.251|26.821|60.0
poultry manure,7.251066856,26.82134568,60.0,4.045358168,8.317923186,68.30451712,57.95076864,,,,,,,23.3878226,,0.932014684,0.020933192,,,,,Segment B: native,68.30451712,57.95076864,8.317923186,poultry manure|7.251|26.821|60.0
poultry manure,7.251066856,26.82134568,60.0,7.013875842,8.309388336,37.86504472,60.31027578,,,,,,,23.82148356,,0.793507287,0.016256628,,,,,Segment B: native,37.86504472,60.31027578,8.309388336,poultry manure|7.251|26.821|60.0
poultry manure,7.251066856,26.82134568,60.0,14.1101956,8.781650071,41.0451963,60.82488898,,,,,,,21.76786203,,0.326521876,0.01826087,,,,,Segment B: native,41.0451963,60.82488898,8.781650071,poultry manure|7.251|26.821|60.0
poultry manure,7.251066856,26.82134568,60.0,26.02166814,8.667852063,24.05618781,61.53998769,,,,,,,17.74217237,,0.103016762,0.061314952,,,,,Segment B: native,24.05618781,61.53998769,8.667852063,poultry manure|7.251|26.821|60.0
green waste,8.014161799,25.0,60.0,0.0,8.014161799,29.38798075,60.0,,,,,,,25.0,15.85102985,0.255143805,0.112193596,,,,,Segment B: native,29.38798075,60.0,8.014161799,green waste|8.014|25.0|60.0
green waste,8.014161799,25.0,60.0,9.978171636,8.238466644,52.94720078,54.53097274,,,,,,,,18.29794175,0.358904867,0.124585414,,,,,Segment B: native,52.94720078,54.53097274,8.238466644,green waste|8.014|25.0|60.0
green waste,8.014161799,25.0,60.0,19.89872244,8.264634817,38.87101128,53.50251791,,,,,,,,36.96281317,0.471957965,0.153837312,,,,,Segment B: native,38.87101128,53.50251791,8.264634817,green waste|8.014|25.0|60.0
green waste,8.014161799,25.0,60.0,30.02024822,8.508480021,28.92274184,57.66804454,,,,,,,,48.54343578,0.517450221,0.134167283,,,,,Segment B: native,28.92274184,57.66804454,8.508480021,green waste|8.014|25.0|60.0
green waste,8.014161799,25.0,60.0,40.09753135,8.643658249,25.9077473,54.6480612,,,,,,,,51.84822073,0.326189159,0.477957769,,,,,Segment B: native,25.9077473,54.6480612,8.643658249,green waste|8.014|25.0|60.0
green waste,8.014161799,25.0,60.0,49.93100864,8.327708828,26.36662075,55.18678214,,,,,,,,65.71314019,0.278373894,0.523240368,,,,,Segment B: native,26.36662075,55.18678214,8.327708828,green waste|8.014|25.0|60.0
green waste,8.014161799,25.0,60.0,60.09540903,8.122486949,26.91764281,60.0,,,,,,,,74.182015,0.178097345,0.655034784,,,,,Segment B: native,26.91764281,60.0,8.122486949,green waste|8.014|25.0|60.0
green waste,7.97130999,25.0,60.0,0.0,7.97130999,28.95863663,60.0,,,,,,,25.0,18.6248068,0.225719027,0.093122477,,,,,Segment B: native,28.95863663,60.0,7.97130999,green waste|7.971|25.0|60.0
green waste,7.97130999,25.0,60.0,10.10988152,8.291602069,48.61914078,55.00459768,,,,,,,,34.65097253,0.388910398,0.1583057,,,,,Segment B: native,48.61914078,55.00459768,8.291602069,green waste|7.971|25.0|60.0
green waste,7.97130999,25.0,60.0,19.97118097,8.466886913,39.56316898,53.13558365,,,,,,,,40.10760078,0.576299779,0.177883681,,,,,Segment B: native,39.56316898,53.13558365,8.466886913,green waste|7.971|25.0|60.0
green waste,7.97130999,25.0,60.0,29.9921437,8.532476377,29.21008773,56.6995174,,,,,,,,54.60138232,0.544164823,0.209346808,,,,,Segment B: native,29.21008773,56.6995174,8.532476377,green waste|7.971|25.0|60.0
green waste,7.97130999,25.0,60.0,40.01167078,8.610748786,26.80251162,54.50153002,,,,,,,,57.14481982,0.298700221,0.524668403,,,,,Segment B: native,26.80251162,54.50153002,8.610748786,green waste|7.971|25.0|60.0
green waste,7.97130999,25.0,60.0,50.00417903,8.249208488,26.89088495,55.10835247,,,,,,,,74.78344464,0.247787611,0.654528428,,,,,Segment B: native,26.89088495,55.10835247,8.249208488,green waste|7.971|25.0|60.0
green waste,7.97130999,25.0,60.0,59.96753683,8.027187824,27.146697,53.91368635,,,,,,,,89.77380969,0.133573009,0.846300918,,,,,Segment B: native,27.146697,53.91368635,8.027187824,green waste|7.971|25.0|60.0
green waste,7.91749133,25.0,60.0,0.0,7.91749133,29.2286302,60.0,,,,,,,25.0,20.13381981,0.214878319,0.080684667,,,,,Segment B: native,29.2286302,60.0,7.91749133,green waste|7.917|25.0|60.0
green waste,7.91749133,25.0,60.0,10.00919518,8.365646551,49.7565676,55.31893376,,,,,,,,36.53792464,0.428014381,0.133706412,,,,,Segment B: native,49.7565676,55.31893376,8.365646551,green waste|7.917|25.0|60.0
green waste,7.91749133,25.0,60.0,20.02911995,8.500481978,39.74662615,52.74517265,,,,,,,,42.39170675,0.549778761,0.198060764,,,,,Segment B: native,39.74662615,52.74517265,8.500481978,green waste|7.917|25.0|60.0
green waste,7.91749133,25.0,60.0,29.9923147,8.676452981,28.23407848,53.02711586,,,,,,,,56.0248305,0.51977323,0.182813131,,,,,Segment B: native,28.23407848,53.02711586,8.676452981,green waste|7.917|25.0|60.0
green waste,7.91749133,25.0,60.0,39.99781935,8.388957305,27.07472688,49.31728174,,,,,,,,61.84551712,0.288440265,0.563363749,,,,,Segment B: native,27.07472688,49.31728174,8.388957305,green waste|7.917|25.0|60.0
green waste,7.91749133,25.0,60.0,50.00549537,8.209786361,26.92908603,49.69378476,,,,,,,,85.7406853,0.222040929,0.733301162,,,,,Segment B: native,26.92908603,49.69378476,8.209786361,green waste|7.917|25.0|60.0
green waste,7.91749133,25.0,60.0,60.02660127,7.872240052,27.2603117,46.80561623,,,,,,,,101.4261909,0.123119469,0.872281868,,,,,Segment B: native,27.2603117,46.80561623,7.872240052,green waste|7.917|25.0|60.0
pig manure,8.039716334,28.57998688,65.0,0.0,8.039716334,29.77926831,65.0,,,,,,,28.57998688,,0.181995248,0.001527091,0.047116586,,0.0,0.002115869,Segment B: native,29.77926831,65.0,8.039716334,pig manure|8.04|28.58|65.0
pig manure,8.039716334,28.57998688,65.0,0.956585725,8.42833763,54.15354667,64.95193206,,,,,,,31.62744986,,0.270150248,0.001511778,1.838722301,,0.0,0.012896725,Segment B: native,54.15354667,64.95193206,8.42833763,pig manure|8.04|28.58|65.0
pig manure,8.039716334,28.57998688,65.0,3.061074319,8.585148291,67.6811102,60.16327288,,,,,,,31.74743976,,0.44864821,0.001671771,1.358958548,,0.0,0.030495382,Segment B: native,67.6811102,60.16327288,8.585148291,pig manure|8.04|28.58|65.0
pig manure,8.039716334,28.57998688,65.0,10.11037528,8.626403238,67.01294728,55.76523306,,,,,,,32.97289596,,0.221551905,0.001534526,2.056988137,,0.0,0.050713686,Segment B: native,67.01294728,55.76523306,8.626403238,pig manure|8.04|28.58|65.0
pig manure,8.039716334,28.57998688,65.0,17.0125092,8.747363137,62.0063987,55.81761638,,,,,,,20.55720963,,0.293505083,0.001779027,2.01258204,,0.0,0.011150294,Segment B: native,62.0063987,55.81761638,8.747363137,pig manure|8.04|28.58|65.0
pig manure,8.039716334,28.57998688,65.0,30.99337748,8.855628165,41.73624249,48.02816705,,,,,,,13.88793469,,0.156916531,0.00135763,0.552061748,,0.0,0.004769102,Segment B: native,41.73624249,48.02816705,8.855628165,pig manure|8.04|28.58|65.0
pig manure,8.039716334,28.57998688,65.0,42.00147167,7.610470729,30.10843293,44.48755568,,,,,,,14.94050766,,0.023518426,0.023331865,0.361120297,,0.0,0.00070529,Segment B: native,30.10843293,44.48755568,7.610470729,pig manure|8.04|28.58|65.0
pig manure,8.072765762,28.44239479,65.0,0.0,8.072765762,29.5219288,65.0,,,,,,,28.44239479,,0.247206707,0.001615197,0.043167099,,0.0,0.002485306,Segment B: native,29.5219288,65.0,8.072765762,pig manure|8.073|28.442|65.0
pig manure,8.072765762,28.44239479,65.0,1.0,8.027451813,52.27843779,64.71298609,,,,,,,33.00337074,,0.282700035,,2.380938491,,0.0,0.006448363,Segment B: native,52.27843779,64.71298609,8.027451813,pig manure|8.073|28.442|65.0
pig manure,8.072765762,28.44239479,65.0,3.002207506,8.366907663,65.40171114,58.9735501,,,,,,,29.50655309,,0.382892421,0.001363428,1.193932086,,0.0,0.021460957,Segment B: native,65.40171114,58.9735501,8.366907663,pig manure|8.073|28.442|65.0
pig manure,8.072765762,28.44239479,65.0,9.963208241,8.684038548,63.77762494,55.37126328,,,,,,,28.11786086,,0.319236789,0.001196778,2.143440747,,0.0,0.051620487,Segment B: native,63.77762494,55.37126328,8.684038548,pig manure|8.073|28.442|65.0
pig manure,8.072765762,28.44239479,65.0,16.98307579,8.423676859,60.82995474,56.08752993,,,,,,,17.51054215,,0.185185179,0.001984607,2.868781724,,0.0,0.011553317,Segment B: native,60.82995474,56.08752993,8.423676859,pig manure|8.073|28.442|65.0
pig manure,8.072765762,28.44239479,65.0,31.03752759,8.687650961,53.94212925,49.06684318,,,,,,,11.0378418,,0.175198255,0.002179876,0.508851327,,0.0,0.009571788,Segment B: native,53.94212925,49.06684318,8.687650961,pig manure|8.073|28.442|65.0
pig manure,8.072765762,28.44239479,65.0,42.03090508,8.11807069,33.23344758,45.46966705,,,,,,,12.87661188,,0.128293667,0.022157141,0.365023574,,0.0,0.005575147,Segment B: native,33.23344758,45.46966705,8.11807069,pig manure|8.073|28.442|65.0
food waste,6.904129155,19.71261014,60.0,0.0,6.904129155,31.84162959,60.0,,,,,,,19.71261014,,0.170786807,0.051113465,0.015041716,,,,Segment B: native,31.84162959,60.0,6.904129155,food waste|6.904|19.713|60.0
food waste,6.904129155,19.71261014,60.0,15.21454722,7.201307976,32.85528127,62.57398435,,,,,,,17.18277688,,0.422153909,0.150542559,0.011062946,,,,Segment B: native,32.85528127,62.57398435,7.201307976,food waste|6.904|19.713|60.0
food waste,6.904129155,19.71261014,60.0,30.23787708,7.30086245,34.3024307,55.38543236,,,,,,,15.47349882,,0.545844081,0.189047404,0.009810452,,,,Segment B: native,34.3024307,55.38543236,7.30086245,food waste|6.904|19.713|60.0
food waste,6.904129155,19.71261014,60.0,44.90353495,6.999561088,31.5209467,50.35377893,,,,,,,12.02628736,,0.430072876,0.515669202,0.008026131,,,,Segment B: native,31.5209467,50.35377893,6.999561088,food waste|6.904|19.713|60.0
food waste,6.904129155,19.71261014,60.0,60.20731917,6.799872846,28.93586697,44.12101318,,,,,,,10.11999909,,0.324268378,0.631252515,0.007322232,,,,Segment B: native,28.93586697,44.12101318,6.799872846,food waste|6.904|19.713|60.0
food waste,7.098785415,19.6783124,60.0,0.0,7.098785415,30.93652164,60.0,,,,,,,19.6783124,,0.14736229,0.040307535,0.019060149,,,,Segment B: native,30.93652164,60.0,7.098785415,food waste|7.099|19.678|60.0
food waste,7.098785415,19.6783124,60.0,14.89768614,7.302596422,33.46021539,62.61238475,,,,,,,18.07105177,,0.623645088,0.11987658,0.015030738,,,,Segment B: native,33.46021539,62.61238475,7.302596422,food waste|7.099|19.678|60.0
food waste,7.098785415,19.6783124,60.0,30.26457713,7.379384243,35.2723144,52.76813528,,,,,,,15.58549088,,0.410365682,0.20415897,0.010056125,,,,Segment B: native,35.2723144,52.76813528,7.379384243,food waste|7.099|19.678|60.0
food waste,7.098785415,19.6783124,60.0,44.98720134,7.279006356,31.54631289,46.92854432,,,,,,,13.0777371,,0.317759688,0.582619413,0.002093511,,,,Segment B: native,31.54631289,46.92854432,7.279006356,food waste|7.099|19.678|60.0
food waste,7.098785415,19.6783124,60.0,59.96605347,7.081299445,29.33925165,40.02813246,,,,,,,10.32474666,,0.132763262,0.755756606,0.001052016,,,,Segment B: native,29.33925165,40.02813246,7.081299445,food waste|7.099|19.678|60.0
food waste,7.160480304,21.26444561,60.0,0.0,7.160480304,32.1014522,60.0,,,,,,,21.26444561,,0.136596882,0.036231944,0.01802292,,,,Segment B: native,32.1014522,60.0,7.160480304,food waste|7.16|21.264|60.0
food waste,7.160480304,21.26444561,60.0,14.98386635,7.362972062,34.86229474,62.16845714,,,,,,,18.86308806,,0.651937523,0.125562861,0.016019209,,,,Segment B: native,34.86229474,62.16845714,7.362972062,food waste|7.16|21.264|60.0
food waste,7.160480304,21.26444561,60.0,30.24870994,7.434151734,36.74083695,50.73578898,,,,,,,15.95207776,,0.383707416,0.223309863,0.011247063,,,,Segment B: native,36.74083695,50.73578898,7.434151734,food waste|7.16|21.264|60.0
food waste,7.160480304,21.26444561,60.0,45.14725413,7.248322533,33.9919797,46.68936218,,,,,,,14.3694223,,0.204636767,0.593353096,0.003892181,,,,Segment B: native,33.9919797,46.68936218,7.248322533,food waste|7.16|21.264|60.0
food waste,7.160480304,21.26444561,60.0,60.08911634,7.095485505,30.83108631,41.3768367,,,,,,,11.25788467,,0.110415737,0.889682609,0.000411435,,,,Segment B: native,30.83108631,41.3768367,7.095485505,food waste|7.16|21.264|60.0
food waste,7.178296757,23.12642434,60.0,0.0,7.178296757,31.55741216,60.0,,,,,,,23.12642434,,0.140916326,0.033841538,0.020074776,,,,Segment B: native,31.55741216,60.0,7.178296757,food waste|7.178|23.126|60.0
food waste,7.178296757,23.12642434,60.0,15.10660745,7.373199035,35.26162949,62.52614728,,,,,,,20.35342289,,0.641172115,0.110381016,0.016999105,,,,Segment B: native,35.26162949,62.52614728,7.373199035,food waste|7.178|23.126|60.0
food waste,7.178296757,23.12642434,60.0,30.12907926,7.462195942,37.05009283,50.40532142,,,,,,,19.43735319,,0.350855739,0.240436735,0.014826561,,,,Segment B: native,37.05009283,50.40532142,7.462195942,food waste|7.178|23.126|60.0
food waste,7.178296757,23.12642434,60.0,45.18743491,7.242713602,34.58347878,46.09255978,,,,,,,17.33598567,,0.153468365,0.62966825,0.00564865,,,,Segment B: native,34.58347878,46.09255978,7.242713602,food waste|7.178|23.126|60.0
food waste,7.178296757,23.12642434,60.0,60.13149587,7.11693034,30.62234678,41.07513182,,,,,,,14.2439595,,0.104229229,0.921624378,0.001247932,,,,Segment B: native,30.62234678,41.07513182,7.11693034,food waste|7.178|23.126|60.0
cattle manure,7.5,29.09667195,59.89401428,0.0,7.5,47.36341825,59.89401428,,,,,,,29.09667195,,,,,,,,Segment B: native,47.36341825,59.89401428,7.5,cattle manure|7.5|29.097|59.894
cattle manure,7.5,29.09667195,59.89401428,4.0,7.770313533,60.13806796,61.88357711,,,,,,,24.22609614,,,,,,,,Segment B: native,60.13806796,61.88357711,7.770313533,cattle manure|7.5|29.097|59.894
cattle manure,7.5,29.09667195,59.89401428,9.0,8.235330835,44.36909672,64.31733368,,,,,,,18.72160592,,,,1.868780254,,,,Segment B: native,44.36909672,64.31733368,8.235330835,cattle manure|7.5|29.097|59.894
cattle manure,7.5,29.09667195,59.89401428,15.0,8.303831202,52.44868778,61.52366473,,,,,,,16.58742736,,,,2.11072328,,,,Segment B: native,52.44868778,61.52366473,8.303831202,cattle manure|7.5|29.097|59.894
cattle manure,7.5,29.09667195,59.89401428,22.0,8.117300638,24.6603864,60.98166796,,,,,,,14.56946646,,,,0.856904547,,,,Segment B: native,24.6603864,60.98166796,8.117300638,cattle manure|7.5|29.097|59.894
cattle manure,7.5,29.09667195,59.89401428,30.0,8.008480294,25.59361104,58.5599125,,,,,,,13.75066033,,,,0.864645541,,,,Segment B: native,25.59361104,58.5599125,8.008480294,cattle manure|7.5|29.097|59.894
cattle manure,7.5,29.09667195,59.89401428,40.0,7.891332736,27.94522633,55.53612665,,,,,,,12.39830956,,,,0.766842306,,,,Segment B: native,27.94522633,55.53612665,7.891332736,cattle manure|7.5|29.097|59.894
cattle manure,7.5,28.63180137,63.49990584,0.0,7.5,46.90565092,63.49990584,,,,,,,28.63180137,,,,,,,,Segment B: native,46.90565092,63.49990584,7.5,cattle manure|7.5|28.632|63.5
cattle manure,7.5,28.63180137,63.49990584,4.0,7.915879093,57.48006699,64.70126932,,,,,,,25.63127311,,,,2.728345314,,,,Segment B: native,57.48006699,64.70126932,7.915879093,cattle manure|7.5|28.632|63.5
cattle manure,7.5,28.63180137,63.49990584,9.0,8.317898878,51.72291604,66.9492796,,,,,,,18.04543053,,,,2.866679922,,,,Segment B: native,51.72291604,66.9492796,8.317898878,cattle manure|7.5|28.632|63.5
cattle manure,7.5,28.63180137,63.49990584,15.0,8.380353272,44.71094901,66.63805741,,,,,,,14.59587956,,,,1.996703692,,,,Segment B: native,44.71094901,66.63805741,8.380353272,cattle manure|7.5|28.632|63.5
cattle manure,7.5,28.63180137,63.49990584,22.0,8.26245007,24.36505552,66.19118213,,,,,,,13.99894348,,,,1.227194124,,,,Segment B: native,24.36505552,66.19118213,8.26245007,cattle manure|7.5|28.632|63.5
cattle manure,7.5,28.63180137,63.49990584,30.0,8.175887773,25.72654589,66.11143602,,,,,,,13.18541997,,,,1.070711648,,,,Segment B: native,25.72654589,66.11143602,8.175887773,cattle manure|7.5|28.632|63.5
cattle manure,7.5,28.63180137,63.49990584,40.0,8.079272065,32.8625479,64.65505197,,,,,,,12.54094031,,,,1.684206638,,,,Segment B: native,32.8625479,64.65505197,8.079272065,cattle manure|7.5|28.632|63.5
sewage sludge,6.772318339,24.91996503,55.0,0.0,6.772318339,35.72608891,55.0,,,,,,,24.91996503,,1.250973101,0.709962013,,,,,Segment B: native,35.72608891,55.0,6.772318339,sewage sludge|6.772|24.92|55.0
sewage sludge,6.772318339,24.91996503,55.0,3.991528185,6.078892734,64.31508638,55.02866594,,,,,,,24.16784666,,1.522898775,0.872174309,,,,,Segment B: native,64.31508638,55.02866594,6.078892734,sewage sludge|6.772|24.92|55.0
sewage sludge,6.772318339,24.91996503,55.0,11.92896709,8.477508651,57.03158155,54.27887768,,,,,,,22.27677286,,0.686220548,0.702081383,,,,,Segment B: native,57.03158155,54.27887768,8.477508651,sewage sludge|6.772|24.92|55.0
sewage sludge,6.772318339,24.91996503,55.0,19.95764093,8.210380623,46.3497477,53.00086258,,,,,,,17.56658067,,0.777954557,0.515671208,,,,,Segment B: native,46.3497477,53.00086258,8.210380623,sewage sludge|6.772|24.92|55.0
sewage sludge,6.772318339,24.91996503,55.0,24.95275334,8.251903114,30.35952777,52.17542578,,,,,,,16.19685027,,0.490882023,0.471668915,,,,,Segment B: native,30.35952777,52.17542578,8.251903114,sewage sludge|6.772|24.92|55.0
sewage sludge,6.772318339,24.91996503,55.0,34.9657869,7.90449827,30.90968425,50.43670043,,,,,,,16.64845631,,0.409102416,0.67705337,,,,,Segment B: native,30.90968425,50.43670043,7.90449827,sewage sludge|6.772|24.92|55.0
sewage sludge,6.901038062,21.60244067,55.0,0.0,6.901038062,39.30630389,55.0,,,,,,,21.60244067,,1.42435879,0.692802532,,,,,Segment B: native,39.30630389,55.0,6.901038062,sewage sludge|6.901|21.602|55.0
sewage sludge,6.901038062,21.60244067,55.0,4.082763115,6.278200692,64.60587495,54.17300927,,,,,,,18.5518612,,1.699940505,0.836447777,,,,,Segment B: native,64.60587495,54.17300927,6.278200692,sewage sludge|6.901|21.602|55.0
sewage sludge,6.901038062,21.60244067,55.0,11.96318019,8.588235294,60.64817836,52.77394671,,,,,,,16.21449045,,0.42432207,0.656229644,,,,,Segment B: native,60.64817836,52.77394671,8.588235294,sewage sludge|6.901|21.602|55.0
sewage sludge,6.901038062,21.60244067,55.0,19.96904529,8.285121107,47.05854556,54.45359703,,,,,,,14.01846115,,0.325823005,0.560677965,,,,,Segment B: native,47.05854556,54.45359703,8.285121107,sewage sludge|6.901|21.602|55.0
sewage sludge,6.901038062,21.60244067,55.0,24.88432714,8.28650519,30.61395187,55.17321129,,,,,,,13.12478367,,0.279446877,0.507113602,,,,,Segment B: native,30.61395187,55.17321129,8.28650519,sewage sludge|6.901|21.602|55.0
sewage sludge,6.901038062,21.60244067,55.0,34.95438254,7.612456747,32.49080733,52.48754065,,,,,,,12.09615742,,0.213770137,0.605604981,,,,,Segment B: native,32.49080733,52.48754065,7.612456747,sewage sludge|6.901|21.602|55.0
sewage sludge,6.772318339,24.91996503,55.0,0.0,6.772318339,35.72608891,55.0,,,,,,,24.91996503,,1.250973101,0.709962013,,,,,Segment B: native,35.72608891,55.0,6.772318339,sewage sludge|6.772|24.92|55.0
sewage sludge,6.772318339,24.91996503,55.0,3.991528185,6.078892734,64.31508638,55.13489434,,,,,,,24.16784666,,1.522898775,0.872174309,,,,,Segment B: native,64.31508638,55.13489434,6.078892734,sewage sludge|6.772|24.92|55.0
sewage sludge,6.772318339,24.91996503,55.0,11.92896709,8.477508651,57.03158155,54.370754,,,,,,,22.27677286,,0.686220548,0.702081383,,,,,Segment B: native,57.03158155,54.370754,8.477508651,sewage sludge|6.772|24.92|55.0
sewage sludge,6.772318339,24.91996503,55.0,19.95764093,8.210380623,46.3497477,53.07182621,,,,,,,17.56658067,,0.777954557,0.515671208,,,,,Segment B: native,46.3497477,53.07182621,8.210380623,sewage sludge|6.772|24.92|55.0
sewage sludge,6.772318339,24.91996503,55.0,24.95275334,8.251903114,30.35952777,52.57903487,,,,,,,16.19685027,,0.490882023,0.471668915,,,,,Segment B: native,30.35952777,52.57903487,8.251903114,sewage sludge|6.772|24.92|55.0
sewage sludge,6.772318339,24.91996503,55.0,34.9657869,7.90449827,30.90968425,50.51353864,,,,,,,16.64845631,,0.409102416,0.67705337,,,,,Segment B: native,30.90968425,50.51353864,7.90449827,sewage sludge|6.772|24.92|55.0
sewage sludge,6.710034602,26.37045554,55.0,0.0,6.710034602,39.7969843,55.0,,,,,,,26.37045554,,1.216590024,0.581410127,,,,,Segment B: native,39.7969843,55.0,6.710034602,sewage sludge|6.71|26.37|55.0
sewage sludge,6.710034602,26.37045554,55.0,4.082763115,6.235294118,56.37296771,56.60004773,,,,,,,24.98606601,,1.309268194,0.75909194,,,,,Segment B: native,56.37296771,56.60004773,6.235294118,sewage sludge|6.71|26.37|55.0
sewage sludge,6.710034602,26.37045554,55.0,12.04301075,8.229757785,58.23103091,59.60449187,,,,,,,21.94949979,,0.397975566,0.466354301,,,,,Segment B: native,58.23103091,59.60449187,8.229757785,sewage sludge|6.71|26.37|55.0
sewage sludge,6.710034602,26.37045554,55.0,19.98044966,7.856055363,43.35100577,57.32292512,,,,,,,17.52193843,,0.251934385,0.396402022,,,,,Segment B: native,43.35100577,57.32292512,7.856055363,sewage sludge|6.71|26.37|55.0
sewage sludge,6.710034602,26.37045554,55.0,24.98696644,7.756401384,34.24875693,53.57820119,,,,,,,16.53900961,,0.48429572,0.295296782,,,,,Segment B: native,34.24875693,53.57820119,7.756401384,sewage sludge|6.71|26.37|55.0
sewage sludge,6.710034602,26.37045554,55.0,34.9657869,7.593079585,33.18141428,49.6437859,,,,,,,16.98319144,,0.326431412,0.391258715,,,,,Segment B: native,33.18141428,49.6437859,7.593079585,sewage sludge|6.71|26.37|55.0
sewage sludge,7.323329111,25.26815599,63.18385693,0.0,7.323329111,34.72460559,63.18385693,,,,,,,25.26815599,1.758021691,,,,,,,Segment B: native,34.72460559,63.18385693,7.323329111,sewage sludge|7.323|25.268|63.184
sewage sludge,7.323329111,25.26815599,63.18385693,1.0,8.051853356,68.35316911,60.92274498,,,,,,,26.27569157,21.91986714,,,,,,,Segment B: native,68.35316911,60.92274498,8.051853356,sewage sludge|7.323|25.268|63.184
sewage sludge,7.323329111,25.26815599,63.18385693,3.0,8.371075182,81.35621367,56.6931174,,,,,,,21.71663328,45.66088477,,,,,,,Segment B: native,81.35621367,56.6931174,8.371075182,sewage sludge|7.323|25.268|63.184
sewage sludge,7.323329111,25.26815599,63.18385693,6.0,8.462863442,76.64821478,52.99911811,,,,,,,18.7115987,63.29700362,,,,,,,Segment B: native,76.64821478,52.99911811,8.462863442,sewage sludge|7.323|25.268|63.184
sewage sludge,7.323329111,25.26815599,63.18385693,10.0,8.419962405,57.19346803,48.4808842,,,,,,,15.60503538,80.03451524,,,,,,,Segment B: native,57.19346803,48.4808842,8.419962405,sewage sludge|7.323|25.268|63.184
sewage sludge,7.323329111,25.26815599,63.18385693,15.0,8.359469407,39.20841406,44.51106726,,,,,,,14.43292414,99.19418413,,,,,,,Segment B: native,39.20841406,44.51106726,8.359469407,sewage sludge|7.323|25.268|63.184
sewage sludge,7.323329111,25.26815599,63.18385693,21.0,8.309883213,30.53971769,35.86466826,,,,,,,13.8557988,105.8001614,,,,,,,Segment B: native,30.53971769,35.86466826,8.309883213,sewage sludge|7.323|25.268|63.184
sewage sludge,7.450272732,25.70213984,65.39600678,0.0,7.450272732,34.05203432,65.39600678,,,,,,,25.70213984,1.415233657,,,,,,,Segment B: native,34.05203432,65.39600678,7.450272732,sewage sludge|7.45|25.702|65.396
sewage sludge,7.450272732,25.70213984,65.39600678,1.0,8.12853594,72.38859673,62.01612532,,,,,,,26.59180733,22.04843135,,,,,,,Segment B: native,72.38859673,62.01612532,8.12853594,sewage sludge|7.45|25.702|65.396
sewage sludge,7.450272732,25.70213984,65.39600678,3.0,8.469520532,84.4948796,56.34969571,,,,,,,20.81113492,53.37380448,,,,,,,Segment B: native,84.4948796,56.34969571,8.469520532,sewage sludge|7.45|25.702|65.396
sewage sludge,7.450272732,25.70213984,65.39600678,6.0,8.541619303,79.78688071,51.57516122,,,,,,,17.38819611,69.66018019,,,,,,,Segment B: native,79.78688071,51.57516122,8.541619303,sewage sludge|7.45|25.702|65.396
sewage sludge,7.450272732,25.70213984,65.39600678,10.0,8.477992508,65.88707445,46.73903592,,,,,,,14.94065471,86.8476075,,,,,,,Segment B: native,65.88707445,46.73903592,8.477992508,sewage sludge|7.45|25.702|65.396
sewage sludge,7.450272732,25.70213984,65.39600678,15.0,8.394702814,41.89869914,43.49401434,,,,,,,13.5006472,100.543947,,,,,,,Segment B: native,41.89869914,43.49401434,8.394702814,sewage sludge|7.45|25.702|65.396
sewage sludge,7.450272732,25.70213984,65.39600678,21.0,8.271022987,31.13755882,34.46620404,,,,,,,12.32880411,110.2993498,,,,,,,Segment B: native,31.13755882,34.46620404,8.271022987,sewage sludge|7.45|25.702|65.396
poultry manure,7.651529035,7.450698786,60.0,0.0,7.651529035,26.02428666,60.0,,,,,,,,23.88919648,,,,,,,Segment B: native,26.02428666,60.0,7.651529035,poultry manure|7.652|7.451|60.0
poultry manure,7.651529035,7.450698786,60.0,3.0,8.738808128,54.56929826,57.70026756,,,,,,,,49.81421744,,,,,,,Segment B: native,54.56929826,57.70026756,8.738808128,poultry manure|7.652|7.451|60.0
poultry manure,7.651529035,7.450698786,60.0,7.0,8.721905417,35.65168025,59.14337347,,,,,,,,73.82868187,,,,,,,Segment B: native,35.65168025,59.14337347,8.721905417,poultry manure|7.652|7.451|60.0
poultry manure,7.651529035,7.450698786,60.0,12.0,8.852274517,37.04554024,55.28985641,,,,,,,,78.56579465,,,,,,,Segment B: native,37.04554024,55.28985641,8.852274517,poultry manure|7.652|7.451|60.0
poultry manure,7.651529035,7.450698786,60.0,20.0,8.919652727,29.25941705,48.81223606,,,,,,,,92.33909132,,,,,,,Segment B: native,29.25941705,48.81223606,8.919652727,poultry manure|7.652|7.451|60.0
poultry manure,7.651529035,7.450698786,60.0,28.0,8.652333982,28.23268415,45.8723059,,,,,,,,87.73021403,,,,,,,Segment B: native,28.23268415,45.8723059,8.652333982,poultry manure|7.652|7.451|60.0
poultry manure,7.651529035,7.450698786,60.0,36.0,8.770235262,24.358189,41.32817865,,,,,,,,90.48535676,,,,,,,Segment B: native,24.358189,41.32817865,8.770235262,poultry manure|7.652|7.451|60.0
poultry manure,7.963663419,9.993439574,60.0,0.0,7.963663419,25.8769871,60.0,,,,,,,,20.12348652,,,,,,,Segment B: native,25.8769871,60.0,7.963663419,poultry manure|7.964|9.993|60.0
poultry manure,7.963663419,9.993439574,60.0,3.0,8.818204259,51.96697691,56.22329242,,,,,,,,53.46842296,,,,,,,Segment B: native,51.96697691,56.22329242,8.818204259,poultry manure|7.964|9.993|60.0
poultry manure,7.963663419,9.993439574,60.0,7.0,8.734536837,37.43563831,59.1900186,,,,,,,,73.21495982,,,,,,,Segment B: native,37.43563831,59.1900186,8.734536837,poultry manure|7.964|9.993|60.0
poultry manure,7.963663419,9.993439574,60.0,12.0,8.884740394,38.07664687,57.45087853,,,,,,,,84.36774088,,,,,,,Segment B: native,38.07664687,57.45087853,8.884740394,poultry manure|7.964|9.993|60.0
poultry manure,7.963663419,9.993439574,60.0,20.0,9.034218484,28.8502581,51.0335326,,,,,,,,96.8579397,,,,,,,Segment B: native,28.8502581,51.0335326,9.034218484,poultry manure|7.964|9.993|60.0
poultry manure,7.963663419,9.993439574,60.0,28.0,8.953643796,28.13448769,45.95582156,,,,,,,,83.88083097,,,,,,,Segment B: native,28.13448769,45.95582156,8.953643796,poultry manure|7.964|9.993|60.0
poultry manure,7.963663419,9.993439574,60.0,36.0,8.944344418,24.68552135,46.65117774,,,,,,,,87.2775092,,,,,,,Segment B: native,24.68552135,46.65117774,8.944344418,poultry manure|7.964|9.993|60.0
